SET session_replication_role = replica;

-- Clear existing data
TRUNCATE TABLE places, hotels, destinations CASCADE;

-- Insert destinations
INSERT INTO destinations (destination_id, name, state) VALUES (1, 'Visakhapatnam', 'Andhra Pradesh');
INSERT INTO destinations (destination_id, name, state) VALUES (2, 'Vijayawada', 'Andhra Pradesh');
INSERT INTO destinations (destination_id, name, state) VALUES (3, 'Tirupati', 'Andhra Pradesh');
INSERT INTO destinations (destination_id, name, state) VALUES (4, 'Kurnool', 'Andhra Pradesh');
INSERT INTO destinations (destination_id, name, state) VALUES (5, 'Rajahmundry', 'Andhra Pradesh');
INSERT INTO destinations (destination_id, name, state) VALUES (6, 'Guntur', 'Andhra Pradesh');
INSERT INTO destinations (destination_id, name, state) VALUES (7, 'Nellore', 'Andhra Pradesh');
INSERT INTO destinations (destination_id, name, state) VALUES (8, 'Ongole', 'Andhra Pradesh');
INSERT INTO destinations (destination_id, name, state) VALUES (9, 'Eluru', 'Andhra Pradesh');
INSERT INTO destinations (destination_id, name, state) VALUES (10, 'Srikakulam', 'Andhra Pradesh');
INSERT INTO destinations (destination_id, name, state) VALUES (11, 'Kakinada', 'Andhra Pradesh');
INSERT INTO destinations (destination_id, name, state) VALUES (12, 'Anantapur', 'Andhra Pradesh');
INSERT INTO destinations (destination_id, name, state) VALUES (13, 'Kadapa', 'Andhra Pradesh');
INSERT INTO destinations (destination_id, name, state) VALUES (14, 'Chittoor', 'Andhra Pradesh');
INSERT INTO destinations (destination_id, name, state) VALUES (15, 'Vizianagaram', 'Andhra Pradesh');
INSERT INTO destinations (destination_id, name, state) VALUES (16, 'Machilipatnam', 'Andhra Pradesh');
INSERT INTO destinations (destination_id, name, state) VALUES (17, 'Nandyal', 'Andhra Pradesh');
INSERT INTO destinations (destination_id, name, state) VALUES (18, 'Proddatur', 'Andhra Pradesh');
INSERT INTO destinations (destination_id, name, state) VALUES (19, 'Tenali', 'Andhra Pradesh');
INSERT INTO destinations (destination_id, name, state) VALUES (20, 'Amaravati', 'Andhra Pradesh');
INSERT INTO destinations (destination_id, name, state) VALUES (21, 'Panaji', 'Goa');
INSERT INTO destinations (destination_id, name, state) VALUES (22, 'Calangute', 'Goa');
INSERT INTO destinations (destination_id, name, state) VALUES (23, 'Candolim', 'Goa');
INSERT INTO destinations (destination_id, name, state) VALUES (24, 'Mapusa', 'Goa');
INSERT INTO destinations (destination_id, name, state) VALUES (25, 'Morjim', 'Goa');
INSERT INTO destinations (destination_id, name, state) VALUES (26, 'Arambol', 'Goa');
INSERT INTO destinations (destination_id, name, state) VALUES (27, 'Baga', 'Goa');
INSERT INTO destinations (destination_id, name, state) VALUES (28, 'Anjuna', 'Goa');
INSERT INTO destinations (destination_id, name, state) VALUES (29, 'Vagator', 'Goa');
INSERT INTO destinations (destination_id, name, state) VALUES (30, 'Old Goa', 'Goa');
INSERT INTO destinations (destination_id, name, state) VALUES (31, 'Margao', 'Goa');
INSERT INTO destinations (destination_id, name, state) VALUES (32, 'Colva', 'Goa');
INSERT INTO destinations (destination_id, name, state) VALUES (33, 'Benaulim', 'Goa');
INSERT INTO destinations (destination_id, name, state) VALUES (34, 'Canacona', 'Goa');
INSERT INTO destinations (destination_id, name, state) VALUES (35, 'Quepem', 'Goa');
INSERT INTO destinations (destination_id, name, state) VALUES (36, 'Pernem', 'Goa');
INSERT INTO destinations (destination_id, name, state) VALUES (37, 'Bardez', 'Goa');
INSERT INTO destinations (destination_id, name, state) VALUES (38, 'Tiswadi', 'Goa');
INSERT INTO destinations (destination_id, name, state) VALUES (39, 'Salcete', 'Goa');
INSERT INTO destinations (destination_id, name, state) VALUES (40, 'Sanguem', 'Goa');
INSERT INTO destinations (destination_id, name, state) VALUES (41, 'Vasco da Gama', 'Goa');
INSERT INTO destinations (destination_id, name, state) VALUES (42, 'Ponda', 'Goa');

-- Insert hotels
INSERT INTO hotels (hotel_id, destination_id, name, price_per_night, rating, latitude, longitude) VALUES (1, 1, 'Novotel Visakhapatnam Varun Beach', 9000, 4.6, 17.712300, 83.318900);
INSERT INTO hotels (hotel_id, destination_id, name, price_per_night, rating, latitude, longitude) VALUES (2, 1, 'The Park Visakhapatnam', 8500, 4.5, 17.711900, 83.319800);
INSERT INTO hotels (hotel_id, destination_id, name, price_per_night, rating, latitude, longitude) VALUES (3, 1, 'Ramada by Wyndham Vizag', 7500, 4.4, 17.726800, 83.305300);
INSERT INTO hotels (hotel_id, destination_id, name, price_per_night, rating, latitude, longitude) VALUES (4, 1, 'Four Points by Sheraton', 6000, 4.3, 17.716900, 83.301200);
INSERT INTO hotels (hotel_id, destination_id, name, price_per_night, rating, latitude, longitude) VALUES (5, 1, 'Keys Select Hotel', 4200, 4.1, 17.733200, 83.316400);
INSERT INTO hotels (hotel_id, destination_id, name, price_per_night, rating, latitude, longitude) VALUES (6, 1, 'Dolphin Hotel', 4800, 4.2, 17.724600, 83.305100);
INSERT INTO hotels (hotel_id, destination_id, name, price_per_night, rating, latitude, longitude) VALUES (7, 1, 'Hotel Daspalla', 8200, 4.5, 17.712900, 83.300600);
INSERT INTO hotels (hotel_id, destination_id, name, price_per_night, rating, latitude, longitude) VALUES (8, 1, 'Treebo Trend MVP Grand', 2200, 3.9, 17.739800, 83.318200);
INSERT INTO hotels (hotel_id, destination_id, name, price_per_night, rating, latitude, longitude) VALUES (9, 1, 'Hotel Meghalaya', 2000, 3.8, 17.712400, 83.305700);
INSERT INTO hotels (hotel_id, destination_id, name, price_per_night, rating, latitude, longitude) VALUES (10, 1, 'OYO Townhouse Vizag', 1800, 3.7, 17.721100, 83.309800);
INSERT INTO hotels (hotel_id, destination_id, name, price_per_night, rating, latitude, longitude) VALUES (11, 2, 'Novotel Vijayawada Varun', 8800, 4.6, 16.506200, 80.628900);
INSERT INTO hotels (hotel_id, destination_id, name, price_per_night, rating, latitude, longitude) VALUES (12, 2, 'Hyatt Place Vijayawada', 9200, 4.7, 16.497900, 80.664300);
INSERT INTO hotels (hotel_id, destination_id, name, price_per_night, rating, latitude, longitude) VALUES (13, 2, 'Quality Hotel DV Manor', 5500, 4.4, 16.511300, 80.624700);
INSERT INTO hotels (hotel_id, destination_id, name, price_per_night, rating, latitude, longitude) VALUES (14, 2, 'Hotel Ilapuram', 4500, 4.1, 16.509600, 80.623800);
INSERT INTO hotels (hotel_id, destination_id, name, price_per_night, rating, latitude, longitude) VALUES (15, 2, 'Hotel Aira', 7800, 4.5, 16.507200, 80.651300);
INSERT INTO hotels (hotel_id, destination_id, name, price_per_night, rating, latitude, longitude) VALUES (16, 2, 'Treebo Trend Kosala', 2100, 3.8, 16.512800, 80.621900);
INSERT INTO hotels (hotel_id, destination_id, name, price_per_night, rating, latitude, longitude) VALUES (17, 2, 'Hotel Southern Grand', 4800, 4.0, 16.504100, 80.623200);
INSERT INTO hotels (hotel_id, destination_id, name, price_per_night, rating, latitude, longitude) VALUES (18, 2, 'OYO Capital O', 1900, 3.7, 16.506600, 80.620500);
INSERT INTO hotels (hotel_id, destination_id, name, price_per_night, rating, latitude, longitude) VALUES (19, 2, 'Hotel Midcity', 1700, 3.6, 16.512100, 80.629900);
INSERT INTO hotels (hotel_id, destination_id, name, price_per_night, rating, latitude, longitude) VALUES (20, 2, 'Hotel City Central', 1600, 3.5, 16.510200, 80.624100);
INSERT INTO hotels (hotel_id, destination_id, name, price_per_night, rating, latitude, longitude) VALUES (21, 3, 'Taj Tirupati', 9500, 4.7, 13.635600, 79.415300);
INSERT INTO hotels (hotel_id, destination_id, name, price_per_night, rating, latitude, longitude) VALUES (22, 3, 'Marasa Sarovar Premiere', 8200, 4.6, 13.626900, 79.419800);
INSERT INTO hotels (hotel_id, destination_id, name, price_per_night, rating, latitude, longitude) VALUES (23, 3, 'Minerva Grand', 5200, 4.3, 13.630200, 79.417500);
INSERT INTO hotels (hotel_id, destination_id, name, price_per_night, rating, latitude, longitude) VALUES (24, 3, 'Hotel Bliss', 4600, 4.2, 13.625400, 79.420900);
INSERT INTO hotels (hotel_id, destination_id, name, price_per_night, rating, latitude, longitude) VALUES (25, 3, 'Ramee Guestline', 7800, 4.4, 13.628700, 79.414900);
INSERT INTO hotels (hotel_id, destination_id, name, price_per_night, rating, latitude, longitude) VALUES (26, 3, 'Treebo Trend Seven Hills', 2300, 3.8, 13.630800, 79.419200);
INSERT INTO hotels (hotel_id, destination_id, name, price_per_night, rating, latitude, longitude) VALUES (27, 3, 'Hotel Bhimas', 2400, 3.9, 13.628100, 79.417800);
INSERT INTO hotels (hotel_id, destination_id, name, price_per_night, rating, latitude, longitude) VALUES (28, 3, 'Hotel PLR Grand', 2100, 3.7, 13.628900, 79.416300);
INSERT INTO hotels (hotel_id, destination_id, name, price_per_night, rating, latitude, longitude) VALUES (29, 3, 'Hotel Harsha Residency', 1900, 3.6, 13.629600, 79.418900);
INSERT INTO hotels (hotel_id, destination_id, name, price_per_night, rating, latitude, longitude) VALUES (30, 3, 'Hotel Renigunta', 1700, 3.5, 13.646300, 79.504100);
INSERT INTO hotels (hotel_id, destination_id, name, price_per_night, rating, latitude, longitude) VALUES (31, 4, 'Trident Hotel Kurnool', 4200, 4.1, 15.828700, 78.038200);
INSERT INTO hotels (hotel_id, destination_id, name, price_per_night, rating, latitude, longitude) VALUES (32, 4, 'Hotel DVR Mansion', 3800, 4.0, 15.830900, 78.042500);
INSERT INTO hotels (hotel_id, destination_id, name, price_per_night, rating, latitude, longitude) VALUES (33, 4, 'Hotel Mourya Inn', 4000, 4.1, 15.831800, 78.040700);
INSERT INTO hotels (hotel_id, destination_id, name, price_per_night, rating, latitude, longitude) VALUES (34, 4, 'Hotel Athidhi Regency', 2200, 3.8, 15.829400, 78.039100);
INSERT INTO hotels (hotel_id, destination_id, name, price_per_night, rating, latitude, longitude) VALUES (35, 4, 'Hotel Eesha Residency', 2000, 3.7, 15.827900, 78.041300);
INSERT INTO hotels (hotel_id, destination_id, name, price_per_night, rating, latitude, longitude) VALUES (36, 4, 'Hotel Rajavihar', 6500, 4.4, 15.825600, 78.037900);
INSERT INTO hotels (hotel_id, destination_id, name, price_per_night, rating, latitude, longitude) VALUES (37, 4, 'Hotel Akshaya', 1800, 3.6, 15.826700, 78.038600);
INSERT INTO hotels (hotel_id, destination_id, name, price_per_night, rating, latitude, longitude) VALUES (38, 4, 'OYO Townhouse Kurnool', 1700, 3.5, 15.829800, 78.040900);
INSERT INTO hotels (hotel_id, destination_id, name, price_per_night, rating, latitude, longitude) VALUES (39, 4, 'Hotel Sai Teja', 1600, 3.4, 15.828300, 78.041800);
INSERT INTO hotels (hotel_id, destination_id, name, price_per_night, rating, latitude, longitude) VALUES (40, 4, 'Hotel Central Plaza', 3900, 4.0, 15.830100, 78.039500);
INSERT INTO hotels (hotel_id, destination_id, name, price_per_night, rating, latitude, longitude) VALUES (41, 5, 'River Bay Resort', 8800, 4.5, 17.003900, 81.786600);
INSERT INTO hotels (hotel_id, destination_id, name, price_per_night, rating, latitude, longitude) VALUES (42, 5, 'Hotel Anand Regency', 4200, 4.1, 17.004200, 81.789300);
INSERT INTO hotels (hotel_id, destination_id, name, price_per_night, rating, latitude, longitude) VALUES (43, 5, 'Manjeera Sarovar Premiere', 9000, 4.6, 16.999800, 81.790900);
INSERT INTO hotels (hotel_id, destination_id, name, price_per_night, rating, latitude, longitude) VALUES (44, 5, 'Hotel Shelton', 3800, 4.0, 17.006400, 81.792100);
INSERT INTO hotels (hotel_id, destination_id, name, price_per_night, rating, latitude, longitude) VALUES (45, 5, 'Hotel La Hospin', 2200, 3.8, 17.005800, 81.791700);
INSERT INTO hotels (hotel_id, destination_id, name, price_per_night, rating, latitude, longitude) VALUES (46, 5, 'OYO River View', 1900, 3.6, 17.002600, 81.785200);
INSERT INTO hotels (hotel_id, destination_id, name, price_per_night, rating, latitude, longitude) VALUES (47, 5, 'Hotel Royal Fort', 2000, 3.7, 17.004900, 81.789900);
INSERT INTO hotels (hotel_id, destination_id, name, price_per_night, rating, latitude, longitude) VALUES (48, 5, 'Hotel Akshaya', 1800, 3.5, 17.003300, 81.788800);
INSERT INTO hotels (hotel_id, destination_id, name, price_per_night, rating, latitude, longitude) VALUES (49, 5, 'Hotel Pushkar', 1700, 3.6, 17.006900, 81.792500);
INSERT INTO hotels (hotel_id, destination_id, name, price_per_night, rating, latitude, longitude) VALUES (50, 5, 'Hotel Jetty Grand', 4100, 4.0, 17.007400, 81.794200);
INSERT INTO hotels (hotel_id, destination_id, name, price_per_night, rating, latitude, longitude) VALUES (51, 6, 'The Capital Hotel', 7200, 4.4, 16.306500, 80.436900);
INSERT INTO hotels (hotel_id, destination_id, name, price_per_night, rating, latitude, longitude) VALUES (52, 6, 'Hotel Geetha Regency', 4200, 4.1, 16.308800, 80.437500);
INSERT INTO hotels (hotel_id, destination_id, name, price_per_night, rating, latitude, longitude) VALUES (53, 6, 'Hotel Siddhartha Grand', 4500, 4.2, 16.305900, 80.438200);
INSERT INTO hotels (hotel_id, destination_id, name, price_per_night, rating, latitude, longitude) VALUES (54, 6, 'Hotel Swarna Palace', 3900, 4.0, 16.309700, 80.435600);
INSERT INTO hotels (hotel_id, destination_id, name, price_per_night, rating, latitude, longitude) VALUES (55, 6, 'Hotel Karthikeya Grand', 6800, 4.3, 16.304300, 80.439100);
INSERT INTO hotels (hotel_id, destination_id, name, price_per_night, rating, latitude, longitude) VALUES (56, 6, 'Treebo Trend Empire', 2200, 3.8, 16.307400, 80.434800);
INSERT INTO hotels (hotel_id, destination_id, name, price_per_night, rating, latitude, longitude) VALUES (57, 6, 'Hotel V Royal', 2000, 3.7, 16.310100, 80.436200);
INSERT INTO hotels (hotel_id, destination_id, name, price_per_night, rating, latitude, longitude) VALUES (58, 6, 'Hotel Mourya Inn', 1900, 3.6, 16.308200, 80.435100);
INSERT INTO hotels (hotel_id, destination_id, name, price_per_night, rating, latitude, longitude) VALUES (59, 6, 'OYO Flagship Guntur', 1700, 3.5, 16.306800, 80.437900);
INSERT INTO hotels (hotel_id, destination_id, name, price_per_night, rating, latitude, longitude) VALUES (60, 6, 'Hotel Surya Grand', 4100, 4.0, 16.305200, 80.440300);
INSERT INTO hotels (hotel_id, destination_id, name, price_per_night, rating, latitude, longitude) VALUES (61, 7, 'Hotel Minerva Grand Nellore', 7600, 4.5, 14.442900, 79.986800);
INSERT INTO hotels (hotel_id, destination_id, name, price_per_night, rating, latitude, longitude) VALUES (62, 7, 'Hotel DR Utthama', 4200, 4.1, 14.443600, 79.987300);
INSERT INTO hotels (hotel_id, destination_id, name, price_per_night, rating, latitude, longitude) VALUES (63, 7, 'Hotel Blue Moon', 3900, 4.0, 14.440200, 79.985900);
INSERT INTO hotels (hotel_id, destination_id, name, price_per_night, rating, latitude, longitude) VALUES (64, 7, 'Hotel Sree Lakshmi Residency', 2200, 3.8, 14.444100, 79.984500);
INSERT INTO hotels (hotel_id, destination_id, name, price_per_night, rating, latitude, longitude) VALUES (65, 7, 'Hotel City Pride', 2000, 3.7, 14.441700, 79.988200);
INSERT INTO hotels (hotel_id, destination_id, name, price_per_night, rating, latitude, longitude) VALUES (66, 7, 'OYO Townhouse Nellore', 1800, 3.6, 14.442500, 79.989100);
INSERT INTO hotels (hotel_id, destination_id, name, price_per_night, rating, latitude, longitude) VALUES (67, 7, 'Hotel Kalpana Residency', 1700, 3.5, 14.440900, 79.987600);
INSERT INTO hotels (hotel_id, destination_id, name, price_per_night, rating, latitude, longitude) VALUES (68, 7, 'Hotel RRR Grand', 4100, 4.0, 14.443900, 79.986200);
INSERT INTO hotels (hotel_id, destination_id, name, price_per_night, rating, latitude, longitude) VALUES (69, 7, 'Hotel Mourya Inn Nellore', 4300, 4.2, 14.445300, 79.985300);
INSERT INTO hotels (hotel_id, destination_id, name, price_per_night, rating, latitude, longitude) VALUES (70, 7, 'Hotel Sai International', 1600, 3.4, 14.441200, 79.984100);
INSERT INTO hotels (hotel_id, destination_id, name, price_per_night, rating, latitude, longitude) VALUES (71, 8, 'Hotel Kaveri Grand', 7000, 4.4, 15.505600, 80.048800);
INSERT INTO hotels (hotel_id, destination_id, name, price_per_night, rating, latitude, longitude) VALUES (72, 8, 'Hotel Vikram Deluxe', 4200, 4.1, 15.506900, 80.047200);
INSERT INTO hotels (hotel_id, destination_id, name, price_per_night, rating, latitude, longitude) VALUES (73, 8, 'Hotel Central Park', 3900, 4.0, 15.504800, 80.050300);
INSERT INTO hotels (hotel_id, destination_id, name, price_per_night, rating, latitude, longitude) VALUES (74, 8, 'Hotel Raghavendra Residency', 2100, 3.8, 15.503600, 80.046700);
INSERT INTO hotels (hotel_id, destination_id, name, price_per_night, rating, latitude, longitude) VALUES (75, 8, 'Hotel Sitara Inn', 2000, 3.7, 15.507200, 80.048900);
INSERT INTO hotels (hotel_id, destination_id, name, price_per_night, rating, latitude, longitude) VALUES (76, 8, 'OYO Ongole Central', 1800, 3.6, 15.505100, 80.047600);
INSERT INTO hotels (hotel_id, destination_id, name, price_per_night, rating, latitude, longitude) VALUES (77, 8, 'Hotel Surya Inn', 1700, 3.5, 15.504200, 80.049800);
INSERT INTO hotels (hotel_id, destination_id, name, price_per_night, rating, latitude, longitude) VALUES (78, 8, 'Hotel Swarna Palace Ongole', 4100, 4.0, 15.506300, 80.046100);
INSERT INTO hotels (hotel_id, destination_id, name, price_per_night, rating, latitude, longitude) VALUES (79, 8, 'Hotel Mourya Inn Ongole', 4300, 4.2, 15.507600, 80.047900);
INSERT INTO hotels (hotel_id, destination_id, name, price_per_night, rating, latitude, longitude) VALUES (80, 8, 'Hotel Sai Residency', 1600, 3.4, 15.503900, 80.048300);
INSERT INTO hotels (hotel_id, destination_id, name, price_per_night, rating, latitude, longitude) VALUES (81, 9, 'Hotel Grand Arya', 6800, 4.4, 16.711200, 81.095900);
INSERT INTO hotels (hotel_id, destination_id, name, price_per_night, rating, latitude, longitude) VALUES (82, 9, 'Hotel Sri Ram Grand', 4200, 4.1, 16.709800, 81.096300);
INSERT INTO hotels (hotel_id, destination_id, name, price_per_night, rating, latitude, longitude) VALUES (83, 9, 'Hotel Blue Moon Eluru', 3900, 4.0, 16.712600, 81.094800);
INSERT INTO hotels (hotel_id, destination_id, name, price_per_night, rating, latitude, longitude) VALUES (84, 9, 'Hotel Vivera', 2200, 3.8, 16.710300, 81.097900);
INSERT INTO hotels (hotel_id, destination_id, name, price_per_night, rating, latitude, longitude) VALUES (85, 9, 'Hotel Sai Residency Eluru', 2000, 3.7, 16.708900, 81.095400);
INSERT INTO hotels (hotel_id, destination_id, name, price_per_night, rating, latitude, longitude) VALUES (86, 9, 'OYO Eluru Central', 1800, 3.6, 16.711800, 81.096600);
INSERT INTO hotels (hotel_id, destination_id, name, price_per_night, rating, latitude, longitude) VALUES (87, 9, 'Hotel Minerva Eluru', 4300, 4.2, 16.713200, 81.097200);
INSERT INTO hotels (hotel_id, destination_id, name, price_per_night, rating, latitude, longitude) VALUES (88, 9, 'Hotel Sri Lakshmi', 1700, 3.5, 16.709600, 81.098300);
INSERT INTO hotels (hotel_id, destination_id, name, price_per_night, rating, latitude, longitude) VALUES (89, 9, 'Hotel Mourya Inn Eluru', 4100, 4.0, 16.710900, 81.094600);
INSERT INTO hotels (hotel_id, destination_id, name, price_per_night, rating, latitude, longitude) VALUES (90, 9, 'Hotel City Park Eluru', 1600, 3.4, 16.708200, 81.096100);
INSERT INTO hotels (hotel_id, destination_id, name, price_per_night, rating, latitude, longitude) VALUES (91, 10, 'Hotel River View', 6500, 4.4, 18.296800, 83.897900);
INSERT INTO hotels (hotel_id, destination_id, name, price_per_night, rating, latitude, longitude) VALUES (92, 10, 'Hotel Ananda Inn', 4200, 4.1, 18.298300, 83.896700);
INSERT INTO hotels (hotel_id, destination_id, name, price_per_night, rating, latitude, longitude) VALUES (93, 10, 'Hotel Royal Park', 3900, 4.0, 18.295700, 83.899200);
INSERT INTO hotels (hotel_id, destination_id, name, price_per_night, rating, latitude, longitude) VALUES (94, 10, 'Hotel Sri Sai Residency', 2200, 3.8, 18.297600, 83.895800);
INSERT INTO hotels (hotel_id, destination_id, name, price_per_night, rating, latitude, longitude) VALUES (95, 10, 'Hotel Blue Moon Srikakulam', 2000, 3.7, 18.296200, 83.898600);
INSERT INTO hotels (hotel_id, destination_id, name, price_per_night, rating, latitude, longitude) VALUES (96, 10, 'OYO Srikakulam Central', 1800, 3.6, 18.294900, 83.897300);
INSERT INTO hotels (hotel_id, destination_id, name, price_per_night, rating, latitude, longitude) VALUES (97, 10, 'Hotel Mourya Inn Srikakulam', 4300, 4.2, 18.299100, 83.896200);
INSERT INTO hotels (hotel_id, destination_id, name, price_per_night, rating, latitude, longitude) VALUES (98, 10, 'Hotel Vamsi Residency', 1700, 3.5, 18.295400, 83.899800);
INSERT INTO hotels (hotel_id, destination_id, name, price_per_night, rating, latitude, longitude) VALUES (99, 10, 'Hotel Sri Lakshmi Grand', 4100, 4.0, 18.297900, 83.898100);
INSERT INTO hotels (hotel_id, destination_id, name, price_per_night, rating, latitude, longitude) VALUES (100, 10, 'Hotel City Square', 1600, 3.4, 18.296500, 83.896900);
INSERT INTO hotels (hotel_id, destination_id, name, price_per_night, rating, latitude, longitude) VALUES (101, 11, 'Paradigm Sarovar Portico', 7800, 4.5, 16.989800, 82.246900);
INSERT INTO hotels (hotel_id, destination_id, name, price_per_night, rating, latitude, longitude) VALUES (102, 11, 'Hotel Royal Park', 7200, 4.4, 16.987400, 82.245100);
INSERT INTO hotels (hotel_id, destination_id, name, price_per_night, rating, latitude, longitude) VALUES (103, 11, 'Hotel Subham Grand', 4200, 4.1, 16.988900, 82.247800);
INSERT INTO hotels (hotel_id, destination_id, name, price_per_night, rating, latitude, longitude) VALUES (104, 11, 'Hotel Viswa Residency', 3900, 4.0, 16.990200, 82.248600);
INSERT INTO hotels (hotel_id, destination_id, name, price_per_night, rating, latitude, longitude) VALUES (105, 11, 'Hotel Anand Regency', 2200, 3.8, 16.987100, 82.249200);
INSERT INTO hotels (hotel_id, destination_id, name, price_per_night, rating, latitude, longitude) VALUES (106, 11, 'OYO Kakinada Central', 1900, 3.6, 16.988600, 82.246200);
INSERT INTO hotels (hotel_id, destination_id, name, price_per_night, rating, latitude, longitude) VALUES (107, 11, 'Hotel Blue Moon Kakinada', 1800, 3.5, 16.989300, 82.245700);
INSERT INTO hotels (hotel_id, destination_id, name, price_per_night, rating, latitude, longitude) VALUES (108, 11, 'Hotel Mourya Inn Kakinada', 4300, 4.2, 16.990900, 82.247100);
INSERT INTO hotels (hotel_id, destination_id, name, price_per_night, rating, latitude, longitude) VALUES (109, 11, 'Hotel City Pride', 1700, 3.4, 16.987900, 82.248900);
INSERT INTO hotels (hotel_id, destination_id, name, price_per_night, rating, latitude, longitude) VALUES (110, 11, 'Hotel Central Park Kakinada', 4100, 4.0, 16.989600, 82.246500);
INSERT INTO hotels (hotel_id, destination_id, name, price_per_night, rating, latitude, longitude) VALUES (111, 12, 'Hotel Manasa Grand', 7000, 4.4, 14.681900, 77.600300);
INSERT INTO hotels (hotel_id, destination_id, name, price_per_night, rating, latitude, longitude) VALUES (112, 12, 'Hotel Blue Moon Anantapur', 4200, 4.1, 14.682800, 77.598900);
INSERT INTO hotels (hotel_id, destination_id, name, price_per_night, rating, latitude, longitude) VALUES (113, 12, 'Hotel Mourya Inn Anantapur', 4000, 4.0, 14.684100, 77.599700);
INSERT INTO hotels (hotel_id, destination_id, name, price_per_night, rating, latitude, longitude) VALUES (114, 12, 'Hotel Surya Residency', 2200, 3.8, 14.681200, 77.601600);
INSERT INTO hotels (hotel_id, destination_id, name, price_per_night, rating, latitude, longitude) VALUES (115, 12, 'Hotel Sai Teja', 2000, 3.7, 14.683500, 77.602300);
INSERT INTO hotels (hotel_id, destination_id, name, price_per_night, rating, latitude, longitude) VALUES (116, 12, 'OYO Anantapur Central', 1800, 3.6, 14.682100, 77.600900);
INSERT INTO hotels (hotel_id, destination_id, name, price_per_night, rating, latitude, longitude) VALUES (117, 12, 'Hotel Minerva Grand', 7600, 4.5, 14.685200, 77.598100);
INSERT INTO hotels (hotel_id, destination_id, name, price_per_night, rating, latitude, longitude) VALUES (118, 12, 'Hotel City Park', 1700, 3.5, 14.680600, 77.603400);
INSERT INTO hotels (hotel_id, destination_id, name, price_per_night, rating, latitude, longitude) VALUES (119, 12, 'Hotel Royal Palace', 4300, 4.2, 14.684700, 77.599300);
INSERT INTO hotels (hotel_id, destination_id, name, price_per_night, rating, latitude, longitude) VALUES (120, 12, 'Hotel Sri Lakshmi Residency', 1600, 3.4, 14.683900, 77.601900);
INSERT INTO hotels (hotel_id, destination_id, name, price_per_night, rating, latitude, longitude) VALUES (121, 13, 'Hotel Grand Arya Kadapa', 7200, 4.4, 14.476800, 78.835600);
INSERT INTO hotels (hotel_id, destination_id, name, price_per_night, rating, latitude, longitude) VALUES (122, 13, 'Hotel Mourya Inn Kadapa', 4300, 4.2, 14.477900, 78.836900);
INSERT INTO hotels (hotel_id, destination_id, name, price_per_night, rating, latitude, longitude) VALUES (123, 13, 'Hotel Blue Moon Kadapa', 4000, 4.0, 14.475600, 78.834100);
INSERT INTO hotels (hotel_id, destination_id, name, price_per_night, rating, latitude, longitude) VALUES (124, 13, 'Hotel Sri Lakshmi Grand', 2200, 3.8, 14.474300, 78.833800);
INSERT INTO hotels (hotel_id, destination_id, name, price_per_night, rating, latitude, longitude) VALUES (125, 13, 'Hotel Sai Residency Kadapa', 2000, 3.7, 14.476200, 78.837200);
INSERT INTO hotels (hotel_id, destination_id, name, price_per_night, rating, latitude, longitude) VALUES (126, 13, 'OYO Kadapa Central', 1800, 3.6, 14.477100, 78.835400);
INSERT INTO hotels (hotel_id, destination_id, name, price_per_night, rating, latitude, longitude) VALUES (127, 13, 'Hotel Minerva Grand Kadapa', 7800, 4.5, 14.478500, 78.834600);
INSERT INTO hotels (hotel_id, destination_id, name, price_per_night, rating, latitude, longitude) VALUES (128, 13, 'Hotel City Park Kadapa', 1700, 3.5, 14.475100, 78.836100);
INSERT INTO hotels (hotel_id, destination_id, name, price_per_night, rating, latitude, longitude) VALUES (129, 13, 'Hotel Royal Fort Kadapa', 4200, 4.1, 14.476900, 78.838000);
INSERT INTO hotels (hotel_id, destination_id, name, price_per_night, rating, latitude, longitude) VALUES (130, 13, 'Hotel Central Park Kadapa', 4100, 4.0, 14.478200, 78.833900);
INSERT INTO hotels (hotel_id, destination_id, name, price_per_night, rating, latitude, longitude) VALUES (131, 14, 'Fortune Select Grand Ridge', 8200, 4.6, 13.630900, 79.414600);
INSERT INTO hotels (hotel_id, destination_id, name, price_per_night, rating, latitude, longitude) VALUES (132, 14, 'Hotel Pai Viceroy', 7600, 4.5, 13.627800, 79.418300);
INSERT INTO hotels (hotel_id, destination_id, name, price_per_night, rating, latitude, longitude) VALUES (133, 14, 'Hotel Bliss Chittoor', 4500, 4.2, 13.628600, 79.416700);
INSERT INTO hotels (hotel_id, destination_id, name, price_per_night, rating, latitude, longitude) VALUES (134, 14, 'Hotel Minerva Grand Chittoor', 4800, 4.3, 13.629400, 79.419100);
INSERT INTO hotels (hotel_id, destination_id, name, price_per_night, rating, latitude, longitude) VALUES (135, 14, 'Hotel Sri Lakshmi Residency', 2300, 3.8, 13.627100, 79.417600);
INSERT INTO hotels (hotel_id, destination_id, name, price_per_night, rating, latitude, longitude) VALUES (136, 14, 'OYO Chittoor Central', 2000, 3.6, 13.626800, 79.415900);
INSERT INTO hotels (hotel_id, destination_id, name, price_per_night, rating, latitude, longitude) VALUES (137, 14, 'Hotel Harsha Residency', 1900, 3.7, 13.630200, 79.418900);
INSERT INTO hotels (hotel_id, destination_id, name, price_per_night, rating, latitude, longitude) VALUES (138, 14, 'Hotel PLR Grand Chittoor', 2100, 3.9, 13.628300, 79.416200);
INSERT INTO hotels (hotel_id, destination_id, name, price_per_night, rating, latitude, longitude) VALUES (139, 14, 'Hotel Ramee Guestline', 7800, 4.4, 13.631100, 79.414300);
INSERT INTO hotels (hotel_id, destination_id, name, price_per_night, rating, latitude, longitude) VALUES (140, 14, 'Hotel City Square Chittoor', 1700, 3.5, 13.629800, 79.417300);
INSERT INTO hotels (hotel_id, destination_id, name, price_per_night, rating, latitude, longitude) VALUES (141, 15, 'Hotel Ananda Inn Vizianagaram', 6800, 4.4, 18.113900, 83.412100);
INSERT INTO hotels (hotel_id, destination_id, name, price_per_night, rating, latitude, longitude) VALUES (142, 15, 'Hotel Royal Park Vizianagaram', 4200, 4.1, 18.114600, 83.411300);
INSERT INTO hotels (hotel_id, destination_id, name, price_per_night, rating, latitude, longitude) VALUES (143, 15, 'Hotel Mourya Inn Vizianagaram', 4300, 4.2, 18.115800, 83.410900);
INSERT INTO hotels (hotel_id, destination_id, name, price_per_night, rating, latitude, longitude) VALUES (144, 15, 'Hotel Blue Moon Vizianagaram', 3900, 4.0, 18.112700, 83.413400);
INSERT INTO hotels (hotel_id, destination_id, name, price_per_night, rating, latitude, longitude) VALUES (145, 15, 'Hotel Sri Sai Residency', 2200, 3.8, 18.114100, 83.414200);
INSERT INTO hotels (hotel_id, destination_id, name, price_per_night, rating, latitude, longitude) VALUES (146, 15, 'OYO Vizianagaram Central', 1900, 3.6, 18.113200, 83.412800);
INSERT INTO hotels (hotel_id, destination_id, name, price_per_night, rating, latitude, longitude) VALUES (147, 15, 'Hotel City Pride Vizianagaram', 1800, 3.5, 18.115100, 83.411700);
INSERT INTO hotels (hotel_id, destination_id, name, price_per_night, rating, latitude, longitude) VALUES (148, 15, 'Hotel Minerva Grand Vizianagaram', 7400, 4.5, 18.116300, 83.413000);
INSERT INTO hotels (hotel_id, destination_id, name, price_per_night, rating, latitude, longitude) VALUES (149, 15, 'Hotel Lakshmi Grand', 4100, 4.0, 18.112900, 83.414900);
INSERT INTO hotels (hotel_id, destination_id, name, price_per_night, rating, latitude, longitude) VALUES (150, 15, 'Hotel Vamsi Residency', 1700, 3.4, 18.114800, 83.412500);
INSERT INTO hotels (hotel_id, destination_id, name, price_per_night, rating, latitude, longitude) VALUES (151, 16, 'Hotel Kennison', 6500, 4.4, 16.186200, 81.137400);
INSERT INTO hotels (hotel_id, destination_id, name, price_per_night, rating, latitude, longitude) VALUES (152, 16, 'Hotel Chandra Residency', 4200, 4.1, 16.185400, 81.136800);
INSERT INTO hotels (hotel_id, destination_id, name, price_per_night, rating, latitude, longitude) VALUES (153, 16, 'Hotel Mourya Inn Machilipatnam', 4300, 4.2, 16.187100, 81.138200);
INSERT INTO hotels (hotel_id, destination_id, name, price_per_night, rating, latitude, longitude) VALUES (154, 16, 'Hotel Sri Lakshmi Residency', 2200, 3.8, 16.184900, 81.135900);
INSERT INTO hotels (hotel_id, destination_id, name, price_per_night, rating, latitude, longitude) VALUES (155, 16, 'Hotel Blue Moon Machilipatnam', 2000, 3.7, 16.186800, 81.137900);
INSERT INTO hotels (hotel_id, destination_id, name, price_per_night, rating, latitude, longitude) VALUES (156, 16, 'OYO Machilipatnam Central', 1800, 3.6, 16.185600, 81.136300);
INSERT INTO hotels (hotel_id, destination_id, name, price_per_night, rating, latitude, longitude) VALUES (157, 16, 'Hotel Royal Fort Machilipatnam', 4100, 4.0, 16.187900, 81.139100);
INSERT INTO hotels (hotel_id, destination_id, name, price_per_night, rating, latitude, longitude) VALUES (158, 16, 'Hotel Sai Teja', 1700, 3.5, 16.184200, 81.135300);
INSERT INTO hotels (hotel_id, destination_id, name, price_per_night, rating, latitude, longitude) VALUES (159, 16, 'Hotel Minerva Grand Machilipatnam', 7200, 4.5, 16.188600, 81.138800);
INSERT INTO hotels (hotel_id, destination_id, name, price_per_night, rating, latitude, longitude) VALUES (160, 16, 'Hotel City Park Machilipatnam', 1600, 3.4, 16.185100, 81.136000);
INSERT INTO hotels (hotel_id, destination_id, name, price_per_night, rating, latitude, longitude) VALUES (161, 17, 'Hotel DVR Mansion Nandyal', 7000, 4.4, 15.477900, 78.482200);
INSERT INTO hotels (hotel_id, destination_id, name, price_per_night, rating, latitude, longitude) VALUES (162, 17, 'Hotel Mourya Inn Nandyal', 4300, 4.2, 15.476500, 78.483600);
INSERT INTO hotels (hotel_id, destination_id, name, price_per_night, rating, latitude, longitude) VALUES (163, 17, 'Hotel Blue Moon Nandyal', 4000, 4.0, 15.478300, 78.481700);
INSERT INTO hotels (hotel_id, destination_id, name, price_per_night, rating, latitude, longitude) VALUES (164, 17, 'Hotel Sri Lakshmi Grand', 2200, 3.8, 15.479200, 78.480900);
INSERT INTO hotels (hotel_id, destination_id, name, price_per_night, rating, latitude, longitude) VALUES (165, 17, 'Hotel Sai Residency Nandyal', 2000, 3.7, 15.476900, 78.484300);
INSERT INTO hotels (hotel_id, destination_id, name, price_per_night, rating, latitude, longitude) VALUES (166, 17, 'OYO Nandyal Central', 1800, 3.6, 15.478600, 78.482800);
INSERT INTO hotels (hotel_id, destination_id, name, price_per_night, rating, latitude, longitude) VALUES (167, 17, 'Hotel Central Park Nandyal', 4100, 4.1, 15.480100, 78.483900);
INSERT INTO hotels (hotel_id, destination_id, name, price_per_night, rating, latitude, longitude) VALUES (168, 17, 'Hotel Royal Fort Nandyal', 4200, 4.0, 15.477200, 78.485100);
INSERT INTO hotels (hotel_id, destination_id, name, price_per_night, rating, latitude, longitude) VALUES (169, 17, 'Hotel City Pride Nandyal', 1700, 3.5, 15.479800, 78.481300);
INSERT INTO hotels (hotel_id, destination_id, name, price_per_night, rating, latitude, longitude) VALUES (170, 17, 'Hotel Minerva Grand Nandyal', 7600, 4.5, 15.481500, 78.484600);
INSERT INTO hotels (hotel_id, destination_id, name, price_per_night, rating, latitude, longitude) VALUES (171, 18, 'Hotel Sri Sai Grand', 6800, 4.4, 14.739800, 78.551400);
INSERT INTO hotels (hotel_id, destination_id, name, price_per_night, rating, latitude, longitude) VALUES (172, 18, 'Hotel Mourya Inn Proddatur', 4200, 4.1, 14.740900, 78.550700);
INSERT INTO hotels (hotel_id, destination_id, name, price_per_night, rating, latitude, longitude) VALUES (173, 18, 'Hotel Blue Moon Proddatur', 3900, 4.0, 14.738600, 78.552300);
INSERT INTO hotels (hotel_id, destination_id, name, price_per_night, rating, latitude, longitude) VALUES (174, 18, 'Hotel Sri Lakshmi Residency', 2200, 3.8, 14.739200, 78.549800);
INSERT INTO hotels (hotel_id, destination_id, name, price_per_night, rating, latitude, longitude) VALUES (175, 18, 'Hotel Sai Teja Proddatur', 2000, 3.7, 14.741300, 78.553100);
INSERT INTO hotels (hotel_id, destination_id, name, price_per_night, rating, latitude, longitude) VALUES (176, 18, 'OYO Proddatur Central', 1800, 3.6, 14.739700, 78.551900);
INSERT INTO hotels (hotel_id, destination_id, name, price_per_night, rating, latitude, longitude) VALUES (177, 18, 'Hotel Central Park Proddatur', 4100, 4.0, 14.738900, 78.550100);
INSERT INTO hotels (hotel_id, destination_id, name, price_per_night, rating, latitude, longitude) VALUES (178, 18, 'Hotel City Square Proddatur', 1700, 3.5, 14.740600, 78.552800);
INSERT INTO hotels (hotel_id, destination_id, name, price_per_night, rating, latitude, longitude) VALUES (179, 18, 'Hotel Minerva Grand Proddatur', 7400, 4.5, 14.742100, 78.550400);
INSERT INTO hotels (hotel_id, destination_id, name, price_per_night, rating, latitude, longitude) VALUES (180, 18, 'Hotel Royal Fort Proddatur', 4300, 4.2, 14.738300, 78.551600);
INSERT INTO hotels (hotel_id, destination_id, name, price_per_night, rating, latitude, longitude) VALUES (181, 19, 'Hotel Chandra Grand', 6600, 4.4, 16.240800, 80.642100);
INSERT INTO hotels (hotel_id, destination_id, name, price_per_night, rating, latitude, longitude) VALUES (182, 19, 'Hotel Mourya Inn Tenali', 4200, 4.1, 16.239600, 80.641300);
INSERT INTO hotels (hotel_id, destination_id, name, price_per_night, rating, latitude, longitude) VALUES (183, 19, 'Hotel Blue Moon Tenali', 3900, 4.0, 16.241100, 80.640200);
INSERT INTO hotels (hotel_id, destination_id, name, price_per_night, rating, latitude, longitude) VALUES (184, 19, 'Hotel Sri Lakshmi Residency', 2200, 3.8, 16.239200, 80.643400);
INSERT INTO hotels (hotel_id, destination_id, name, price_per_night, rating, latitude, longitude) VALUES (185, 19, 'Hotel Sai Residency Tenali', 2000, 3.7, 16.242300, 80.641700);
INSERT INTO hotels (hotel_id, destination_id, name, price_per_night, rating, latitude, longitude) VALUES (186, 19, 'OYO Tenali Central', 1800, 3.6, 16.240100, 80.642900);
INSERT INTO hotels (hotel_id, destination_id, name, price_per_night, rating, latitude, longitude) VALUES (187, 19, 'Hotel Central Park Tenali', 4100, 4.0, 16.241800, 80.640900);
INSERT INTO hotels (hotel_id, destination_id, name, price_per_night, rating, latitude, longitude) VALUES (188, 19, 'Hotel City Pride Tenali', 1700, 3.5, 16.239900, 80.641100);
INSERT INTO hotels (hotel_id, destination_id, name, price_per_night, rating, latitude, longitude) VALUES (189, 19, 'Hotel Minerva Grand Tenali', 7200, 4.5, 16.243200, 80.642600);
INSERT INTO hotels (hotel_id, destination_id, name, price_per_night, rating, latitude, longitude) VALUES (190, 19, 'Hotel Royal Palace Tenali', 4300, 4.2, 16.242700, 80.640500);
INSERT INTO hotels (hotel_id, destination_id, name, price_per_night, rating, latitude, longitude) VALUES (191, 20, 'The Gateway Hotel Amaravati', 8500, 4.6, 16.573900, 80.358900);
INSERT INTO hotels (hotel_id, destination_id, name, price_per_night, rating, latitude, longitude) VALUES (192, 20, 'Hotel Minerva Grand Amaravati', 7800, 4.5, 16.575200, 80.360400);
INSERT INTO hotels (hotel_id, destination_id, name, price_per_night, rating, latitude, longitude) VALUES (193, 20, 'Hotel Mourya Inn Amaravati', 4200, 4.1, 16.572100, 80.357600);
INSERT INTO hotels (hotel_id, destination_id, name, price_per_night, rating, latitude, longitude) VALUES (194, 20, 'Hotel Blue Moon Amaravati', 3900, 4.0, 16.571400, 80.359200);
INSERT INTO hotels (hotel_id, destination_id, name, price_per_night, rating, latitude, longitude) VALUES (195, 20, 'Hotel Sri Lakshmi Residency', 2200, 3.8, 16.570800, 80.356900);
INSERT INTO hotels (hotel_id, destination_id, name, price_per_night, rating, latitude, longitude) VALUES (196, 20, 'Hotel Sai Residency Amaravati', 2000, 3.7, 16.573400, 80.360800);
INSERT INTO hotels (hotel_id, destination_id, name, price_per_night, rating, latitude, longitude) VALUES (197, 20, 'OYO Amaravati Central', 1800, 3.6, 16.572900, 80.358200);
INSERT INTO hotels (hotel_id, destination_id, name, price_per_night, rating, latitude, longitude) VALUES (198, 20, 'Hotel Central Park Amaravati', 4100, 4.0, 16.574600, 80.359700);
INSERT INTO hotels (hotel_id, destination_id, name, price_per_night, rating, latitude, longitude) VALUES (199, 20, 'Hotel City Square Amaravati', 1700, 3.5, 16.571900, 80.357300);
INSERT INTO hotels (hotel_id, destination_id, name, price_per_night, rating, latitude, longitude) VALUES (200, 20, 'Hotel Royal Palace Amaravati', 4300, 4.2, 16.575800, 80.361100);
INSERT INTO hotels (hotel_id, destination_id, name, price_per_night, rating, latitude, longitude) VALUES (201, 21, 'Goa Marriott Resort & Spa', 14000, 4.6, 15.502200, 73.829800);
INSERT INTO hotels (hotel_id, destination_id, name, price_per_night, rating, latitude, longitude) VALUES (202, 21, 'Grand Hyatt Goa', 15000, 4.7, 15.464200, 73.807100);
INSERT INTO hotels (hotel_id, destination_id, name, price_per_night, rating, latitude, longitude) VALUES (203, 21, 'Country Inn & Suites Panaji', 6500, 4.3, 15.499000, 73.828300);
INSERT INTO hotels (hotel_id, destination_id, name, price_per_night, rating, latitude, longitude) VALUES (204, 21, 'Hotel Mandovi', 5200, 4.1, 15.498300, 73.827900);
INSERT INTO hotels (hotel_id, destination_id, name, price_per_night, rating, latitude, longitude) VALUES (205, 21, 'The Crown Goa', 6000, 4.2, 15.501200, 73.829400);
INSERT INTO hotels (hotel_id, destination_id, name, price_per_night, rating, latitude, longitude) VALUES (206, 21, 'Hotel Manvin''s', 2800, 3.8, 15.498900, 73.826800);
INSERT INTO hotels (hotel_id, destination_id, name, price_per_night, rating, latitude, longitude) VALUES (207, 21, 'Hotel Viva Panjim', 3000, 4.0, 15.496700, 73.827600);
INSERT INTO hotels (hotel_id, destination_id, name, price_per_night, rating, latitude, longitude) VALUES (208, 21, 'OYO Panaji Central', 2000, 3.6, 15.499800, 73.828100);
INSERT INTO hotels (hotel_id, destination_id, name, price_per_night, rating, latitude, longitude) VALUES (209, 21, 'Treebo Trend Sunheads', 2300, 3.7, 15.500600, 73.826300);
INSERT INTO hotels (hotel_id, destination_id, name, price_per_night, rating, latitude, longitude) VALUES (210, 21, 'Hotel Venite', 1800, 3.5, 15.497200, 73.829100);
INSERT INTO hotels (hotel_id, destination_id, name, price_per_night, rating, latitude, longitude) VALUES (211, 22, 'Taj Fort Aguada Resort & Spa', 18000, 4.8, 15.489700, 73.773600);
INSERT INTO hotels (hotel_id, destination_id, name, price_per_night, rating, latitude, longitude) VALUES (212, 22, 'Le Méridien Goa', 16000, 4.6, 15.522600, 73.774100);
INSERT INTO hotels (hotel_id, destination_id, name, price_per_night, rating, latitude, longitude) VALUES (213, 22, 'Hard Rock Hotel Goa', 8500, 4.4, 15.557400, 73.752800);
INSERT INTO hotels (hotel_id, destination_id, name, price_per_night, rating, latitude, longitude) VALUES (214, 22, 'Resort Terra Paraiso', 6500, 4.2, 15.544200, 73.758100);
INSERT INTO hotels (hotel_id, destination_id, name, price_per_night, rating, latitude, longitude) VALUES (215, 22, 'Azzure By Spree', 6000, 4.1, 15.548900, 73.754600);
INSERT INTO hotels (hotel_id, destination_id, name, price_per_night, rating, latitude, longitude) VALUES (216, 22, 'Hotel Calangute Towers', 3200, 3.9, 15.543700, 73.756800);
INSERT INTO hotels (hotel_id, destination_id, name, price_per_night, rating, latitude, longitude) VALUES (217, 22, 'La Flamingo', 2800, 3.8, 15.550100, 73.753200);
INSERT INTO hotels (hotel_id, destination_id, name, price_per_night, rating, latitude, longitude) VALUES (218, 22, 'OYO Flagship Calangute', 2000, 3.6, 15.546900, 73.755900);
INSERT INTO hotels (hotel_id, destination_id, name, price_per_night, rating, latitude, longitude) VALUES (219, 22, 'Treebo Trend Dona Eliza', 2400, 3.7, 15.552200, 73.757400);
INSERT INTO hotels (hotel_id, destination_id, name, price_per_night, rating, latitude, longitude) VALUES (220, 22, 'Hotel Sea Shore', 1800, 3.5, 15.548200, 73.754100);
INSERT INTO hotels (hotel_id, destination_id, name, price_per_night, rating, latitude, longitude) VALUES (221, 23, 'Seashell Suites & Villas', 14000, 4.7, 15.520200, 73.765700);
INSERT INTO hotels (hotel_id, destination_id, name, price_per_night, rating, latitude, longitude) VALUES (222, 23, 'Taj Holiday Village', 17000, 4.8, 15.518100, 73.763000);
INSERT INTO hotels (hotel_id, destination_id, name, price_per_night, rating, latitude, longitude) VALUES (223, 23, 'Novotel Goa Candolim', 9000, 4.4, 15.520500, 73.771100);
INSERT INTO hotels (hotel_id, destination_id, name, price_per_night, rating, latitude, longitude) VALUES (224, 23, 'Fortune Acron Regina', 7500, 4.3, 15.518900, 73.761400);
INSERT INTO hotels (hotel_id, destination_id, name, price_per_night, rating, latitude, longitude) VALUES (225, 23, 'Santana Beach Resort', 6200, 4.2, 15.515600, 73.762800);
INSERT INTO hotels (hotel_id, destination_id, name, price_per_night, rating, latitude, longitude) VALUES (226, 23, 'Hotel Sonesta Inns', 3200, 3.9, 15.517700, 73.764300);
INSERT INTO hotels (hotel_id, destination_id, name, price_per_night, rating, latitude, longitude) VALUES (227, 23, 'Silver Sands Serenity', 2800, 3.8, 15.516200, 73.760900);
INSERT INTO hotels (hotel_id, destination_id, name, price_per_night, rating, latitude, longitude) VALUES (228, 23, 'OYO Candolim Beach Road', 2000, 3.6, 15.518600, 73.763700);
INSERT INTO hotels (hotel_id, destination_id, name, price_per_night, rating, latitude, longitude) VALUES (229, 23, 'Treebo Trend Jesant Valley', 2400, 3.7, 15.519800, 73.765100);
INSERT INTO hotels (hotel_id, destination_id, name, price_per_night, rating, latitude, longitude) VALUES (230, 23, 'Hotel Casa De Goa', 2600, 3.8, 15.520100, 73.762300);
INSERT INTO hotels (hotel_id, destination_id, name, price_per_night, rating, latitude, longitude) VALUES (231, 24, 'The Crown of North Goa', 9000, 4.4, 15.590900, 73.814700);
INSERT INTO hotels (hotel_id, destination_id, name, price_per_night, rating, latitude, longitude) VALUES (232, 24, 'Hotel Green Park', 5200, 4.1, 15.591800, 73.812900);
INSERT INTO hotels (hotel_id, destination_id, name, price_per_night, rating, latitude, longitude) VALUES (233, 24, 'Hotel Royale Heritage', 4800, 4.0, 15.589700, 73.811300);
INSERT INTO hotels (hotel_id, destination_id, name, price_per_night, rating, latitude, longitude) VALUES (234, 24, 'Treebo Trend La Paz', 2600, 3.8, 15.590300, 73.813500);
INSERT INTO hotels (hotel_id, destination_id, name, price_per_night, rating, latitude, longitude) VALUES (235, 24, 'Hotel Sharayu', 2300, 3.7, 15.592200, 73.814200);
INSERT INTO hotels (hotel_id, destination_id, name, price_per_night, rating, latitude, longitude) VALUES (236, 24, 'OYO Mapusa Central', 2000, 3.6, 15.591400, 73.812100);
INSERT INTO hotels (hotel_id, destination_id, name, price_per_night, rating, latitude, longitude) VALUES (237, 24, 'Hotel Alankar', 1800, 3.5, 15.589900, 73.810800);
INSERT INTO hotels (hotel_id, destination_id, name, price_per_night, rating, latitude, longitude) VALUES (238, 24, 'Hotel Menino', 1700, 3.4, 15.590700, 73.813900);
INSERT INTO hotels (hotel_id, destination_id, name, price_per_night, rating, latitude, longitude) VALUES (239, 24, 'Hotel Mapusa Residency', 4200, 4.0, 15.592800, 73.815400);
INSERT INTO hotels (hotel_id, destination_id, name, price_per_night, rating, latitude, longitude) VALUES (240, 24, 'Hotel Hill Rock', 7800, 4.3, 15.594300, 73.816200);
INSERT INTO hotels (hotel_id, destination_id, name, price_per_night, rating, latitude, longitude) VALUES (241, 25, 'Marbela Beach Resort', 13000, 4.6, 15.629400, 73.742400);
INSERT INTO hotels (hotel_id, destination_id, name, price_per_night, rating, latitude, longitude) VALUES (242, 25, 'Azaya Beach Resort', 15000, 4.7, 15.628600, 73.742900);
INSERT INTO hotels (hotel_id, destination_id, name, price_per_night, rating, latitude, longitude) VALUES (243, 25, 'La Cabana Beach Resort', 8500, 4.4, 15.630700, 73.742600);
INSERT INTO hotels (hotel_id, destination_id, name, price_per_night, rating, latitude, longitude) VALUES (244, 25, 'Montego Bay Beach Village', 7200, 4.2, 15.628200, 73.734600);
INSERT INTO hotels (hotel_id, destination_id, name, price_per_night, rating, latitude, longitude) VALUES (245, 25, 'Living Room by Seasons', 3200, 3.9, 15.631200, 73.736900);
INSERT INTO hotels (hotel_id, destination_id, name, price_per_night, rating, latitude, longitude) VALUES (246, 25, 'Treebo Trend Morjim Plaza', 2600, 3.8, 15.629800, 73.737400);
INSERT INTO hotels (hotel_id, destination_id, name, price_per_night, rating, latitude, longitude) VALUES (247, 25, 'OYO Morjim Beach Road', 2000, 3.6, 15.630600, 73.735200);
INSERT INTO hotels (hotel_id, destination_id, name, price_per_night, rating, latitude, longitude) VALUES (248, 25, 'Hotel Morjim Hermitage', 2300, 3.7, 15.628900, 73.734100);
INSERT INTO hotels (hotel_id, destination_id, name, price_per_night, rating, latitude, longitude) VALUES (249, 25, 'Hotel Sea Breeze', 1800, 3.5, 15.629300, 73.736000);
INSERT INTO hotels (hotel_id, destination_id, name, price_per_night, rating, latitude, longitude) VALUES (250, 25, 'Resorte Marinha Dourada', 6800, 4.3, 15.632200, 73.739500);
INSERT INTO hotels (hotel_id, destination_id, name, price_per_night, rating, latitude, longitude) VALUES (251, 26, 'Ashwem Beach Resort', 12000, 4.6, 15.658800, 73.741200);
INSERT INTO hotels (hotel_id, destination_id, name, price_per_night, rating, latitude, longitude) VALUES (252, 26, 'Arambol Plaza Beach Resort', 6500, 4.2, 15.682800, 73.736100);
INSERT INTO hotels (hotel_id, destination_id, name, price_per_night, rating, latitude, longitude) VALUES (253, 26, 'Lotus Sutra', 13500, 4.7, 15.683200, 73.736400);
INSERT INTO hotels (hotel_id, destination_id, name, price_per_night, rating, latitude, longitude) VALUES (254, 26, 'Swati Hotel Arambol', 5200, 4.1, 15.704900, 73.721300);
INSERT INTO hotels (hotel_id, destination_id, name, price_per_night, rating, latitude, longitude) VALUES (255, 26, 'This Is It Beach Resort', 6000, 4.2, 15.701600, 73.718500);
INSERT INTO hotels (hotel_id, destination_id, name, price_per_night, rating, latitude, longitude) VALUES (256, 26, 'Treebo Trend Arambol', 2600, 3.8, 15.703100, 73.719200);
INSERT INTO hotels (hotel_id, destination_id, name, price_per_night, rating, latitude, longitude) VALUES (257, 26, 'OYO Arambol Beach Road', 2000, 3.6, 15.702400, 73.720100);
INSERT INTO hotels (hotel_id, destination_id, name, price_per_night, rating, latitude, longitude) VALUES (258, 26, 'Hotel Arambol Paradise', 2300, 3.7, 15.704300, 73.722200);
INSERT INTO hotels (hotel_id, destination_id, name, price_per_night, rating, latitude, longitude) VALUES (259, 26, 'Hotel Sea View Arambol', 1800, 3.5, 15.705600, 73.718900);
INSERT INTO hotels (hotel_id, destination_id, name, price_per_night, rating, latitude, longitude) VALUES (260, 26, 'Hotel Mountain View Arambol', 1700, 3.4, 15.707200, 73.723500);
INSERT INTO hotels (hotel_id, destination_id, name, price_per_night, rating, latitude, longitude) VALUES (261, 27, 'Taj Holiday Village Baga', 18000, 4.8, 15.552000, 73.751100);
INSERT INTO hotels (hotel_id, destination_id, name, price_per_night, rating, latitude, longitude) VALUES (262, 27, 'Acron Waterfront Resort', 14000, 4.6, 15.554700, 73.750600);
INSERT INTO hotels (hotel_id, destination_id, name, price_per_night, rating, latitude, longitude) VALUES (263, 27, 'Resort Rio', 9000, 4.4, 15.555400, 73.751000);
INSERT INTO hotels (hotel_id, destination_id, name, price_per_night, rating, latitude, longitude) VALUES (264, 27, 'Colonia Santa Maria', 7500, 4.3, 15.556900, 73.751400);
INSERT INTO hotels (hotel_id, destination_id, name, price_per_night, rating, latitude, longitude) VALUES (265, 27, 'Lazy Lagoon Sarovar Portico', 8200, 4.2, 15.553100, 73.748100);
INSERT INTO hotels (hotel_id, destination_id, name, price_per_night, rating, latitude, longitude) VALUES (266, 27, 'Hotel Baga Pride', 3200, 3.9, 15.554600, 73.750900);
INSERT INTO hotels (hotel_id, destination_id, name, price_per_night, rating, latitude, longitude) VALUES (267, 27, 'Hotel Fiesta Beach Resort', 2800, 3.8, 15.556300, 73.752000);
INSERT INTO hotels (hotel_id, destination_id, name, price_per_night, rating, latitude, longitude) VALUES (268, 27, 'OYO Baga Beach Road', 2000, 3.6, 15.555100, 73.749700);
INSERT INTO hotels (hotel_id, destination_id, name, price_per_night, rating, latitude, longitude) VALUES (269, 27, 'Treebo Trend Beach Box', 2400, 3.7, 15.557200, 73.751800);
INSERT INTO hotels (hotel_id, destination_id, name, price_per_night, rating, latitude, longitude) VALUES (270, 27, 'Hotel Sea Hawk', 1800, 3.5, 15.553800, 73.748900);
INSERT INTO hotels (hotel_id, destination_id, name, price_per_night, rating, latitude, longitude) VALUES (271, 28, 'W Goa', 22000, 4.8, 15.581600, 73.744400);
INSERT INTO hotels (hotel_id, destination_id, name, price_per_night, rating, latitude, longitude) VALUES (272, 28, 'Anamiva Goa', 15000, 4.6, 15.582200, 73.745200);
INSERT INTO hotels (hotel_id, destination_id, name, price_per_night, rating, latitude, longitude) VALUES (273, 28, 'Spazio Leisure Resort', 8000, 4.3, 15.583100, 73.746800);
INSERT INTO hotels (hotel_id, destination_id, name, price_per_night, rating, latitude, longitude) VALUES (274, 28, 'Granpa’s Inn Hotel', 6500, 4.2, 15.596300, 73.739100);
INSERT INTO hotels (hotel_id, destination_id, name, price_per_night, rating, latitude, longitude) VALUES (275, 28, 'Casa Anjuna', 7200, 4.4, 15.595200, 73.742400);
INSERT INTO hotels (hotel_id, destination_id, name, price_per_night, rating, latitude, longitude) VALUES (276, 28, 'Treebo Trend Casa Anjuna', 2600, 3.8, 15.595800, 73.741900);
INSERT INTO hotels (hotel_id, destination_id, name, price_per_night, rating, latitude, longitude) VALUES (277, 28, 'OYO Anjuna Beach Road', 2000, 3.6, 15.596600, 73.740100);
INSERT INTO hotels (hotel_id, destination_id, name, price_per_night, rating, latitude, longitude) VALUES (278, 28, 'Hotel Down Hill Village', 2300, 3.7, 15.594900, 73.743200);
INSERT INTO hotels (hotel_id, destination_id, name, price_per_night, rating, latitude, longitude) VALUES (279, 28, 'Hotel Casa De Anjuna', 1900, 3.5, 15.597100, 73.742800);
INSERT INTO hotels (hotel_id, destination_id, name, price_per_night, rating, latitude, longitude) VALUES (280, 28, 'Hotel Blue Pearl', 1700, 3.4, 15.598600, 73.739400);
INSERT INTO hotels (hotel_id, destination_id, name, price_per_night, rating, latitude, longitude) VALUES (281, 29, 'W Goa Vagator', 21000, 4.8, 15.606800, 73.736500);
INSERT INTO hotels (hotel_id, destination_id, name, price_per_night, rating, latitude, longitude) VALUES (282, 29, 'Anahata Retreat', 16000, 4.7, 15.607200, 73.736200);
INSERT INTO hotels (hotel_id, destination_id, name, price_per_night, rating, latitude, longitude) VALUES (283, 29, 'Leoney Resort', 7500, 4.2, 15.608100, 73.737900);
INSERT INTO hotels (hotel_id, destination_id, name, price_per_night, rating, latitude, longitude) VALUES (284, 29, 'Cochichos Resort', 6800, 4.1, 15.601200, 73.738100);
INSERT INTO hotels (hotel_id, destination_id, name, price_per_night, rating, latitude, longitude) VALUES (285, 29, 'The Grand Leoney', 7200, 4.3, 15.603100, 73.740300);
INSERT INTO hotels (hotel_id, destination_id, name, price_per_night, rating, latitude, longitude) VALUES (286, 29, 'Treebo Trend Vagator', 2600, 3.8, 15.602200, 73.737900);
INSERT INTO hotels (hotel_id, destination_id, name, price_per_night, rating, latitude, longitude) VALUES (287, 29, 'OYO Vagator Beach Road', 2000, 3.6, 15.601800, 73.736600);
INSERT INTO hotels (hotel_id, destination_id, name, price_per_night, rating, latitude, longitude) VALUES (288, 29, 'Hotel Hill Top View', 2300, 3.7, 15.604400, 73.741200);
INSERT INTO hotels (hotel_id, destination_id, name, price_per_night, rating, latitude, longitude) VALUES (289, 29, 'Hotel Vagator Sea View', 1800, 3.5, 15.603600, 73.739000);
INSERT INTO hotels (hotel_id, destination_id, name, price_per_night, rating, latitude, longitude) VALUES (290, 29, 'Hotel Casa Vagator', 1700, 3.4, 15.600900, 73.737200);
INSERT INTO hotels (hotel_id, destination_id, name, price_per_night, rating, latitude, longitude) VALUES (291, 30, 'Heritage Village Resort & Spa', 12000, 4.6, 15.460600, 73.807100);
INSERT INTO hotels (hotel_id, destination_id, name, price_per_night, rating, latitude, longitude) VALUES (292, 30, 'Hotel Surya Palace', 10000, 4.5, 15.500300, 73.911600);
INSERT INTO hotels (hotel_id, destination_id, name, price_per_night, rating, latitude, longitude) VALUES (293, 30, 'Old Goa Residency', 6500, 4.2, 15.500700, 73.910900);
INSERT INTO hotels (hotel_id, destination_id, name, price_per_night, rating, latitude, longitude) VALUES (294, 30, 'Hotel La Grace', 6000, 4.1, 15.499600, 73.912300);
INSERT INTO hotels (hotel_id, destination_id, name, price_per_night, rating, latitude, longitude) VALUES (295, 30, 'Hotel Mandovi Palace', 5800, 4.0, 15.501200, 73.911800);
INSERT INTO hotels (hotel_id, destination_id, name, price_per_night, rating, latitude, longitude) VALUES (296, 30, 'Treebo Trend Old Goa', 2600, 3.8, 15.499900, 73.913100);
INSERT INTO hotels (hotel_id, destination_id, name, price_per_night, rating, latitude, longitude) VALUES (297, 30, 'OYO Old Goa Central', 2000, 3.6, 15.500100, 73.912700);
INSERT INTO hotels (hotel_id, destination_id, name, price_per_night, rating, latitude, longitude) VALUES (298, 30, 'Hotel River View Old Goa', 2300, 3.7, 15.501600, 73.910400);
INSERT INTO hotels (hotel_id, destination_id, name, price_per_night, rating, latitude, longitude) VALUES (299, 30, 'Hotel Casa De Old Goa', 1800, 3.5, 15.499300, 73.911500);
INSERT INTO hotels (hotel_id, destination_id, name, price_per_night, rating, latitude, longitude) VALUES (300, 30, 'Hotel Basilica Inn', 1700, 3.4, 15.500900, 73.913400);
INSERT INTO hotels (hotel_id, destination_id, name, price_per_night, rating, latitude, longitude) VALUES (301, 31, 'The Fern Kadamba Hotel & Spa', 9000, 4.5, 15.275800, 73.958900);
INSERT INTO hotels (hotel_id, destination_id, name, price_per_night, rating, latitude, longitude) VALUES (302, 31, 'Radisson Goa Candolim City Center', 8500, 4.4, 15.276900, 73.959800);
INSERT INTO hotels (hotel_id, destination_id, name, price_per_night, rating, latitude, longitude) VALUES (303, 31, 'Hotel Nanutel', 5500, 4.2, 15.275300, 73.959300);
INSERT INTO hotels (hotel_id, destination_id, name, price_per_night, rating, latitude, longitude) VALUES (304, 31, 'Hotel Laxmi Empire', 5200, 4.1, 15.276400, 73.957200);
INSERT INTO hotels (hotel_id, destination_id, name, price_per_night, rating, latitude, longitude) VALUES (305, 31, 'Hotel Xec Residency', 4800, 4.0, 15.274900, 73.956400);
INSERT INTO hotels (hotel_id, destination_id, name, price_per_night, rating, latitude, longitude) VALUES (306, 31, 'Treebo Trend City Stay', 2600, 3.8, 15.277200, 73.958100);
INSERT INTO hotels (hotel_id, destination_id, name, price_per_night, rating, latitude, longitude) VALUES (307, 31, 'Hotel Madhuvan', 2300, 3.7, 15.275600, 73.957600);
INSERT INTO hotels (hotel_id, destination_id, name, price_per_night, rating, latitude, longitude) VALUES (308, 31, 'OYO Margao Central', 2000, 3.6, 15.276800, 73.959100);
INSERT INTO hotels (hotel_id, destination_id, name, price_per_night, rating, latitude, longitude) VALUES (309, 31, 'Hotel City Comfort', 1800, 3.5, 15.274300, 73.958400);
INSERT INTO hotels (hotel_id, destination_id, name, price_per_night, rating, latitude, longitude) VALUES (310, 31, 'Hotel Welcome', 1700, 3.4, 15.276100, 73.960200);
INSERT INTO hotels (hotel_id, destination_id, name, price_per_night, rating, latitude, longitude) VALUES (311, 32, 'Kenilworth Resort & Spa', 14000, 4.7, 15.279200, 73.913600);
INSERT INTO hotels (hotel_id, destination_id, name, price_per_night, rating, latitude, longitude) VALUES (312, 32, 'Longuinhos Beach Resort', 12000, 4.6, 15.279000, 73.913400);
INSERT INTO hotels (hotel_id, destination_id, name, price_per_night, rating, latitude, longitude) VALUES (313, 32, 'Star Beach Resort', 6500, 4.2, 15.280400, 73.914100);
INSERT INTO hotels (hotel_id, destination_id, name, price_per_night, rating, latitude, longitude) VALUES (314, 32, 'William''s Beach Retreat', 5800, 4.1, 15.275900, 73.913600);
INSERT INTO hotels (hotel_id, destination_id, name, price_per_night, rating, latitude, longitude) VALUES (315, 32, 'Silva Heritage Resort', 6000, 4.0, 15.274400, 73.910800);
INSERT INTO hotels (hotel_id, destination_id, name, price_per_night, rating, latitude, longitude) VALUES (316, 32, 'Treebo Trend Green View', 2600, 3.8, 15.276800, 73.911900);
INSERT INTO hotels (hotel_id, destination_id, name, price_per_night, rating, latitude, longitude) VALUES (317, 32, 'Hotel Colva Kinara', 2300, 3.7, 15.278100, 73.913200);
INSERT INTO hotels (hotel_id, destination_id, name, price_per_night, rating, latitude, longitude) VALUES (318, 32, 'OYO Colva Beach Road', 2000, 3.6, 15.275300, 73.910300);
INSERT INTO hotels (hotel_id, destination_id, name, price_per_night, rating, latitude, longitude) VALUES (319, 32, 'Hotel Silver Sands', 1800, 3.5, 15.277400, 73.912100);
INSERT INTO hotels (hotel_id, destination_id, name, price_per_night, rating, latitude, longitude) VALUES (320, 32, 'Hotel Amigo Plaza', 1700, 3.4, 15.276100, 73.913800);
INSERT INTO hotels (hotel_id, destination_id, name, price_per_night, rating, latitude, longitude) VALUES (321, 33, 'Taj Exotica Resort & Spa', 22000, 4.8, 15.254000, 73.923900);
INSERT INTO hotels (hotel_id, destination_id, name, price_per_night, rating, latitude, longitude) VALUES (322, 33, 'Azaya Beach Resort', 15000, 4.7, 15.253700, 73.924000);
INSERT INTO hotels (hotel_id, destination_id, name, price_per_night, rating, latitude, longitude) VALUES (323, 33, 'Joecons Beach Resort', 7500, 4.3, 15.255900, 73.923300);
INSERT INTO hotels (hotel_id, destination_id, name, price_per_night, rating, latitude, longitude) VALUES (324, 33, 'La Grace Resort', 6500, 4.2, 15.252800, 73.924200);
INSERT INTO hotels (hotel_id, destination_id, name, price_per_night, rating, latitude, longitude) VALUES (325, 33, 'Hotel San Joao', 6000, 4.1, 15.254700, 73.923100);
INSERT INTO hotels (hotel_id, destination_id, name, price_per_night, rating, latitude, longitude) VALUES (326, 33, 'Treebo Trend Varca', 2600, 3.8, 15.257200, 73.920900);
INSERT INTO hotels (hotel_id, destination_id, name, price_per_night, rating, latitude, longitude) VALUES (327, 33, 'Hotel Failaka', 2300, 3.7, 15.255600, 73.924600);
INSERT INTO hotels (hotel_id, destination_id, name, price_per_night, rating, latitude, longitude) VALUES (328, 33, 'OYO Benaulim Beach', 2000, 3.6, 15.253300, 73.922000);
INSERT INTO hotels (hotel_id, destination_id, name, price_per_night, rating, latitude, longitude) VALUES (329, 33, 'Hotel Lotus Beach', 1800, 3.5, 15.256900, 73.921800);
INSERT INTO hotels (hotel_id, destination_id, name, price_per_night, rating, latitude, longitude) VALUES (330, 33, 'Hotel Palm Grove', 1700, 3.4, 15.254100, 73.923900);
INSERT INTO hotels (hotel_id, destination_id, name, price_per_night, rating, latitude, longitude) VALUES (331, 34, 'The LaLiT Golf & Spa Resort', 20000, 4.8, 15.010100, 74.023200);
INSERT INTO hotels (hotel_id, destination_id, name, price_per_night, rating, latitude, longitude) VALUES (332, 34, 'Art Resort Goa', 13000, 4.6, 15.009800, 74.023000);
INSERT INTO hotels (hotel_id, destination_id, name, price_per_night, rating, latitude, longitude) VALUES (333, 34, 'Cola Beach Resort', 8500, 4.4, 15.036800, 73.959600);
INSERT INTO hotels (hotel_id, destination_id, name, price_per_night, rating, latitude, longitude) VALUES (334, 34, 'Agonda Cottages', 7000, 4.2, 15.041600, 73.994100);
INSERT INTO hotels (hotel_id, destination_id, name, price_per_night, rating, latitude, longitude) VALUES (335, 34, 'Dunhill Beach Resort', 6500, 4.1, 15.009700, 74.023100);
INSERT INTO hotels (hotel_id, destination_id, name, price_per_night, rating, latitude, longitude) VALUES (336, 34, 'Treebo Trend Canacona', 2600, 3.8, 15.009900, 74.022700);
INSERT INTO hotels (hotel_id, destination_id, name, price_per_night, rating, latitude, longitude) VALUES (337, 34, 'Hotel Sun N Moon', 2300, 3.7, 15.010000, 74.024100);
INSERT INTO hotels (hotel_id, destination_id, name, price_per_night, rating, latitude, longitude) VALUES (338, 34, 'OYO Palolem Central', 2000, 3.6, 15.009600, 74.023400);
INSERT INTO hotels (hotel_id, destination_id, name, price_per_night, rating, latitude, longitude) VALUES (339, 34, 'Hotel Palolem Beach Resort', 1800, 3.5, 15.009800, 74.023000);
INSERT INTO hotels (hotel_id, destination_id, name, price_per_night, rating, latitude, longitude) VALUES (340, 34, 'Hotel Neptune Point', 1700, 3.4, 15.010100, 74.022900);
INSERT INTO hotels (hotel_id, destination_id, name, price_per_night, rating, latitude, longitude) VALUES (341, 35, 'The Postcard Hideaway', 11000, 4.6, 15.198600, 74.062800);
INSERT INTO hotels (hotel_id, destination_id, name, price_per_night, rating, latitude, longitude) VALUES (342, 35, 'Wildflower Villas', 9500, 4.5, 15.201300, 74.060900);
INSERT INTO hotels (hotel_id, destination_id, name, price_per_night, rating, latitude, longitude) VALUES (343, 35, 'Hotel Quepem Residency', 5200, 4.1, 15.212600, 74.078900);
INSERT INTO hotels (hotel_id, destination_id, name, price_per_night, rating, latitude, longitude) VALUES (344, 35, 'Hotel Woodlands', 4800, 4.0, 15.213200, 74.077500);
INSERT INTO hotels (hotel_id, destination_id, name, price_per_night, rating, latitude, longitude) VALUES (345, 35, 'Hotel Central Park Quepem', 5000, 4.0, 15.211800, 74.079600);
INSERT INTO hotels (hotel_id, destination_id, name, price_per_night, rating, latitude, longitude) VALUES (346, 35, 'Treebo Trend Quepem', 2600, 3.8, 15.212100, 74.080200);
INSERT INTO hotels (hotel_id, destination_id, name, price_per_night, rating, latitude, longitude) VALUES (347, 35, 'Hotel City Pride Quepem', 2300, 3.7, 15.214300, 74.078100);
INSERT INTO hotels (hotel_id, destination_id, name, price_per_night, rating, latitude, longitude) VALUES (348, 35, 'OYO Quepem Central', 2000, 3.6, 15.213700, 74.079900);
INSERT INTO hotels (hotel_id, destination_id, name, price_per_night, rating, latitude, longitude) VALUES (349, 35, 'Hotel Sai Residency Quepem', 1800, 3.5, 15.211200, 74.077200);
INSERT INTO hotels (hotel_id, destination_id, name, price_per_night, rating, latitude, longitude) VALUES (350, 35, 'Hotel Hill View Quepem', 1700, 3.4, 15.214900, 74.080800);
INSERT INTO hotels (hotel_id, destination_id, name, price_per_night, rating, latitude, longitude) VALUES (351, 36, 'Ahilya by the Sea', 18000, 4.8, 15.716200, 73.745500);
INSERT INTO hotels (hotel_id, destination_id, name, price_per_night, rating, latitude, longitude) VALUES (352, 36, 'Red Earth Kabini Goa', 14000, 4.6, 15.715800, 73.745200);
INSERT INTO hotels (hotel_id, destination_id, name, price_per_night, rating, latitude, longitude) VALUES (353, 36, 'Arambol Lake Resort', 6500, 4.2, 15.684100, 73.737800);
INSERT INTO hotels (hotel_id, destination_id, name, price_per_night, rating, latitude, longitude) VALUES (354, 36, 'Mandrem Retreat', 6000, 4.1, 15.655600, 73.741700);
INSERT INTO hotels (hotel_id, destination_id, name, price_per_night, rating, latitude, longitude) VALUES (355, 36, 'Ashwem Beach Resort', 5800, 4.0, 15.658700, 73.741100);
INSERT INTO hotels (hotel_id, destination_id, name, price_per_night, rating, latitude, longitude) VALUES (356, 36, 'Treebo Trend Ashwem', 2600, 3.8, 15.659100, 73.741300);
INSERT INTO hotels (hotel_id, destination_id, name, price_per_night, rating, latitude, longitude) VALUES (357, 36, 'Hotel Nanu Resort', 2400, 3.7, 15.621300, 73.735200);
INSERT INTO hotels (hotel_id, destination_id, name, price_per_night, rating, latitude, longitude) VALUES (358, 36, 'OYO Pernem Central', 2000, 3.6, 15.718300, 73.730900);
INSERT INTO hotels (hotel_id, destination_id, name, price_per_night, rating, latitude, longitude) VALUES (359, 36, 'Hotel Sea Pearl', 1800, 3.5, 15.720400, 73.732500);
INSERT INTO hotels (hotel_id, destination_id, name, price_per_night, rating, latitude, longitude) VALUES (360, 36, 'Hotel Hill Breeze', 1700, 3.4, 15.722100, 73.736900);
INSERT INTO hotels (hotel_id, destination_id, name, price_per_night, rating, latitude, longitude) VALUES (361, 37, 'Taj Fort Aguada Heritage', 20000, 4.9, 15.489600, 73.773500);
INSERT INTO hotels (hotel_id, destination_id, name, price_per_night, rating, latitude, longitude) VALUES (362, 37, 'Le Méridien Goa', 16000, 4.7, 15.522600, 73.774100);
INSERT INTO hotels (hotel_id, destination_id, name, price_per_night, rating, latitude, longitude) VALUES (363, 37, 'Hard Rock Hotel Goa', 9000, 4.4, 15.557400, 73.752800);
INSERT INTO hotels (hotel_id, destination_id, name, price_per_night, rating, latitude, longitude) VALUES (364, 37, 'Resort Terra Paraiso', 6800, 4.2, 15.544200, 73.758100);
INSERT INTO hotels (hotel_id, destination_id, name, price_per_night, rating, latitude, longitude) VALUES (365, 37, 'Acron Waterfront Resort', 7500, 4.3, 15.554900, 73.748800);
INSERT INTO hotels (hotel_id, destination_id, name, price_per_night, rating, latitude, longitude) VALUES (366, 37, 'Treebo Trend Calangute', 2600, 3.8, 15.547800, 73.756300);
INSERT INTO hotels (hotel_id, destination_id, name, price_per_night, rating, latitude, longitude) VALUES (367, 37, 'Hotel Calangute Towers', 3000, 3.9, 15.543700, 73.756800);
INSERT INTO hotels (hotel_id, destination_id, name, price_per_night, rating, latitude, longitude) VALUES (368, 37, 'OYO Bardez Central', 2000, 3.6, 15.552300, 73.754200);
INSERT INTO hotels (hotel_id, destination_id, name, price_per_night, rating, latitude, longitude) VALUES (369, 37, 'Hotel Sea Breeze', 1800, 3.5, 15.549600, 73.753100);
INSERT INTO hotels (hotel_id, destination_id, name, price_per_night, rating, latitude, longitude) VALUES (370, 37, 'Hotel Royal Heritage', 1700, 3.4, 15.551200, 73.755600);
INSERT INTO hotels (hotel_id, destination_id, name, price_per_night, rating, latitude, longitude) VALUES (371, 38, 'Goa Marriott Resort & Spa', 14000, 4.6, 15.502400, 73.829900);
INSERT INTO hotels (hotel_id, destination_id, name, price_per_night, rating, latitude, longitude) VALUES (372, 38, 'Grand Hyatt Goa', 15000, 4.7, 15.463900, 73.807300);
INSERT INTO hotels (hotel_id, destination_id, name, price_per_night, rating, latitude, longitude) VALUES (373, 38, 'The Crown Goa', 6000, 4.2, 15.501200, 73.829400);
INSERT INTO hotels (hotel_id, destination_id, name, price_per_night, rating, latitude, longitude) VALUES (374, 38, 'Country Inn & Suites Panaji', 6500, 4.3, 15.499100, 73.828400);
INSERT INTO hotels (hotel_id, destination_id, name, price_per_night, rating, latitude, longitude) VALUES (375, 38, 'Hotel Mandovi', 5200, 4.1, 15.498300, 73.827900);
INSERT INTO hotels (hotel_id, destination_id, name, price_per_night, rating, latitude, longitude) VALUES (376, 38, 'Treebo Trend Sunheads', 2300, 3.7, 15.500600, 73.826300);
INSERT INTO hotels (hotel_id, destination_id, name, price_per_night, rating, latitude, longitude) VALUES (377, 38, 'Hotel Manvin''s', 2800, 3.8, 15.498900, 73.826800);
INSERT INTO hotels (hotel_id, destination_id, name, price_per_night, rating, latitude, longitude) VALUES (378, 38, 'OYO Panaji Central', 2000, 3.6, 15.499800, 73.828100);
INSERT INTO hotels (hotel_id, destination_id, name, price_per_night, rating, latitude, longitude) VALUES (379, 38, 'Hotel Venite', 1800, 3.5, 15.497200, 73.829100);
INSERT INTO hotels (hotel_id, destination_id, name, price_per_night, rating, latitude, longitude) VALUES (380, 38, 'Hotel Viva Panjim', 3000, 4.0, 15.496700, 73.827600);
INSERT INTO hotels (hotel_id, destination_id, name, price_per_night, rating, latitude, longitude) VALUES (381, 39, 'Alila Diwa Goa', 18000, 4.8, 15.330800, 73.913200);
INSERT INTO hotels (hotel_id, destination_id, name, price_per_night, rating, latitude, longitude) VALUES (382, 39, 'The Leela Goa', 22000, 4.9, 15.156900, 73.946200);
INSERT INTO hotels (hotel_id, destination_id, name, price_per_night, rating, latitude, longitude) VALUES (383, 39, 'Planet Hollywood Goa', 9500, 4.4, 15.196600, 73.938900);
INSERT INTO hotels (hotel_id, destination_id, name, price_per_night, rating, latitude, longitude) VALUES (384, 39, 'Heritage Village Resort', 8200, 4.3, 15.246400, 73.949500);
INSERT INTO hotels (hotel_id, destination_id, name, price_per_night, rating, latitude, longitude) VALUES (385, 39, 'Nanu Resort Betalbatim', 7000, 4.2, 15.248900, 73.912600);
INSERT INTO hotels (hotel_id, destination_id, name, price_per_night, rating, latitude, longitude) VALUES (386, 39, 'Treebo Trend Majorda', 2600, 3.8, 15.146200, 73.943800);
INSERT INTO hotels (hotel_id, destination_id, name, price_per_night, rating, latitude, longitude) VALUES (387, 39, 'Hotel Colva Residency', 2400, 3.7, 15.278100, 73.913200);
INSERT INTO hotels (hotel_id, destination_id, name, price_per_night, rating, latitude, longitude) VALUES (388, 39, 'OYO Colva Central', 2000, 3.6, 15.275300, 73.910300);
INSERT INTO hotels (hotel_id, destination_id, name, price_per_night, rating, latitude, longitude) VALUES (389, 39, 'Hotel Amigo Plaza', 1800, 3.5, 15.276100, 73.913800);
INSERT INTO hotels (hotel_id, destination_id, name, price_per_night, rating, latitude, longitude) VALUES (390, 39, 'Hotel Silver Sands', 1700, 3.4, 15.277400, 73.912100);
INSERT INTO hotels (hotel_id, destination_id, name, price_per_night, rating, latitude, longitude) VALUES (391, 40, 'Dudhsagar Spa Resort', 12000, 4.6, 15.318900, 74.081200);
INSERT INTO hotels (hotel_id, destination_id, name, price_per_night, rating, latitude, longitude) VALUES (392, 40, 'The Postcard Hideaway Netravali', 11000, 4.5, 15.330500, 74.190200);
INSERT INTO hotels (hotel_id, destination_id, name, price_per_night, rating, latitude, longitude) VALUES (393, 40, 'Hotel Jungle Book', 6500, 4.2, 15.334200, 74.187800);
INSERT INTO hotels (hotel_id, destination_id, name, price_per_night, rating, latitude, longitude) VALUES (394, 40, 'Hotel Netravali Retreat', 6000, 4.1, 15.331600, 74.188900);
INSERT INTO hotels (hotel_id, destination_id, name, price_per_night, rating, latitude, longitude) VALUES (395, 40, 'Hotel Nature View', 5800, 4.0, 15.329800, 74.186400);
INSERT INTO hotels (hotel_id, destination_id, name, price_per_night, rating, latitude, longitude) VALUES (396, 40, 'Treebo Trend Sanguem', 2600, 3.8, 15.327900, 74.185300);
INSERT INTO hotels (hotel_id, destination_id, name, price_per_night, rating, latitude, longitude) VALUES (397, 40, 'Hotel Sai Residency Sanguem', 2300, 3.7, 15.328400, 74.184200);
INSERT INTO hotels (hotel_id, destination_id, name, price_per_night, rating, latitude, longitude) VALUES (398, 40, 'OYO Sanguem Central', 2000, 3.6, 15.326800, 74.183900);
INSERT INTO hotels (hotel_id, destination_id, name, price_per_night, rating, latitude, longitude) VALUES (399, 40, 'Hotel Hill View Sanguem', 1800, 3.5, 15.325600, 74.186100);
INSERT INTO hotels (hotel_id, destination_id, name, price_per_night, rating, latitude, longitude) VALUES (400, 40, 'Hotel Green Valley', 1700, 3.4, 15.329100, 74.182700);

-- Insert places
INSERT INTO places (place_id, destination_id, name, latitude, longitude, entry_fee, avg_visit_time) VALUES (1, 1, 'RK Beach', 17.712800, 83.318600, 0, 90);
INSERT INTO places (place_id, destination_id, name, latitude, longitude, entry_fee, avg_visit_time) VALUES (2, 1, 'Kailasagiri Hill Park', 17.747300, 83.343600, 20, 90);
INSERT INTO places (place_id, destination_id, name, latitude, longitude, entry_fee, avg_visit_time) VALUES (3, 1, 'INS Kursura Submarine Museum', 17.712400, 83.329900, 40, 60);
INSERT INTO places (place_id, destination_id, name, latitude, longitude, entry_fee, avg_visit_time) VALUES (4, 1, 'Yarada Beach', 17.659800, 83.274600, 0, 120);
INSERT INTO places (place_id, destination_id, name, latitude, longitude, entry_fee, avg_visit_time) VALUES (5, 1, 'Borra Caves', 18.287000, 83.037600, 40, 120);
INSERT INTO places (place_id, destination_id, name, latitude, longitude, entry_fee, avg_visit_time) VALUES (6, 1, 'Simhachalam Temple', 17.766300, 83.249700, 0, 90);
INSERT INTO places (place_id, destination_id, name, latitude, longitude, entry_fee, avg_visit_time) VALUES (7, 1, 'Ross Hill Church', 17.688600, 83.289500, 0, 45);
INSERT INTO places (place_id, destination_id, name, latitude, longitude, entry_fee, avg_visit_time) VALUES (8, 1, 'Araku Valley', 18.327300, 82.877200, 0, 180);
INSERT INTO places (place_id, destination_id, name, latitude, longitude, entry_fee, avg_visit_time) VALUES (9, 1, 'Dolphin''s Nose Viewpoint', 17.676500, 83.287200, 0, 45);
INSERT INTO places (place_id, destination_id, name, latitude, longitude, entry_fee, avg_visit_time) VALUES (10, 1, 'Scuba Diving Rushikonda', 17.782900, 83.385600, 3500, 120);
INSERT INTO places (place_id, destination_id, name, latitude, longitude, entry_fee, avg_visit_time) VALUES (11, 2, 'Kanaka Durga Temple', 16.515000, 80.616700, 0, 90);
INSERT INTO places (place_id, destination_id, name, latitude, longitude, entry_fee, avg_visit_time) VALUES (12, 2, 'Prakasam Barrage', 16.506200, 80.611700, 0, 45);
INSERT INTO places (place_id, destination_id, name, latitude, longitude, entry_fee, avg_visit_time) VALUES (13, 2, 'Bhavani Island', 16.505000, 80.620500, 50, 120);
INSERT INTO places (place_id, destination_id, name, latitude, longitude, entry_fee, avg_visit_time) VALUES (14, 2, 'Gandhi Hill', 16.528300, 80.603700, 0, 60);
INSERT INTO places (place_id, destination_id, name, latitude, longitude, entry_fee, avg_visit_time) VALUES (15, 2, 'Undavalli Caves', 16.497800, 80.579600, 25, 90);
INSERT INTO places (place_id, destination_id, name, latitude, longitude, entry_fee, avg_visit_time) VALUES (16, 2, 'Mangalagiri Temple', 16.430800, 80.568900, 0, 60);
INSERT INTO places (place_id, destination_id, name, latitude, longitude, entry_fee, avg_visit_time) VALUES (17, 2, 'Kondapalli Fort', 16.626800, 80.535600, 0, 90);
INSERT INTO places (place_id, destination_id, name, latitude, longitude, entry_fee, avg_visit_time) VALUES (18, 2, 'VMC Park', 16.512300, 80.624800, 0, 60);
INSERT INTO places (place_id, destination_id, name, latitude, longitude, entry_fee, avg_visit_time) VALUES (19, 2, 'Krishna River Cruise', 16.506800, 80.619900, 300, 60);
INSERT INTO places (place_id, destination_id, name, latitude, longitude, entry_fee, avg_visit_time) VALUES (20, 2, 'Kolavennu Backwaters', 16.457600, 80.542800, 0, 90);
INSERT INTO places (place_id, destination_id, name, latitude, longitude, entry_fee, avg_visit_time) VALUES (21, 3, 'Tirumala Venkateswara Temple', 13.683300, 79.347400, 0, 180);
INSERT INTO places (place_id, destination_id, name, latitude, longitude, entry_fee, avg_visit_time) VALUES (22, 3, 'Silathoranam', 13.683900, 79.350600, 0, 45);
INSERT INTO places (place_id, destination_id, name, latitude, longitude, entry_fee, avg_visit_time) VALUES (23, 3, 'Kapila Theertham', 13.645300, 79.408900, 0, 60);
INSERT INTO places (place_id, destination_id, name, latitude, longitude, entry_fee, avg_visit_time) VALUES (24, 3, 'Chandragiri Fort', 13.586400, 79.317800, 0, 90);
INSERT INTO places (place_id, destination_id, name, latitude, longitude, entry_fee, avg_visit_time) VALUES (25, 3, 'Sri Venkateswara Zoo', 13.634900, 79.374200, 50, 120);
INSERT INTO places (place_id, destination_id, name, latitude, longitude, entry_fee, avg_visit_time) VALUES (26, 3, 'Akasa Ganga Waterfall', 13.690900, 79.348700, 0, 60);
INSERT INTO places (place_id, destination_id, name, latitude, longitude, entry_fee, avg_visit_time) VALUES (27, 3, 'Deer Park Tirumala', 13.679800, 79.345900, 0, 60);
INSERT INTO places (place_id, destination_id, name, latitude, longitude, entry_fee, avg_visit_time) VALUES (28, 3, 'TTD Gardens', 13.682100, 79.346600, 0, 60);
INSERT INTO places (place_id, destination_id, name, latitude, longitude, entry_fee, avg_visit_time) VALUES (29, 3, 'Rock Garden', 13.636500, 79.372900, 0, 45);
INSERT INTO places (place_id, destination_id, name, latitude, longitude, entry_fee, avg_visit_time) VALUES (30, 3, 'Tirupati Heritage Walk', 13.628800, 79.419200, 0, 60);
INSERT INTO places (place_id, destination_id, name, latitude, longitude, entry_fee, avg_visit_time) VALUES (31, 4, 'Belum Caves', 15.101000, 78.113600, 60, 120);
INSERT INTO places (place_id, destination_id, name, latitude, longitude, entry_fee, avg_visit_time) VALUES (32, 4, 'Konda Reddy Fort', 15.828100, 78.036300, 0, 60);
INSERT INTO places (place_id, destination_id, name, latitude, longitude, entry_fee, avg_visit_time) VALUES (33, 4, 'Oravakallu Rock Garden', 15.781700, 78.012200, 20, 90);
INSERT INTO places (place_id, destination_id, name, latitude, longitude, entry_fee, avg_visit_time) VALUES (34, 4, 'Rollapadu Wildlife Sanctuary', 15.432500, 78.210000, 50, 150);
INSERT INTO places (place_id, destination_id, name, latitude, longitude, entry_fee, avg_visit_time) VALUES (35, 4, 'Srisailam Dam', 16.074000, 78.868600, 0, 90);
INSERT INTO places (place_id, destination_id, name, latitude, longitude, entry_fee, avg_visit_time) VALUES (36, 4, 'Sakshi Ganapati Temple', 15.785200, 78.045800, 0, 45);
INSERT INTO places (place_id, destination_id, name, latitude, longitude, entry_fee, avg_visit_time) VALUES (37, 4, 'Ahobilam Temple', 15.137200, 78.774600, 0, 120);
INSERT INTO places (place_id, destination_id, name, latitude, longitude, entry_fee, avg_visit_time) VALUES (38, 4, 'Pathala Ganga', 16.074800, 78.869300, 150, 60);
INSERT INTO places (place_id, destination_id, name, latitude, longitude, entry_fee, avg_visit_time) VALUES (39, 4, 'Nallamala Forest Trek', 15.950000, 78.850000, 0, 180);
INSERT INTO places (place_id, destination_id, name, latitude, longitude, entry_fee, avg_visit_time) VALUES (40, 4, 'Kurnool Heritage Walk', 15.828900, 78.037800, 0, 60);
INSERT INTO places (place_id, destination_id, name, latitude, longitude, entry_fee, avg_visit_time) VALUES (41, 5, 'Papi Hills', 17.443600, 81.819600, 0, 180);
INSERT INTO places (place_id, destination_id, name, latitude, longitude, entry_fee, avg_visit_time) VALUES (42, 5, 'Godavari River Cruise', 17.000500, 81.804000, 500, 180);
INSERT INTO places (place_id, destination_id, name, latitude, longitude, entry_fee, avg_visit_time) VALUES (43, 5, 'Rallabandi Subbarao Museum', 17.000000, 81.804200, 10, 60);
INSERT INTO places (place_id, destination_id, name, latitude, longitude, entry_fee, avg_visit_time) VALUES (44, 5, 'Iskcon Temple Rajahmundry', 17.015600, 81.807900, 0, 60);
INSERT INTO places (place_id, destination_id, name, latitude, longitude, entry_fee, avg_visit_time) VALUES (45, 5, 'Dowleswaram Barrage', 17.051600, 81.797700, 0, 45);
INSERT INTO places (place_id, destination_id, name, latitude, longitude, entry_fee, avg_visit_time) VALUES (46, 5, 'Kadiyapulanka Gardens', 16.995600, 81.804700, 0, 90);
INSERT INTO places (place_id, destination_id, name, latitude, longitude, entry_fee, avg_visit_time) VALUES (47, 5, 'Pattiseema', 17.084600, 81.650900, 0, 60);
INSERT INTO places (place_id, destination_id, name, latitude, longitude, entry_fee, avg_visit_time) VALUES (48, 5, 'Pushkar Ghat', 16.996200, 81.804900, 0, 60);
INSERT INTO places (place_id, destination_id, name, latitude, longitude, entry_fee, avg_visit_time) VALUES (49, 5, 'Govindarajula Gutta', 17.019800, 81.820300, 0, 45);
INSERT INTO places (place_id, destination_id, name, latitude, longitude, entry_fee, avg_visit_time) VALUES (50, 5, 'Rajahmundry Heritage Walk', 16.998800, 81.804500, 0, 60);
INSERT INTO places (place_id, destination_id, name, latitude, longitude, entry_fee, avg_visit_time) VALUES (51, 6, 'Kondaveedu Fort', 16.616800, 80.352900, 0, 90);
INSERT INTO places (place_id, destination_id, name, latitude, longitude, entry_fee, avg_visit_time) VALUES (52, 6, 'Amaravati Stupa', 16.572600, 80.356400, 0, 90);
INSERT INTO places (place_id, destination_id, name, latitude, longitude, entry_fee, avg_visit_time) VALUES (53, 6, 'Undavalli Caves', 16.497800, 80.579600, 25, 90);
INSERT INTO places (place_id, destination_id, name, latitude, longitude, entry_fee, avg_visit_time) VALUES (54, 6, 'Ettipotala Waterfall', 16.539200, 79.282200, 0, 90);
INSERT INTO places (place_id, destination_id, name, latitude, longitude, entry_fee, avg_visit_time) VALUES (55, 6, 'Amaravati Museum', 16.572800, 80.357200, 10, 60);
INSERT INTO places (place_id, destination_id, name, latitude, longitude, entry_fee, avg_visit_time) VALUES (56, 6, 'Uppalapadu Bird Sanctuary', 16.364200, 80.436300, 10, 60);
INSERT INTO places (place_id, destination_id, name, latitude, longitude, entry_fee, avg_visit_time) VALUES (57, 6, 'Krishna River Ghat', 16.508600, 80.640700, 0, 45);
INSERT INTO places (place_id, destination_id, name, latitude, longitude, entry_fee, avg_visit_time) VALUES (58, 6, 'Chuttugunta Circle', 16.306700, 80.437600, 0, 30);
INSERT INTO places (place_id, destination_id, name, latitude, longitude, entry_fee, avg_visit_time) VALUES (59, 6, 'Nagarjuna Sagar Viewpoint', 16.578500, 79.310200, 0, 60);
INSERT INTO places (place_id, destination_id, name, latitude, longitude, entry_fee, avg_visit_time) VALUES (60, 6, 'Guntur Heritage Walk', 16.306900, 80.436500, 0, 60);
INSERT INTO places (place_id, destination_id, name, latitude, longitude, entry_fee, avg_visit_time) VALUES (61, 7, 'Nellore Beach', 14.444200, 79.986000, 0, 120);
INSERT INTO places (place_id, destination_id, name, latitude, longitude, entry_fee, avg_visit_time) VALUES (62, 7, 'Pennar River Barrage', 14.441200, 79.986600, 0, 45);
INSERT INTO places (place_id, destination_id, name, latitude, longitude, entry_fee, avg_visit_time) VALUES (63, 7, 'Ranganatha Temple', 14.441800, 79.986900, 0, 60);
INSERT INTO places (place_id, destination_id, name, latitude, longitude, entry_fee, avg_visit_time) VALUES (64, 7, 'Mypadu Beach', 14.451900, 79.999400, 0, 120);
INSERT INTO places (place_id, destination_id, name, latitude, longitude, entry_fee, avg_visit_time) VALUES (65, 7, 'Nelapattu Bird Sanctuary', 13.880300, 79.844400, 50, 120);
INSERT INTO places (place_id, destination_id, name, latitude, longitude, entry_fee, avg_visit_time) VALUES (66, 7, 'Udayagiri Fort', 14.913300, 79.317600, 0, 90);
INSERT INTO places (place_id, destination_id, name, latitude, longitude, entry_fee, avg_visit_time) VALUES (67, 7, 'Venkatagiri Fort', 13.960000, 79.580000, 0, 90);
INSERT INTO places (place_id, destination_id, name, latitude, longitude, entry_fee, avg_visit_time) VALUES (68, 7, 'Barah Shaheed Dargah', 14.440100, 79.987900, 0, 30);
INSERT INTO places (place_id, destination_id, name, latitude, longitude, entry_fee, avg_visit_time) VALUES (69, 7, 'Jonnawada Temple', 14.461600, 79.975200, 0, 60);
INSERT INTO places (place_id, destination_id, name, latitude, longitude, entry_fee, avg_visit_time) VALUES (70, 7, 'Nellore Heritage Walk', 14.441500, 79.986800, 0, 60);
INSERT INTO places (place_id, destination_id, name, latitude, longitude, entry_fee, avg_visit_time) VALUES (71, 8, 'Ongole Beach', 15.503600, 80.048500, 0, 120);
INSERT INTO places (place_id, destination_id, name, latitude, longitude, entry_fee, avg_visit_time) VALUES (72, 8, 'Kothapatnam Beach', 15.479600, 80.079600, 0, 120);
INSERT INTO places (place_id, destination_id, name, latitude, longitude, entry_fee, avg_visit_time) VALUES (73, 8, 'Chennakesava Swamy Temple', 15.505300, 80.049900, 0, 60);
INSERT INTO places (place_id, destination_id, name, latitude, longitude, entry_fee, avg_visit_time) VALUES (74, 8, 'Bhairavakona Caves', 14.888200, 79.200700, 0, 120);
INSERT INTO places (place_id, destination_id, name, latitude, longitude, entry_fee, avg_visit_time) VALUES (75, 8, 'Ramathirtham', 15.506900, 80.051800, 0, 60);
INSERT INTO places (place_id, destination_id, name, latitude, longitude, entry_fee, avg_visit_time) VALUES (76, 8, 'Kandaleru Dam', 14.577900, 79.614300, 0, 60);
INSERT INTO places (place_id, destination_id, name, latitude, longitude, entry_fee, avg_visit_time) VALUES (77, 8, 'Ongole Cattle Market', 15.505900, 80.049300, 0, 60);
INSERT INTO places (place_id, destination_id, name, latitude, longitude, entry_fee, avg_visit_time) VALUES (78, 8, 'Sri Prasanna Chennakesava Temple', 15.507200, 80.047800, 0, 60);
INSERT INTO places (place_id, destination_id, name, latitude, longitude, entry_fee, avg_visit_time) VALUES (79, 8, 'Ongole Viewpoint', 15.511800, 80.043200, 0, 30);
INSERT INTO places (place_id, destination_id, name, latitude, longitude, entry_fee, avg_visit_time) VALUES (80, 8, 'Ongole Heritage Walk', 15.506400, 80.048900, 0, 1020);
INSERT INTO places (place_id, destination_id, name, latitude, longitude, entry_fee, avg_visit_time) VALUES (81, 9, 'Kolleru Lake', 16.620000, 81.200000, 0, 180);
INSERT INTO places (place_id, destination_id, name, latitude, longitude, entry_fee, avg_visit_time) VALUES (82, 9, 'Buddha Park Eluru', 16.712000, 81.100800, 0, 60);
INSERT INTO places (place_id, destination_id, name, latitude, longitude, entry_fee, avg_visit_time) VALUES (83, 9, 'Eluru Canal View', 16.708800, 81.095600, 0, 45);
INSERT INTO places (place_id, destination_id, name, latitude, longitude, entry_fee, avg_visit_time) VALUES (84, 9, 'Gudivada Buddha Stupa', 16.433800, 80.991700, 0, 60);
INSERT INTO places (place_id, destination_id, name, latitude, longitude, entry_fee, avg_visit_time) VALUES (85, 9, 'Kolleru Bird Sanctuary', 16.615800, 81.210200, 50, 120);
INSERT INTO places (place_id, destination_id, name, latitude, longitude, entry_fee, avg_visit_time) VALUES (86, 9, 'Pedavegi Buddhist Ruins', 16.633300, 81.042600, 0, 90);
INSERT INTO places (place_id, destination_id, name, latitude, longitude, entry_fee, avg_visit_time) VALUES (87, 9, 'Eluru Heritage Walk', 16.710000, 81.095000, 0, 60);
INSERT INTO places (place_id, destination_id, name, latitude, longitude, entry_fee, avg_visit_time) VALUES (88, 9, 'Tammileru River Bank', 16.705600, 81.104300, 0, 45);
INSERT INTO places (place_id, destination_id, name, latitude, longitude, entry_fee, avg_visit_time) VALUES (89, 9, 'Eluru Parks Cluster', 16.711200, 81.098700, 0, 60);
INSERT INTO places (place_id, destination_id, name, latitude, longitude, entry_fee, avg_visit_time) VALUES (90, 9, 'Eluru Water Sports Zone', 16.707800, 81.101900, 300, 90);
INSERT INTO places (place_id, destination_id, name, latitude, longitude, entry_fee, avg_visit_time) VALUES (91, 10, 'Kalingapatnam Beach', 18.341800, 84.119400, 0, 120);
INSERT INTO places (place_id, destination_id, name, latitude, longitude, entry_fee, avg_visit_time) VALUES (92, 10, 'Salihundam Buddhist Complex', 18.325600, 84.050400, 0, 90);
INSERT INTO places (place_id, destination_id, name, latitude, longitude, entry_fee, avg_visit_time) VALUES (93, 10, 'Sri Mukhalingam Temple', 18.594300, 83.950200, 0, 90);
INSERT INTO places (place_id, destination_id, name, latitude, longitude, entry_fee, avg_visit_time) VALUES (94, 10, 'Baruva Beach', 18.213500, 84.022400, 0, 120);
INSERT INTO places (place_id, destination_id, name, latitude, longitude, entry_fee, avg_visit_time) VALUES (95, 10, 'Telineelapuram Bird Sanctuary', 18.503800, 83.858900, 10, 90);
INSERT INTO places (place_id, destination_id, name, latitude, longitude, entry_fee, avg_visit_time) VALUES (96, 10, 'Kalingapatnam Lighthouse', 18.343900, 84.118000, 0, 30);
INSERT INTO places (place_id, destination_id, name, latitude, longitude, entry_fee, avg_visit_time) VALUES (97, 10, 'Narasannapeta Handloom Village', 18.414600, 83.941200, 0, 60);
INSERT INTO places (place_id, destination_id, name, latitude, longitude, entry_fee, avg_visit_time) VALUES (98, 10, 'Srikurmam Temple', 18.266300, 84.038400, 0, 90);
INSERT INTO places (place_id, destination_id, name, latitude, longitude, entry_fee, avg_visit_time) VALUES (99, 10, 'Vamsadhara River View', 18.336700, 83.934600, 0, 45);
INSERT INTO places (place_id, destination_id, name, latitude, longitude, entry_fee, avg_visit_time) VALUES (100, 10, 'Srikakulam Heritage Walk', 18.296900, 83.897700, 0, 60);
INSERT INTO places (place_id, destination_id, name, latitude, longitude, entry_fee, avg_visit_time) VALUES (101, 11, 'Kakinada Beach', 16.989100, 82.247500, 0, 120);
INSERT INTO places (place_id, destination_id, name, latitude, longitude, entry_fee, avg_visit_time) VALUES (102, 11, 'Hope Island', 17.008900, 82.350600, 0, 150);
INSERT INTO places (place_id, destination_id, name, latitude, longitude, entry_fee, avg_visit_time) VALUES (103, 11, 'Coringa Wildlife Sanctuary', 16.819700, 82.303300, 50, 120);
INSERT INTO places (place_id, destination_id, name, latitude, longitude, entry_fee, avg_visit_time) VALUES (104, 11, 'Uppada Beach', 17.090300, 82.337900, 0, 120);
INSERT INTO places (place_id, destination_id, name, latitude, longitude, entry_fee, avg_visit_time) VALUES (105, 11, 'Kakinada Port View', 16.989900, 82.251800, 0, 30);
INSERT INTO places (place_id, destination_id, name, latitude, longitude, entry_fee, avg_visit_time) VALUES (106, 11, 'Jagannatha Swamy Temple', 16.989600, 82.247000, 0, 60);
INSERT INTO places (place_id, destination_id, name, latitude, longitude, entry_fee, avg_visit_time) VALUES (107, 11, 'Bhaskara Rao Park', 16.985700, 82.243900, 0, 60);
INSERT INTO places (place_id, destination_id, name, latitude, longitude, entry_fee, avg_visit_time) VALUES (108, 11, 'Kakinada Heritage Walk', 16.988200, 82.246800, 0, 60);
INSERT INTO places (place_id, destination_id, name, latitude, longitude, entry_fee, avg_visit_time) VALUES (109, 11, 'Boat Ride to Hope Island', 16.993500, 82.258900, 500, 120);
INSERT INTO places (place_id, destination_id, name, latitude, longitude, entry_fee, avg_visit_time) VALUES (110, 11, 'Adurru Buddhist Stupa', 16.873800, 82.202600, 0, 90);
INSERT INTO places (place_id, destination_id, name, latitude, longitude, entry_fee, avg_visit_time) VALUES (111, 12, 'Gooty Fort', 15.126900, 77.634900, 0, 120);
INSERT INTO places (place_id, destination_id, name, latitude, longitude, entry_fee, avg_visit_time) VALUES (112, 12, 'Puttaparthi Ashram', 14.165100, 77.811600, 0, 120);
INSERT INTO places (place_id, destination_id, name, latitude, longitude, entry_fee, avg_visit_time) VALUES (113, 12, 'Lepakshi Veerabhadra Temple', 13.806700, 77.606700, 0, 90);
INSERT INTO places (place_id, destination_id, name, latitude, longitude, entry_fee, avg_visit_time) VALUES (114, 12, 'Pennar River View', 14.677800, 77.600500, 0, 45);
INSERT INTO places (place_id, destination_id, name, latitude, longitude, entry_fee, avg_visit_time) VALUES (115, 12, 'Nallamada Reservoir', 14.973600, 77.705200, 0, 90);
INSERT INTO places (place_id, destination_id, name, latitude, longitude, entry_fee, avg_visit_time) VALUES (116, 12, 'Ahobilam Hills Trek', 15.137200, 78.774600, 0, 180);
INSERT INTO places (place_id, destination_id, name, latitude, longitude, entry_fee, avg_visit_time) VALUES (117, 12, 'Sri Sathya Sai Museum', 14.165800, 77.812300, 0, 60);
INSERT INTO places (place_id, destination_id, name, latitude, longitude, entry_fee, avg_visit_time) VALUES (118, 12, 'Gooty Town Heritage Walk', 15.121500, 77.630800, 0, 60);
INSERT INTO places (place_id, destination_id, name, latitude, longitude, entry_fee, avg_visit_time) VALUES (119, 12, 'Bugga Ramalingeswara Temple', 14.932900, 77.817200, 0, 60);
INSERT INTO places (place_id, destination_id, name, latitude, longitude, entry_fee, avg_visit_time) VALUES (120, 12, 'Nagarjuna Sagar Canal View', 14.860300, 77.692100, 0, 45);
INSERT INTO places (place_id, destination_id, name, latitude, longitude, entry_fee, avg_visit_time) VALUES (121, 13, 'Gandikota Fort', 14.814300, 78.286100, 0, 120);
INSERT INTO places (place_id, destination_id, name, latitude, longitude, entry_fee, avg_visit_time) VALUES (122, 13, 'Gandikota Canyon', 14.812500, 78.288900, 0, 120);
INSERT INTO places (place_id, destination_id, name, latitude, longitude, entry_fee, avg_visit_time) VALUES (123, 13, 'Belum Caves', 15.101000, 78.113600, 60, 120);
INSERT INTO places (place_id, destination_id, name, latitude, longitude, entry_fee, avg_visit_time) VALUES (124, 13, 'Ameen Peer Dargah', 14.475600, 78.835300, 0, 45);
INSERT INTO places (place_id, destination_id, name, latitude, longitude, entry_fee, avg_visit_time) VALUES (125, 13, 'Pushpagiri Temple', 14.456200, 78.814600, 0, 90);
INSERT INTO places (place_id, destination_id, name, latitude, longitude, entry_fee, avg_visit_time) VALUES (126, 13, 'Sidhout Fort', 14.463900, 78.819200, 0, 60);
INSERT INTO places (place_id, destination_id, name, latitude, longitude, entry_fee, avg_visit_time) VALUES (127, 13, 'Rayachoty Hill View', 14.048400, 78.749300, 0, 45);
INSERT INTO places (place_id, destination_id, name, latitude, longitude, entry_fee, avg_visit_time) VALUES (128, 13, 'Mylavaram Dam', 14.485200, 78.785600, 0, 60);
INSERT INTO places (place_id, destination_id, name, latitude, longitude, entry_fee, avg_visit_time) VALUES (129, 13, 'Kadapa Heritage Walk', 14.475900, 78.835900, 0, 60);
INSERT INTO places (place_id, destination_id, name, latitude, longitude, entry_fee, avg_visit_time) VALUES (130, 13, 'Ontimitta Temple', 14.393400, 79.009600, 0, 90);
INSERT INTO places (place_id, destination_id, name, latitude, longitude, entry_fee, avg_visit_time) VALUES (131, 14, 'Horsley Hills', 13.650900, 78.403600, 30, 150);
INSERT INTO places (place_id, destination_id, name, latitude, longitude, entry_fee, avg_visit_time) VALUES (132, 14, 'Kaundinya Wildlife Sanctuary', 13.682800, 78.607200, 50, 150);
INSERT INTO places (place_id, destination_id, name, latitude, longitude, entry_fee, avg_visit_time) VALUES (133, 14, 'Kanipakam Vinayaka Temple', 13.277200, 79.019600, 0, 90);
INSERT INTO places (place_id, destination_id, name, latitude, longitude, entry_fee, avg_visit_time) VALUES (134, 14, 'Chandragiri Fort', 13.586400, 79.317800, 0, 90);
INSERT INTO places (place_id, destination_id, name, latitude, longitude, entry_fee, avg_visit_time) VALUES (135, 14, 'Talakona Waterfall', 13.815400, 79.214200, 0, 120);
INSERT INTO places (place_id, destination_id, name, latitude, longitude, entry_fee, avg_visit_time) VALUES (136, 14, 'Nagari Hills Trek', 13.308200, 79.586100, 0, 180);
INSERT INTO places (place_id, destination_id, name, latitude, longitude, entry_fee, avg_visit_time) VALUES (137, 14, 'Srikalahasti Temple', 13.749000, 79.698800, 0, 90);
INSERT INTO places (place_id, destination_id, name, latitude, longitude, entry_fee, avg_visit_time) VALUES (138, 14, 'Kalyani Dam', 13.637800, 78.506900, 0, 60);
INSERT INTO places (place_id, destination_id, name, latitude, longitude, entry_fee, avg_visit_time) VALUES (139, 14, 'Chittoor Heritage Walk', 13.217200, 79.100300, 0, 60);
INSERT INTO places (place_id, destination_id, name, latitude, longitude, entry_fee, avg_visit_time) VALUES (140, 14, 'Kalavagunta Viewpoint', 13.660900, 78.432200, 0, 45);
INSERT INTO places (place_id, destination_id, name, latitude, longitude, entry_fee, avg_visit_time) VALUES (141, 15, 'Vizianagaram Fort', 18.113300, 83.411200, 0, 90);
INSERT INTO places (place_id, destination_id, name, latitude, longitude, entry_fee, avg_visit_time) VALUES (142, 15, 'Ramanaidu Studios Viewpoint', 17.735800, 83.266600, 0, 45);
INSERT INTO places (place_id, destination_id, name, latitude, longitude, entry_fee, avg_visit_time) VALUES (143, 15, 'Thatipudi Reservoir', 18.019400, 83.512600, 0, 90);
INSERT INTO places (place_id, destination_id, name, latitude, longitude, entry_fee, avg_visit_time) VALUES (144, 15, 'Padmanabham Temple', 17.966900, 83.483700, 0, 60);
INSERT INTO places (place_id, destination_id, name, latitude, longitude, entry_fee, avg_visit_time) VALUES (145, 15, 'Simhachalam Hills', 17.766300, 83.249700, 0, 90);
INSERT INTO places (place_id, destination_id, name, latitude, longitude, entry_fee, avg_visit_time) VALUES (146, 15, 'Seethammadara Viewpoint', 17.744600, 83.296400, 0, 45);
INSERT INTO places (place_id, destination_id, name, latitude, longitude, entry_fee, avg_visit_time) VALUES (147, 15, 'Thotlakonda Buddhist Site', 17.828600, 83.419800, 0, 90);
INSERT INTO places (place_id, destination_id, name, latitude, longitude, entry_fee, avg_visit_time) VALUES (148, 15, 'Kumili Handloom Village', 18.156400, 83.438200, 0, 60);
INSERT INTO places (place_id, destination_id, name, latitude, longitude, entry_fee, avg_visit_time) VALUES (149, 15, 'Vizianagaram Heritage Walk', 18.112900, 83.411900, 0, 60);
INSERT INTO places (place_id, destination_id, name, latitude, longitude, entry_fee, avg_visit_time) VALUES (150, 15, 'Gantyada View Hills', 18.170300, 83.469100, 0, 45);
INSERT INTO places (place_id, destination_id, name, latitude, longitude, entry_fee, avg_visit_time) VALUES (151, 16, 'Manginapudi Beach', 16.187400, 81.138200, 0, 120);
INSERT INTO places (place_id, destination_id, name, latitude, longitude, entry_fee, avg_visit_time) VALUES (152, 16, 'Machilipatnam Fort Ruins', 16.182600, 81.137000, 0, 60);
INSERT INTO places (place_id, destination_id, name, latitude, longitude, entry_fee, avg_visit_time) VALUES (153, 16, 'Panduranga Swamy Temple', 16.187900, 81.136400, 0, 60);
INSERT INTO places (place_id, destination_id, name, latitude, longitude, entry_fee, avg_visit_time) VALUES (154, 16, 'Avanigadda Backwaters', 16.021700, 80.919200, 0, 90);
INSERT INTO places (place_id, destination_id, name, latitude, longitude, entry_fee, avg_visit_time) VALUES (155, 16, 'Pedana Kalamkari Village', 16.260600, 81.134600, 0, 90);
INSERT INTO places (place_id, destination_id, name, latitude, longitude, entry_fee, avg_visit_time) VALUES (156, 16, 'Machilipatnam Lighthouse', 16.186100, 81.140300, 0, 45);
INSERT INTO places (place_id, destination_id, name, latitude, longitude, entry_fee, avg_visit_time) VALUES (157, 16, 'Ghantasala Buddhist Site', 16.238300, 81.052800, 0, 90);
INSERT INTO places (place_id, destination_id, name, latitude, longitude, entry_fee, avg_visit_time) VALUES (158, 16, 'Krishna Delta Bird Area', 16.200000, 81.050000, 0, 120);
INSERT INTO places (place_id, destination_id, name, latitude, longitude, entry_fee, avg_visit_time) VALUES (159, 16, 'Machilipatnam Heritage Walk', 16.185900, 81.136800, 0, 60);
INSERT INTO places (place_id, destination_id, name, latitude, longitude, entry_fee, avg_visit_time) VALUES (160, 16, 'Water Sports Manginapudi', 16.188200, 81.139500, 800, 90);
INSERT INTO places (place_id, destination_id, name, latitude, longitude, entry_fee, avg_visit_time) VALUES (161, 17, 'Mahanandi Temple', 15.486800, 78.512300, 0, 90);
INSERT INTO places (place_id, destination_id, name, latitude, longitude, entry_fee, avg_visit_time) VALUES (162, 17, 'Banaganapalli Fort', 15.317900, 78.226300, 0, 60);
INSERT INTO places (place_id, destination_id, name, latitude, longitude, entry_fee, avg_visit_time) VALUES (163, 17, 'Ahobilam Upper Temple', 15.137200, 78.774600, 0, 120);
INSERT INTO places (place_id, destination_id, name, latitude, longitude, entry_fee, avg_visit_time) VALUES (164, 17, 'Nallamala Forest View', 15.381400, 78.618200, 0, 90);
INSERT INTO places (place_id, destination_id, name, latitude, longitude, entry_fee, avg_visit_time) VALUES (165, 17, 'Oravakallu Rock Garden', 15.781700, 78.012200, 20, 90);
INSERT INTO places (place_id, destination_id, name, latitude, longitude, entry_fee, avg_visit_time) VALUES (166, 17, 'Mahanandi Backwater Area', 15.492300, 78.508700, 0, 60);
INSERT INTO places (place_id, destination_id, name, latitude, longitude, entry_fee, avg_visit_time) VALUES (167, 17, 'Nandyal Heritage Walk', 15.477300, 78.482800, 0, 60);
INSERT INTO places (place_id, destination_id, name, latitude, longitude, entry_fee, avg_visit_time) VALUES (168, 17, 'Pathala Ganga Boat Ride', 16.074800, 78.869300, 150, 60);
INSERT INTO places (place_id, destination_id, name, latitude, longitude, entry_fee, avg_visit_time) VALUES (169, 17, 'Rollapadu Sanctuary Access', 15.432500, 78.210000, 50, 120);
INSERT INTO places (place_id, destination_id, name, latitude, longitude, entry_fee, avg_visit_time) VALUES (170, 17, 'Shivagiri Hill View', 15.460800, 78.495600, 0, 45);
INSERT INTO places (place_id, destination_id, name, latitude, longitude, entry_fee, avg_visit_time) VALUES (171, 18, 'Proddatur Town Viewpoint', 14.739900, 78.550600, 0, 45);
INSERT INTO places (place_id, destination_id, name, latitude, longitude, entry_fee, avg_visit_time) VALUES (172, 18, 'Siddheswara Swamy Temple', 14.737800, 78.553900, 0, 60);
INSERT INTO places (place_id, destination_id, name, latitude, longitude, entry_fee, avg_visit_time) VALUES (173, 18, 'Proddatur Heritage Walk', 14.739100, 78.551200, 0, 60);
INSERT INTO places (place_id, destination_id, name, latitude, longitude, entry_fee, avg_visit_time) VALUES (174, 18, 'Gandikota Day Trip', 14.814300, 78.286100, 0, 180);
INSERT INTO places (place_id, destination_id, name, latitude, longitude, entry_fee, avg_visit_time) VALUES (175, 18, 'Penna River Bank', 14.735600, 78.552400, 0, 60);
INSERT INTO places (place_id, destination_id, name, latitude, longitude, entry_fee, avg_visit_time) VALUES (176, 18, 'Sidhout Fort', 14.463900, 78.819200, 0, 90);
INSERT INTO places (place_id, destination_id, name, latitude, longitude, entry_fee, avg_visit_time) VALUES (177, 18, 'Rayachoty Road View', 14.692200, 78.640300, 0, 45);
INSERT INTO places (place_id, destination_id, name, latitude, longitude, entry_fee, avg_visit_time) VALUES (178, 18, 'Proddatur Market', 14.739400, 78.552100, 0, 60);
INSERT INTO places (place_id, destination_id, name, latitude, longitude, entry_fee, avg_visit_time) VALUES (179, 18, 'Penna River Bridge View', 14.737200, 78.550800, 0, 30);
INSERT INTO places (place_id, destination_id, name, latitude, longitude, entry_fee, avg_visit_time) VALUES (180, 18, 'Cultural Hall Proddatur', 14.738800, 78.551900, 0, 60);
INSERT INTO places (place_id, destination_id, name, latitude, longitude, entry_fee, avg_visit_time) VALUES (181, 19, 'Tenali Beach Access', 16.240000, 80.640000, 0, 120);
INSERT INTO places (place_id, destination_id, name, latitude, longitude, entry_fee, avg_visit_time) VALUES (182, 19, 'Tenali Ramalingeswara Temple', 16.239800, 80.640900, 0, 60);
INSERT INTO places (place_id, destination_id, name, latitude, longitude, entry_fee, avg_visit_time) VALUES (183, 19, 'Krishna Canal Bank', 16.237600, 80.642300, 0, 45);
INSERT INTO places (place_id, destination_id, name, latitude, longitude, entry_fee, avg_visit_time) VALUES (184, 19, 'Chandole Handloom Village', 16.220900, 80.655400, 0, 90);
INSERT INTO places (place_id, destination_id, name, latitude, longitude, entry_fee, avg_visit_time) VALUES (185, 19, 'Tenali Heritage Walk', 16.239200, 80.641800, 0, 60);
INSERT INTO places (place_id, destination_id, name, latitude, longitude, entry_fee, avg_visit_time) VALUES (186, 19, 'Munnangi Backwaters', 16.195300, 80.658900, 0, 90);
INSERT INTO places (place_id, destination_id, name, latitude, longitude, entry_fee, avg_visit_time) VALUES (187, 19, 'Water Sports Krishna Canal', 16.238800, 80.643600, 300, 60);
INSERT INTO places (place_id, destination_id, name, latitude, longitude, entry_fee, avg_visit_time) VALUES (188, 19, 'Tenali Central Park', 16.240600, 80.641200, 0, 60);
INSERT INTO places (place_id, destination_id, name, latitude, longitude, entry_fee, avg_visit_time) VALUES (189, 19, 'Tenali Market', 16.239500, 80.641500, 0, 60);
INSERT INTO places (place_id, destination_id, name, latitude, longitude, entry_fee, avg_visit_time) VALUES (190, 19, 'Village Cycling Route', 16.210000, 80.650000, 0, 90);
INSERT INTO places (place_id, destination_id, name, latitude, longitude, entry_fee, avg_visit_time) VALUES (191, 20, 'Dhyana Buddha Statue', 16.572000, 80.357800, 0, 60);
INSERT INTO places (place_id, destination_id, name, latitude, longitude, entry_fee, avg_visit_time) VALUES (192, 20, 'Amaravati Stupa', 16.572600, 80.356400, 0, 90);
INSERT INTO places (place_id, destination_id, name, latitude, longitude, entry_fee, avg_visit_time) VALUES (193, 20, 'Amaravati Museum', 16.572800, 80.357200, 10, 60);
INSERT INTO places (place_id, destination_id, name, latitude, longitude, entry_fee, avg_visit_time) VALUES (194, 20, 'Krishna River Viewpoint', 16.574500, 80.359600, 0, 45);
INSERT INTO places (place_id, destination_id, name, latitude, longitude, entry_fee, avg_visit_time) VALUES (195, 20, 'Amaravati Heritage Walk', 16.573200, 80.356900, 0, 60);
INSERT INTO places (place_id, destination_id, name, latitude, longitude, entry_fee, avg_visit_time) VALUES (196, 20, 'Uddandarayunipalem Capital Zone', 16.515200, 80.516300, 0, 60);
INSERT INTO places (place_id, destination_id, name, latitude, longitude, entry_fee, avg_visit_time) VALUES (197, 20, 'Kondaveedu Fort Access', 16.616800, 80.352900, 0, 90);
INSERT INTO places (place_id, destination_id, name, latitude, longitude, entry_fee, avg_visit_time) VALUES (198, 20, 'Seed Access Road View', 16.565300, 80.361800, 0, 45);
INSERT INTO places (place_id, destination_id, name, latitude, longitude, entry_fee, avg_visit_time) VALUES (199, 20, 'Cycling Track Amaravati', 16.570900, 80.360200, 0, 90);
INSERT INTO places (place_id, destination_id, name, latitude, longitude, entry_fee, avg_visit_time) VALUES (200, 20, 'Sunset Point Amaravati', 16.573800, 80.358400, 0, 45);
INSERT INTO places (place_id, destination_id, name, latitude, longitude, entry_fee, avg_visit_time) VALUES (201, 21, 'Miramar Beach', 15.476681, 73.806676, 0, 90);
INSERT INTO places (place_id, destination_id, name, latitude, longitude, entry_fee, avg_visit_time) VALUES (202, 21, 'Dona Paula View Point', 15.454900, 73.802800, 0, 45);
INSERT INTO places (place_id, destination_id, name, latitude, longitude, entry_fee, avg_visit_time) VALUES (203, 21, 'Reis Magos Fort', 15.496508, 73.809132, 50, 90);
INSERT INTO places (place_id, destination_id, name, latitude, longitude, entry_fee, avg_visit_time) VALUES (204, 21, 'Goa State Museum', 15.498500, 73.828300, 10, 60);
INSERT INTO places (place_id, destination_id, name, latitude, longitude, entry_fee, avg_visit_time) VALUES (205, 21, 'Fontainhas Latin Quarter', 15.496800, 73.829900, 0, 75);
INSERT INTO places (place_id, destination_id, name, latitude, longitude, entry_fee, avg_visit_time) VALUES (206, 21, 'Dr Salim Ali Bird Sanctuary', 15.538800, 73.866600, 10, 120);
INSERT INTO places (place_id, destination_id, name, latitude, longitude, entry_fee, avg_visit_time) VALUES (207, 21, 'Immaculate Conception Church', 15.498200, 73.828800, 0, 45);
INSERT INTO places (place_id, destination_id, name, latitude, longitude, entry_fee, avg_visit_time) VALUES (208, 21, 'Mandovi River Cruise', 15.498600, 73.825900, 300, 60);
INSERT INTO places (place_id, destination_id, name, latitude, longitude, entry_fee, avg_visit_time) VALUES (209, 21, 'Campal Gardens', 15.493200, 73.819800, 0, 45);
INSERT INTO places (place_id, destination_id, name, latitude, longitude, entry_fee, avg_visit_time) VALUES (210, 21, 'Miramar Cycling Track', 15.491000, 73.807500, 0, 60);
INSERT INTO places (place_id, destination_id, name, latitude, longitude, entry_fee, avg_visit_time) VALUES (211, 22, 'Calangute Beach', 15.542488, 73.755562, 0, 120);
INSERT INTO places (place_id, destination_id, name, latitude, longitude, entry_fee, avg_visit_time) VALUES (212, 22, 'Baga River Point', 15.556800, 73.751000, 0, 60);
INSERT INTO places (place_id, destination_id, name, latitude, longitude, entry_fee, avg_visit_time) VALUES (213, 22, 'Tito''s Lane', 15.556100, 73.751700, 0, 120);
INSERT INTO places (place_id, destination_id, name, latitude, longitude, entry_fee, avg_visit_time) VALUES (214, 22, 'St Alex Church', 15.541584, 73.768025, 0, 45);
INSERT INTO places (place_id, destination_id, name, latitude, longitude, entry_fee, avg_visit_time) VALUES (215, 22, 'Kerkar Art Complex', 15.553100, 73.754800, 0, 60);
INSERT INTO places (place_id, destination_id, name, latitude, longitude, entry_fee, avg_visit_time) VALUES (216, 22, 'Baga Creek Kayaking', 15.557200, 73.750200, 800, 90);
INSERT INTO places (place_id, destination_id, name, latitude, longitude, entry_fee, avg_visit_time) VALUES (217, 22, 'Calangute Market', 15.545165, 73.763103, 0, 60);
INSERT INTO places (place_id, destination_id, name, latitude, longitude, entry_fee, avg_visit_time) VALUES (218, 22, 'Infantaria Restaurant Area', 15.549900, 73.754900, 0, 60);
INSERT INTO places (place_id, destination_id, name, latitude, longitude, entry_fee, avg_visit_time) VALUES (219, 22, 'Baga Snow Park', 15.557400, 73.750900, 1200, 60);
INSERT INTO places (place_id, destination_id, name, latitude, longitude, entry_fee, avg_visit_time) VALUES (220, 22, 'Baga Beach Extension', 15.558000, 73.751400, 0, 90);
INSERT INTO places (place_id, destination_id, name, latitude, longitude, entry_fee, avg_visit_time) VALUES (221, 23, 'Candolim Beach', 15.519800, 73.764200, 0, 120);
INSERT INTO places (place_id, destination_id, name, latitude, longitude, entry_fee, avg_visit_time) VALUES (222, 23, 'Sinquerim Fort', 15.498500, 73.763800, 0, 75);
INSERT INTO places (place_id, destination_id, name, latitude, longitude, entry_fee, avg_visit_time) VALUES (223, 23, 'Aguada Fort Lighthouse', 15.489500, 73.773700, 0, 60);
INSERT INTO places (place_id, destination_id, name, latitude, longitude, entry_fee, avg_visit_time) VALUES (224, 23, 'Calizz Restaurant Area', 15.517200, 73.762500, 0, 90);
INSERT INTO places (place_id, destination_id, name, latitude, longitude, entry_fee, avg_visit_time) VALUES (225, 23, 'Water Sports Zone', 15.515900, 73.762800, 1000, 90);
INSERT INTO places (place_id, destination_id, name, latitude, longitude, entry_fee, avg_visit_time) VALUES (226, 23, 'Princess River Cruise', 15.519000, 73.766000, 400, 60);
INSERT INTO places (place_id, destination_id, name, latitude, longitude, entry_fee, avg_visit_time) VALUES (227, 23, 'Sinq Night Market', 15.496500, 73.769200, 0, 90);
INSERT INTO places (place_id, destination_id, name, latitude, longitude, entry_fee, avg_visit_time) VALUES (228, 23, 'Nerul River Kayaking', 15.510600, 73.773900, 900, 90);
INSERT INTO places (place_id, destination_id, name, latitude, longitude, entry_fee, avg_visit_time) VALUES (229, 23, 'Sunset Point Sinquerim', 15.497900, 73.764400, 0, 45);
INSERT INTO places (place_id, destination_id, name, latitude, longitude, entry_fee, avg_visit_time) VALUES (230, 23, 'Candolim Church', 15.506108, 73.770850, 0, 30);
INSERT INTO places (place_id, destination_id, name, latitude, longitude, entry_fee, avg_visit_time) VALUES (231, 24, 'Mapusa Market', 15.590300, 73.813900, 0, 90);
INSERT INTO places (place_id, destination_id, name, latitude, longitude, entry_fee, avg_visit_time) VALUES (232, 24, 'St Jerome Church', 15.589554, 73.818393, 0, 45);
INSERT INTO places (place_id, destination_id, name, latitude, longitude, entry_fee, avg_visit_time) VALUES (233, 24, 'Anjuna View Hills', 15.584900, 73.807400, 0, 60);
INSERT INTO places (place_id, destination_id, name, latitude, longitude, entry_fee, avg_visit_time) VALUES (234, 24, 'Chapora River Bank', 15.602500, 73.820300, 0, 60);
INSERT INTO places (place_id, destination_id, name, latitude, longitude, entry_fee, avg_visit_time) VALUES (235, 24, 'Mapusa Municipal Garden', 15.592800, 73.812900, 0, 45);
INSERT INTO places (place_id, destination_id, name, latitude, longitude, entry_fee, avg_visit_time) VALUES (236, 24, 'Bodgeshwar Temple', 15.584541, 73.805877, 0, 60);
INSERT INTO places (place_id, destination_id, name, latitude, longitude, entry_fee, avg_visit_time) VALUES (237, 24, 'Local Spice Shops', 15.591600, 73.813500, 0, 45);
INSERT INTO places (place_id, destination_id, name, latitude, longitude, entry_fee, avg_visit_time) VALUES (238, 24, 'Moira Cycling Route', 15.604200, 73.823800, 0, 90);
INSERT INTO places (place_id, destination_id, name, latitude, longitude, entry_fee, avg_visit_time) VALUES (239, 24, 'Mapusa Cultural Hall', 15.589900, 73.812300, 0, 60);
INSERT INTO places (place_id, destination_id, name, latitude, longitude, entry_fee, avg_visit_time) VALUES (240, 24, 'Parra Road', 15.573986, 73.793697, 0, 30);
INSERT INTO places (place_id, destination_id, name, latitude, longitude, entry_fee, avg_visit_time) VALUES (241, 31, 'Colva Beach', 15.285791, 73.910545, 0, 120);
INSERT INTO places (place_id, destination_id, name, latitude, longitude, entry_fee, avg_visit_time) VALUES (242, 31, 'Benaulim Beach', 15.254200, 73.924100, 0, 120);
INSERT INTO places (place_id, destination_id, name, latitude, longitude, entry_fee, avg_visit_time) VALUES (243, 31, 'Our Lady of Grace Church', 15.275600, 73.958000, 0, 45);
INSERT INTO places (place_id, destination_id, name, latitude, longitude, entry_fee, avg_visit_time) VALUES (244, 31, 'Margao Municipal Garden', 15.277900, 73.962300, 0, 45);
INSERT INTO places (place_id, destination_id, name, latitude, longitude, entry_fee, avg_visit_time) VALUES (245, 31, 'Burnzam Ghor', 15.275100, 73.960200, 100, 60);
INSERT INTO places (place_id, destination_id, name, latitude, longitude, entry_fee, avg_visit_time) VALUES (246, 31, 'Cabo de Rama Road Drive', 15.230200, 73.981100, 0, 90);
INSERT INTO places (place_id, destination_id, name, latitude, longitude, entry_fee, avg_visit_time) VALUES (247, 31, 'Colva Creek Kayaking', 15.276000, 73.914800, 800, 90);
INSERT INTO places (place_id, destination_id, name, latitude, longitude, entry_fee, avg_visit_time) VALUES (248, 31, 'Margao Market', 15.275900, 73.958900, 0, 60);
INSERT INTO places (place_id, destination_id, name, latitude, longitude, entry_fee, avg_visit_time) VALUES (249, 31, 'Navelim Hill View', 15.283600, 73.952200, 0, 45);
INSERT INTO places (place_id, destination_id, name, latitude, longitude, entry_fee, avg_visit_time) VALUES (250, 31, 'Loyola College Area', 15.281200, 73.960900, 0, 45);
INSERT INTO places (place_id, destination_id, name, latitude, longitude, entry_fee, avg_visit_time) VALUES (251, 41, 'Bogmalo Beach', 15.369369, 73.834122, 0, 120);
INSERT INTO places (place_id, destination_id, name, latitude, longitude, entry_fee, avg_visit_time) VALUES (252, 41, 'Baina Beach', 15.387609, 73.807447, 0, 90);
INSERT INTO places (place_id, destination_id, name, latitude, longitude, entry_fee, avg_visit_time) VALUES (253, 41, 'Naval Aviation Museum', 15.374666, 73.838736, 50, 90);
INSERT INTO places (place_id, destination_id, name, latitude, longitude, entry_fee, avg_visit_time) VALUES (254, 41, 'Mormugao Fort', 15.412081, 73.794354, 0, 60);
INSERT INTO places (place_id, destination_id, name, latitude, longitude, entry_fee, avg_visit_time) VALUES (255, 41, 'Japanese Garden', 15.407152, 73.787391, 0, 45);
INSERT INTO places (place_id, destination_id, name, latitude, longitude, entry_fee, avg_visit_time) VALUES (256, 41, 'St Andrew''s Church', 15.399648, 73.817385, 0, 45);
INSERT INTO places (place_id, destination_id, name, latitude, longitude, entry_fee, avg_visit_time) VALUES (257, 41, 'Mormugao Harbour Viewpoint', 15.402200, 73.808500, 0, 30);
INSERT INTO places (place_id, destination_id, name, latitude, longitude, entry_fee, avg_visit_time) VALUES (258, 41, 'Hollant Beach', 15.369597, 73.861977, 0, 90);
INSERT INTO places (place_id, destination_id, name, latitude, longitude, entry_fee, avg_visit_time) VALUES (259, 41, 'Vasco Market', 15.398900, 73.810700, 0, 60);
INSERT INTO places (place_id, destination_id, name, latitude, longitude, entry_fee, avg_visit_time) VALUES (260, 41, 'Issorcim Cliff Point', 15.382400, 73.834100, 0, 60);
INSERT INTO places (place_id, destination_id, name, latitude, longitude, entry_fee, avg_visit_time) VALUES (261, 30, 'Basilica of Bom Jesus', 15.500800, 73.911600, 0, 90);
INSERT INTO places (place_id, destination_id, name, latitude, longitude, entry_fee, avg_visit_time) VALUES (262, 30, 'Se Cathedral', 15.504200, 73.912100, 0, 90);
INSERT INTO places (place_id, destination_id, name, latitude, longitude, entry_fee, avg_visit_time) VALUES (263, 30, 'Church of St Francis of Assisi', 15.649248, 73.830630, 0, 60);
INSERT INTO places (place_id, destination_id, name, latitude, longitude, entry_fee, avg_visit_time) VALUES (264, 30, 'Church of St Cajetan', 15.505700, 73.915100, 0, 60);
INSERT INTO places (place_id, destination_id, name, latitude, longitude, entry_fee, avg_visit_time) VALUES (265, 30, 'Ruins of St Augustine', 15.500500, 73.906500, 0, 60);
INSERT INTO places (place_id, destination_id, name, latitude, longitude, entry_fee, avg_visit_time) VALUES (266, 30, 'Arch of the Viceroys', 15.505800, 73.913700, 0, 30);
INSERT INTO places (place_id, destination_id, name, latitude, longitude, entry_fee, avg_visit_time) VALUES (267, 30, 'Museum of Christian Art', 15.501400, 73.907300, 50, 60);
INSERT INTO places (place_id, destination_id, name, latitude, longitude, entry_fee, avg_visit_time) VALUES (268, 30, 'Divar Island Ferry Point', 15.509200, 73.904900, 0, 45);
INSERT INTO places (place_id, destination_id, name, latitude, longitude, entry_fee, avg_visit_time) VALUES (269, 30, 'Our Lady of the Rosary Church', 15.501700, 73.905000, 0, 45);
INSERT INTO places (place_id, destination_id, name, latitude, longitude, entry_fee, avg_visit_time) VALUES (270, 30, 'Mandovi Riverside Walk', 15.504300, 73.910600, 0, 45);
INSERT INTO places (place_id, destination_id, name, latitude, longitude, entry_fee, avg_visit_time) VALUES (271, 42, 'Shri Mangeshi Temple', 15.422600, 73.982200, 0, 90);
INSERT INTO places (place_id, destination_id, name, latitude, longitude, entry_fee, avg_visit_time) VALUES (272, 42, 'Shri Shantadurga Temple', 15.396137, 73.985478, 0, 90);
INSERT INTO places (place_id, destination_id, name, latitude, longitude, entry_fee, avg_visit_time) VALUES (273, 42, 'Braganza House', 15.261199, 74.043537, 100, 60);
INSERT INTO places (place_id, destination_id, name, latitude, longitude, entry_fee, avg_visit_time) VALUES (274, 42, 'Bondla Wildlife Sanctuary', 15.438300, 74.101900, 50, 120);
INSERT INTO places (place_id, destination_id, name, latitude, longitude, entry_fee, avg_visit_time) VALUES (275, 42, 'Safa Masjid', 15.406407, 73.999984, 0, 45);
INSERT INTO places (place_id, destination_id, name, latitude, longitude, entry_fee, avg_visit_time) VALUES (276, 42, 'Spice Plantation Tour', 15.419300, 74.020500, 400, 120);
INSERT INTO places (place_id, destination_id, name, latitude, longitude, entry_fee, avg_visit_time) VALUES (277, 42, 'Netravali Wildlife Sanctuary', 15.341000, 74.191000, 50, 180);
INSERT INTO places (place_id, destination_id, name, latitude, longitude, entry_fee, avg_visit_time) VALUES (278, 42, 'Mhadei River Viewpoint', 15.553300, 74.093200, 0, 45);
INSERT INTO places (place_id, destination_id, name, latitude, longitude, entry_fee, avg_visit_time) VALUES (279, 42, 'Farmagudi Hill View', 15.457300, 73.998700, 0, 30);
INSERT INTO places (place_id, destination_id, name, latitude, longitude, entry_fee, avg_visit_time) VALUES (280, 42, 'Ponda Market', 15.402900, 74.007100, 0, 60);
INSERT INTO places (place_id, destination_id, name, latitude, longitude, entry_fee, avg_visit_time) VALUES (281, 28, 'Anjuna Beach', 15.573900, 73.739500, 0, 120);
INSERT INTO places (place_id, destination_id, name, latitude, longitude, entry_fee, avg_visit_time) VALUES (282, 28, 'Anjuna Flea Market', 15.576391, 73.743977, 0, 120);
INSERT INTO places (place_id, destination_id, name, latitude, longitude, entry_fee, avg_visit_time) VALUES (283, 28, 'St Michael''s Church', 15.589957, 73.764148, 0, 45);
INSERT INTO places (place_id, destination_id, name, latitude, longitude, entry_fee, avg_visit_time) VALUES (284, 28, 'Ozran Beach', 15.593200, 73.738100, 0, 90);
INSERT INTO places (place_id, destination_id, name, latitude, longitude, entry_fee, avg_visit_time) VALUES (285, 28, 'Chapora River Kayaking', 15.590800, 73.740200, 800, 90);
INSERT INTO places (place_id, destination_id, name, latitude, longitude, entry_fee, avg_visit_time) VALUES (286, 28, 'Anjuna Cliff Viewpoint', 15.574200, 73.739200, 0, 45);
INSERT INTO places (place_id, destination_id, name, latitude, longitude, entry_fee, avg_visit_time) VALUES (287, 28, 'Curlies Beach Shack', 15.583700, 73.733100, 0, 120);
INSERT INTO places (place_id, destination_id, name, latitude, longitude, entry_fee, avg_visit_time) VALUES (288, 28, 'Vagator Hill Trail', 15.600100, 73.736800, 0, 60);
INSERT INTO places (place_id, destination_id, name, latitude, longitude, entry_fee, avg_visit_time) VALUES (289, 28, 'Blue Flag Rock View', 15.574500, 73.738900, 0, 30);
INSERT INTO places (place_id, destination_id, name, latitude, longitude, entry_fee, avg_visit_time) VALUES (290, 28, 'Anjuna Heritage Walk', 15.575800, 73.744100, 0, 60);
INSERT INTO places (place_id, destination_id, name, latitude, longitude, entry_fee, avg_visit_time) VALUES (291, 29, 'Vagator Beach', 15.601100, 73.736800, 0, 120);
INSERT INTO places (place_id, destination_id, name, latitude, longitude, entry_fee, avg_visit_time) VALUES (292, 29, 'Chapora Fort', 15.605951, 73.736356, 0, 90);
INSERT INTO places (place_id, destination_id, name, latitude, longitude, entry_fee, avg_visit_time) VALUES (293, 29, 'Ozran Beach', 15.593200, 73.738100, 0, 90);
INSERT INTO places (place_id, destination_id, name, latitude, longitude, entry_fee, avg_visit_time) VALUES (294, 29, 'Big Vagator Beach', 15.604800, 73.735400, 0, 90);
INSERT INTO places (place_id, destination_id, name, latitude, longitude, entry_fee, avg_visit_time) VALUES (295, 29, 'Sunset Point Vagator', 15.602200, 73.736500, 0, 45);
INSERT INTO places (place_id, destination_id, name, latitude, longitude, entry_fee, avg_visit_time) VALUES (296, 29, 'Vagator Hilltop Cafes', 15.646300, 73.735900, 0, 90);
INSERT INTO places (place_id, destination_id, name, latitude, longitude, entry_fee, avg_visit_time) VALUES (297, 29, 'Chapora River View', 15.620800, 73.742100, 0, 45);
INSERT INTO places (place_id, destination_id, name, latitude, longitude, entry_fee, avg_visit_time) VALUES (298, 29, 'Rock Climbing Spot Vagator', 15.647500, 73.733000, 0, 60);
INSERT INTO places (place_id, destination_id, name, latitude, longitude, entry_fee, avg_visit_time) VALUES (299, 29, 'St Anthony''s Chapel', 15.644814, 73.834600, 0, 30);
INSERT INTO places (place_id, destination_id, name, latitude, longitude, entry_fee, avg_visit_time) VALUES (300, 29, 'Vagator Coastal Walk', 15.603500, 73.734900, 0, 60);
INSERT INTO places (place_id, destination_id, name, latitude, longitude, entry_fee, avg_visit_time) VALUES (301, 24, 'Mapusa Municipal Market', 15.590200, 73.814000, 0, 90);
INSERT INTO places (place_id, destination_id, name, latitude, longitude, entry_fee, avg_visit_time) VALUES (302, 24, 'St Jerome Church', 15.589554, 73.818393, 0, 45);
INSERT INTO places (place_id, destination_id, name, latitude, longitude, entry_fee, avg_visit_time) VALUES (303, 24, 'Bodgeshwar Temple', 15.584541, 73.805877, 0, 60);
INSERT INTO places (place_id, destination_id, name, latitude, longitude, entry_fee, avg_visit_time) VALUES (304, 24, 'Parra Road', 15.573942, 73.793664, 0, 30);
INSERT INTO places (place_id, destination_id, name, latitude, longitude, entry_fee, avg_visit_time) VALUES (305, 24, 'Moira Village Walk', 15.604800, 73.819600, 0, 60);
INSERT INTO places (place_id, destination_id, name, latitude, longitude, entry_fee, avg_visit_time) VALUES (306, 24, 'Chapora River Bank', 15.602500, 73.820300, 0, 60);
INSERT INTO places (place_id, destination_id, name, latitude, longitude, entry_fee, avg_visit_time) VALUES (307, 24, 'Mapusa Cultural Hall', 15.589900, 73.812300, 0, 60);
INSERT INTO places (place_id, destination_id, name, latitude, longitude, entry_fee, avg_visit_time) VALUES (308, 24, 'Anjuna Hills Viewpoint', 15.580200, 73.745300, 0, 45);
INSERT INTO places (place_id, destination_id, name, latitude, longitude, entry_fee, avg_visit_time) VALUES (309, 24, 'Mapusa Garden', 15.592800, 73.812900, 0, 45);
INSERT INTO places (place_id, destination_id, name, latitude, longitude, entry_fee, avg_visit_time) VALUES (310, 24, 'Local Spice Shops', 15.591600, 73.813500, 0, 45);
INSERT INTO places (place_id, destination_id, name, latitude, longitude, entry_fee, avg_visit_time) VALUES (311, 22, 'Calangute Beach', 15.542488, 73.755562, 0, 120);
INSERT INTO places (place_id, destination_id, name, latitude, longitude, entry_fee, avg_visit_time) VALUES (312, 22, 'St Alex Church', 15.541584, 73.768025, 0, 45);
INSERT INTO places (place_id, destination_id, name, latitude, longitude, entry_fee, avg_visit_time) VALUES (313, 22, 'Calangute Market Square', 15.548800, 73.756500, 0, 60);
INSERT INTO places (place_id, destination_id, name, latitude, longitude, entry_fee, avg_visit_time) VALUES (314, 22, 'Baga Creek Kayaking', 15.557200, 73.750200, 800, 90);
INSERT INTO places (place_id, destination_id, name, latitude, longitude, entry_fee, avg_visit_time) VALUES (315, 22, 'Tito''s Lane', 15.556100, 73.751700, 0, 120);
INSERT INTO places (place_id, destination_id, name, latitude, longitude, entry_fee, avg_visit_time) VALUES (316, 22, 'Infantaria Bakery', 15.549900, 73.754900, 0, 60);
INSERT INTO places (place_id, destination_id, name, latitude, longitude, entry_fee, avg_visit_time) VALUES (317, 22, 'Baga Snow Park', 15.557400, 73.750900, 1200, 60);
INSERT INTO places (place_id, destination_id, name, latitude, longitude, entry_fee, avg_visit_time) VALUES (318, 22, 'Baga River Mouth', 15.556800, 73.751000, 0, 45);
INSERT INTO places (place_id, destination_id, name, latitude, longitude, entry_fee, avg_visit_time) VALUES (319, 22, 'Kerkar Art Complex', 15.553100, 73.754800, 0, 60);
INSERT INTO places (place_id, destination_id, name, latitude, longitude, entry_fee, avg_visit_time) VALUES (320, 22, 'Baga Beach Extension', 15.558000, 73.751400, 0, 90);
INSERT INTO places (place_id, destination_id, name, latitude, longitude, entry_fee, avg_visit_time) VALUES (321, 23, 'Candolim Beach', 15.519800, 73.764200, 0, 120);
INSERT INTO places (place_id, destination_id, name, latitude, longitude, entry_fee, avg_visit_time) VALUES (322, 23, 'Fort Aguada', 15.505108, 73.770643, 0, 90);
INSERT INTO places (place_id, destination_id, name, latitude, longitude, entry_fee, avg_visit_time) VALUES (323, 23, 'Sinquerim Beach', 15.501406, 73.767470, 0, 90);
INSERT INTO places (place_id, destination_id, name, latitude, longitude, entry_fee, avg_visit_time) VALUES (324, 23, 'Nerul River Kayaking', 15.510600, 73.773900, 900, 90);
INSERT INTO places (place_id, destination_id, name, latitude, longitude, entry_fee, avg_visit_time) VALUES (325, 23, 'Princess River Cruise', 15.519000, 73.766000, 400, 60);
INSERT INTO places (place_id, destination_id, name, latitude, longitude, entry_fee, avg_visit_time) VALUES (326, 23, 'Sinq Night Market', 15.496500, 73.769200, 0, 90);
INSERT INTO places (place_id, destination_id, name, latitude, longitude, entry_fee, avg_visit_time) VALUES (327, 23, 'Sunset Point Sinquerim', 15.494800, 73.772200, 0, 45);
INSERT INTO places (place_id, destination_id, name, latitude, longitude, entry_fee, avg_visit_time) VALUES (328, 23, 'Calizz Restaurant Strip', 15.517200, 73.762500, 0, 90);
INSERT INTO places (place_id, destination_id, name, latitude, longitude, entry_fee, avg_visit_time) VALUES (329, 23, 'Candolim Church', 15.506108, 73.770850, 0, 30);
INSERT INTO places (place_id, destination_id, name, latitude, longitude, entry_fee, avg_visit_time) VALUES (330, 23, 'Water Sports Zone Candolim', 15.515900, 73.762800, 1000, 90);
INSERT INTO places (place_id, destination_id, name, latitude, longitude, entry_fee, avg_visit_time) VALUES (331, 25, 'Morjim Beach', 15.622501, 73.729856, 0, 120);
INSERT INTO places (place_id, destination_id, name, latitude, longitude, entry_fee, avg_visit_time) VALUES (332, 25, 'Olive Ridley Turtle Nesting Site', 15.630000, 73.736200, 0, 60);
INSERT INTO places (place_id, destination_id, name, latitude, longitude, entry_fee, avg_visit_time) VALUES (333, 25, 'Chapora River View', 15.620800, 73.742100, 0, 45);
INSERT INTO places (place_id, destination_id, name, latitude, longitude, entry_fee, avg_visit_time) VALUES (334, 25, 'St Anthony''s Church Morjim', 15.629000, 73.735000, 0, 30);
INSERT INTO places (place_id, destination_id, name, latitude, longitude, entry_fee, avg_visit_time) VALUES (335, 25, 'Mandrem Cycling Route', 15.650400, 73.740200, 0, 90);
INSERT INTO places (place_id, destination_id, name, latitude, longitude, entry_fee, avg_visit_time) VALUES (336, 25, 'Mandrem Beach', 15.660048, 73.713127, 0, 120);
INSERT INTO places (place_id, destination_id, name, latitude, longitude, entry_fee, avg_visit_time) VALUES (337, 25, 'Morjim Sunset Point', 15.628500, 73.742400, 0, 45);
INSERT INTO places (place_id, destination_id, name, latitude, longitude, entry_fee, avg_visit_time) VALUES (338, 25, 'Chapora Backwater Kayaking', 15.625600, 73.739200, 800, 90);
INSERT INTO places (place_id, destination_id, name, latitude, longitude, entry_fee, avg_visit_time) VALUES (339, 25, 'Russian Food Street', 15.631100, 73.736400, 0, 60);
INSERT INTO places (place_id, destination_id, name, latitude, longitude, entry_fee, avg_visit_time) VALUES (340, 25, 'Morjim Village Walk', 15.633200, 73.737800, 0, 60);
INSERT INTO places (place_id, destination_id, name, latitude, longitude, entry_fee, avg_visit_time) VALUES (341, 26, 'Arambol Beach', 15.678956, 73.705039, 0, 120);
INSERT INTO places (place_id, destination_id, name, latitude, longitude, entry_fee, avg_visit_time) VALUES (342, 26, 'Sweet Water Lake', 15.697800, 73.698250, 0, 60);
INSERT INTO places (place_id, destination_id, name, latitude, longitude, entry_fee, avg_visit_time) VALUES (343, 26, 'Arambol Cliff View', 15.684500, 73.736500, 0, 45);
INSERT INTO places (place_id, destination_id, name, latitude, longitude, entry_fee, avg_visit_time) VALUES (344, 26, 'Keri Beach', 15.715400, 73.745700, 0, 90);
INSERT INTO places (place_id, destination_id, name, latitude, longitude, entry_fee, avg_visit_time) VALUES (345, 26, 'Paragliding Point', 15.716900, 73.707600, 2500, 60);
INSERT INTO places (place_id, destination_id, name, latitude, longitude, entry_fee, avg_visit_time) VALUES (346, 26, 'Arambol Drum Circle', 15.701500, 73.701900, 0, 60);
INSERT INTO places (place_id, destination_id, name, latitude, longitude, entry_fee, avg_visit_time) VALUES (347, 26, 'Harmal Village Walk', 15.704800, 73.719300, 0, 60);
INSERT INTO places (place_id, destination_id, name, latitude, longitude, entry_fee, avg_visit_time) VALUES (348, 26, 'Arambol Banyan Tree Spot', 15.709200, 73.721100, 0, 30);
INSERT INTO places (place_id, destination_id, name, latitude, longitude, entry_fee, avg_visit_time) VALUES (349, 26, 'Kalacha Beach', 15.697841, 73.697525, 0, 90);
INSERT INTO places (place_id, destination_id, name, latitude, longitude, entry_fee, avg_visit_time) VALUES (350, 26, 'Arambol Yoga Centres', 15.703900, 73.719900, NULL, 90);
INSERT INTO places (place_id, destination_id, name, latitude, longitude, entry_fee, avg_visit_time) VALUES (351, 31, 'Colva Beach', 15.285791, 73.910545, 0, 120);
INSERT INTO places (place_id, destination_id, name, latitude, longitude, entry_fee, avg_visit_time) VALUES (352, 31, 'Benaulim Beach', 15.254200, 73.924100, 0, 120);
INSERT INTO places (place_id, destination_id, name, latitude, longitude, entry_fee, avg_visit_time) VALUES (353, 31, 'Our Lady of Grace Church', 15.275600, 73.958000, 0, 45);
INSERT INTO places (place_id, destination_id, name, latitude, longitude, entry_fee, avg_visit_time) VALUES (354, 31, 'Burnzam Ghor', 15.275100, 73.960200, 100, 60);
INSERT INTO places (place_id, destination_id, name, latitude, longitude, entry_fee, avg_visit_time) VALUES (355, 31, 'Margao Municipal Garden', 15.277900, 73.962300, 0, 45);
INSERT INTO places (place_id, destination_id, name, latitude, longitude, entry_fee, avg_visit_time) VALUES (356, 31, 'Margao Market', 15.275900, 73.958900, 0, 60);
INSERT INTO places (place_id, destination_id, name, latitude, longitude, entry_fee, avg_visit_time) VALUES (357, 31, 'Colva Creek Kayaking', 15.276000, 73.914800, 800, 90);
INSERT INTO places (place_id, destination_id, name, latitude, longitude, entry_fee, avg_visit_time) VALUES (358, 31, 'Navelim Hill View', 15.283800, 73.952700, 0, 45);
INSERT INTO places (place_id, destination_id, name, latitude, longitude, entry_fee, avg_visit_time) VALUES (359, 31, 'Loyola College Area', 15.281200, 73.960900, 0, 45);
INSERT INTO places (place_id, destination_id, name, latitude, longitude, entry_fee, avg_visit_time) VALUES (360, 31, 'Fatorda Stadium Area', 15.264400, 73.963300, 0, 60);
INSERT INTO places (place_id, destination_id, name, latitude, longitude, entry_fee, avg_visit_time) VALUES (361, 32, 'Colva Beach Main Stretch', 15.279500, 73.913800, 0, 120);
INSERT INTO places (place_id, destination_id, name, latitude, longitude, entry_fee, avg_visit_time) VALUES (362, 32, 'Sernabatim Beach', 15.265200, 73.917700, 0, 120);
INSERT INTO places (place_id, destination_id, name, latitude, longitude, entry_fee, avg_visit_time) VALUES (363, 32, 'Our Lady of Mercy Church', 15.279900, 73.912900, 0, 45);
INSERT INTO places (place_id, destination_id, name, latitude, longitude, entry_fee, avg_visit_time) VALUES (364, 32, 'Colva Promenade', 15.278200, 73.910300, 0, 60);
INSERT INTO places (place_id, destination_id, name, latitude, longitude, entry_fee, avg_visit_time) VALUES (365, 32, 'Benaulim Backwater Kayaking', 15.262100, 73.920400, 800, 90);
INSERT INTO places (place_id, destination_id, name, latitude, longitude, entry_fee, avg_visit_time) VALUES (366, 32, 'Colva Market', 15.279800, 73.913600, 0, 60);
INSERT INTO places (place_id, destination_id, name, latitude, longitude, entry_fee, avg_visit_time) VALUES (367, 32, 'Sunset Point Colva', 15.278900, 73.913300, 0, 45);
INSERT INTO places (place_id, destination_id, name, latitude, longitude, entry_fee, avg_visit_time) VALUES (368, 32, 'Water Sports Zone Colva', 15.279300, 73.910800, 1000, 90);
INSERT INTO places (place_id, destination_id, name, latitude, longitude, entry_fee, avg_visit_time) VALUES (369, 32, 'Colva Heritage Walk', 15.281100, 73.915100, 0, 60);
INSERT INTO places (place_id, destination_id, name, latitude, longitude, entry_fee, avg_visit_time) VALUES (370, 32, 'Sernabatim Dunes', 15.266400, 73.913500, 0, 60);
INSERT INTO places (place_id, destination_id, name, latitude, longitude, entry_fee, avg_visit_time) VALUES (371, 33, 'Benaulim Beach', 15.254200, 73.924100, 0, 120);
INSERT INTO places (place_id, destination_id, name, latitude, longitude, entry_fee, avg_visit_time) VALUES (372, 33, 'Trinity Beach', 15.249900, 73.927500, 0, 90);
INSERT INTO places (place_id, destination_id, name, latitude, longitude, entry_fee, avg_visit_time) VALUES (373, 33, 'St John the Baptist Church', 15.479810, 73.922612, 0, 45);
INSERT INTO places (place_id, destination_id, name, latitude, longitude, entry_fee, avg_visit_time) VALUES (374, 33, 'Zalor Beach', 15.200662, 73.934514, 0, 90);
INSERT INTO places (place_id, destination_id, name, latitude, longitude, entry_fee, avg_visit_time) VALUES (375, 33, 'Benaulim Fishing Jetty', 15.252600, 73.923900, 0, 45);
INSERT INTO places (place_id, destination_id, name, latitude, longitude, entry_fee, avg_visit_time) VALUES (376, 33, 'Benaulim Backwater Trail', 15.256200, 73.930300, 0, 60);
INSERT INTO places (place_id, destination_id, name, latitude, longitude, entry_fee, avg_visit_time) VALUES (377, 33, 'Water Sports Benaulim', 15.254700, 73.923100, 900, 90);
INSERT INTO places (place_id, destination_id, name, latitude, longitude, entry_fee, avg_visit_time) VALUES (378, 33, 'Benaulim Sunset Point', 15.254000, 73.923800, 0, 45);
INSERT INTO places (place_id, destination_id, name, latitude, longitude, entry_fee, avg_visit_time) VALUES (379, 33, 'Benaulim Heritage Walk', 15.255300, 73.926700, 0, 60);
INSERT INTO places (place_id, destination_id, name, latitude, longitude, entry_fee, avg_visit_time) VALUES (380, 33, 'Lotus Pond Area', 15.258900, 73.932100, 0, 45);
INSERT INTO places (place_id, destination_id, name, latitude, longitude, entry_fee, avg_visit_time) VALUES (381, 34, 'Palolem Beach', 15.009900, 74.023300, 0, 120);
INSERT INTO places (place_id, destination_id, name, latitude, longitude, entry_fee, avg_visit_time) VALUES (382, 34, 'Agonda Beach', 15.041552, 73.987162, 0, 120);
INSERT INTO places (place_id, destination_id, name, latitude, longitude, entry_fee, avg_visit_time) VALUES (383, 34, 'Butterfly Beach', 15.019466, 74.001634, 0, 90);
INSERT INTO places (place_id, destination_id, name, latitude, longitude, entry_fee, avg_visit_time) VALUES (384, 34, 'Cotigao Wildlife Sanctuary', 14.9760, 74.2062, 50, 150);
INSERT INTO places (place_id, destination_id, name, latitude, longitude, entry_fee, avg_visit_time) VALUES (385, 34, 'Galjibag Turtle Nesting Site', 14.938900, 74.040300, 0, 60);
INSERT INTO places (place_id, destination_id, name, latitude, longitude, entry_fee, avg_visit_time) VALUES (386, 34, 'Palolem Dolphin Cruise', 15.009900, 74.023300, 500, 60);
INSERT INTO places (place_id, destination_id, name, latitude, longitude, entry_fee, avg_visit_time) VALUES (387, 34, 'Cabo de Rama Fort', 15.087411, 73.919927, 0, 90);
INSERT INTO places (place_id, destination_id, name, latitude, longitude, entry_fee, avg_visit_time) VALUES (388, 34, 'Cola Beach', 15.059252, 73.970151, 0, 120);
INSERT INTO places (place_id, destination_id, name, latitude, longitude, entry_fee, avg_visit_time) VALUES (389, 34, 'Palolem Market', 15.010200, 74.023500, 0, 60);
INSERT INTO places (place_id, destination_id, name, latitude, longitude, entry_fee, avg_visit_time) VALUES (390, 34, 'Agonda Sunset Point', 15.041900, 73.994100, 0, 45);
INSERT INTO places (place_id, destination_id, name, latitude, longitude, entry_fee, avg_visit_time) VALUES (391, 35, 'Salaulim Dam', 15.213723, 74.179647, 0, 90);
INSERT INTO places (place_id, destination_id, name, latitude, longitude, entry_fee, avg_visit_time) VALUES (392, 35, 'Curdi Village Ruins', 15.146900, 74.043200, 0, 60);
INSERT INTO places (place_id, destination_id, name, latitude, longitude, entry_fee, avg_visit_time) VALUES (393, 35, 'Church of Our Lady of Snows', 15.195000, 74.062000, 0, 45);
INSERT INTO places (place_id, destination_id, name, latitude, longitude, entry_fee, avg_visit_time) VALUES (394, 35, 'Betul Beach', 15.254000, 73.985000, 0, 90);
INSERT INTO places (place_id, destination_id, name, latitude, longitude, entry_fee, avg_visit_time) VALUES (395, 35, 'Netravali Wildlife Sanctuary', 15.341200, 74.190800, 50, 180);
INSERT INTO places (place_id, destination_id, name, latitude, longitude, entry_fee, avg_visit_time) VALUES (396, 35, 'Wildlife Viewpoint Netravali', 15.342500, 74.192200, 0, 45);
INSERT INTO places (place_id, destination_id, name, latitude, longitude, entry_fee, avg_visit_time) VALUES (397, 35, 'Kuskem Waterfall', 15.299214, 74.124047, 0, 90);
INSERT INTO places (place_id, destination_id, name, latitude, longitude, entry_fee, avg_visit_time) VALUES (398, 35, 'Quepem Market', 15.212400, 74.078700, 0, 60);
INSERT INTO places (place_id, destination_id, name, latitude, longitude, entry_fee, avg_visit_time) VALUES (399, 35, 'Salaulim Backwater Kayaking', 15.141600, 74.049900, 900, 90);
INSERT INTO places (place_id, destination_id, name, latitude, longitude, entry_fee, avg_visit_time) VALUES (400, 35, 'Hill Viewpoint Quepem', 15.206200, 74.084100, 0, 45);

-- Reset sequences
SELECT setval('destinations_destination_id_seq', 43);
SELECT setval('hotels_hotel_id_seq', 401);
SELECT setval('places_place_id_seq', 401);
