SET session_replication_role = replica;

-- Clear existing data
TRUNCATE TABLE places, hotels, destinations CASCADE;

-- Insert destinations
INSERT INTO destinations (destination_id, name, state) VALUES (1, 'Visakhapatnam', 'Andhra Pradesh');
INSERT INTO destinations (destination_id, name, state) VALUES (2, 'Vijayawada', 'Andhra Pradesh');
INSERT INTO destinations (destination_id, name, state) VALUES (3, 'Tirupati', 'Andhra Pradesh');
INSERT INTO destinations (destination_id, name, state) VALUES (4, 'Kurnool', 'Andhra Pradesh');
INSERT INTO destinations (destination_id, name, state) VALUES (5, 'Rajahmundry', 'Andhra Pradesh');
INSERT INTO destinations (destination_id, name, state) VALUES (6, 'Guntur', 'Andhra Pradesh');
INSERT INTO destinations (destination_id, name, state) VALUES (7, 'Nellore', 'Andhra Pradesh');
INSERT INTO destinations (destination_id, name, state) VALUES (8, 'Ongole', 'Andhra Pradesh');
INSERT INTO destinations (destination_id, name, state) VALUES (9, 'Eluru', 'Andhra Pradesh');
INSERT INTO destinations (destination_id, name, state) VALUES (10, 'Srikakulam', 'Andhra Pradesh');
INSERT INTO destinations (destination_id, name, state) VALUES (11, 'Kakinada', 'Andhra Pradesh');
INSERT INTO destinations (destination_id, name, state) VALUES (12, 'Anantapur', 'Andhra Pradesh');
INSERT INTO destinations (destination_id, name, state) VALUES (13, 'Kadapa', 'Andhra Pradesh');
INSERT INTO destinations (destination_id, name, state) VALUES (14, 'Chittoor', 'Andhra Pradesh');
INSERT INTO destinations (destination_id, name, state) VALUES (15, 'Vizianagaram', 'Andhra Pradesh');
INSERT INTO destinations (destination_id, name, state) VALUES (16, 'Machilipatnam', 'Andhra Pradesh');
INSERT INTO destinations (destination_id, name, state) VALUES (17, 'Nandyal', 'Andhra Pradesh');
INSERT INTO destinations (destination_id, name, state) VALUES (18, 'Proddatur', 'Andhra Pradesh');
INSERT INTO destinations (destination_id, name, state) VALUES (19, 'Tenali', 'Andhra Pradesh');
INSERT INTO destinations (destination_id, name, state) VALUES (20, 'Amaravati', 'Andhra Pradesh');
INSERT INTO destinations (destination_id, name, state) VALUES (21, 'Panaji', 'Goa');
INSERT INTO destinations (destination_id, name, state) VALUES (22, 'Calangute', 'Goa');
INSERT INTO destinations (destination_id, name, state) VALUES (23, 'Candolim', 'Goa');
INSERT INTO destinations (destination_id, name, state) VALUES (24, 'Mapusa', 'Goa');
INSERT INTO destinations (destination_id, name, state) VALUES (25, 'Morjim', 'Goa');
INSERT INTO destinations (destination_id, name, state) VALUES (26, 'Arambol', 'Goa');
INSERT INTO destinations (destination_id, name, state) VALUES (27, 'Baga', 'Goa');
INSERT INTO destinations (destination_id, name, state) VALUES (28, 'Anjuna', 'Goa');
INSERT INTO destinations (destination_id, name, state) VALUES (29, 'Vagator', 'Goa');
INSERT INTO destinations (destination_id, name, state) VALUES (30, 'Old Goa', 'Goa');
INSERT INTO destinations (destination_id, name, state) VALUES (31, 'Margao', 'Goa');
INSERT INTO destinations (destination_id, name, state) VALUES (32, 'Colva', 'Goa');
INSERT INTO destinations (destination_id, name, state) VALUES (33, 'Benaulim', 'Goa');
INSERT INTO destinations (destination_id, name, state) VALUES (34, 'Canacona', 'Goa');
INSERT INTO destinations (destination_id, name, state) VALUES (35, 'Quepem', 'Goa');
INSERT INTO destinations (destination_id, name, state) VALUES (36, 'Pernem', 'Goa');
INSERT INTO destinations (destination_id, name, state) VALUES (37, 'Bardez', 'Goa');
INSERT INTO destinations (destination_id, name, state) VALUES (38, 'Tiswadi', 'Goa');
INSERT INTO destinations (destination_id, name, state) VALUES (39, 'Salcete', 'Goa');
INSERT INTO destinations (destination_id, name, state) VALUES (40, 'Sanguem', 'Goa');
INSERT INTO destinations (destination_id, name, state) VALUES (41, 'Vasco da Gama', 'Goa');
INSERT INTO destinations (destination_id, name, state) VALUES (42, 'Ponda', 'Goa');

-- Insert hotels
INSERT INTO hotels (hotel_id, destination_id, name, price_per_night, rating, latitude, longitude) VALUES (1, 1, 'Novotel Visakhapatnam Varun Beach', 9000, 4.6, 17.712300, 83.318900);
INSERT INTO hotels (hotel_id, destination_id, name, price_per_night, rating, latitude, longitude) VALUES (2, 1, 'The Park Visakhapatnam', 8500, 4.5, 17.711900, 83.319800);
INSERT INTO hotels (hotel_id, destination_id, name, price_per_night, rating, latitude, longitude) VALUES (3, 1, 'Ramada by Wyndham Vizag', 7500, 4.4, 17.726800, 83.305300);
INSERT INTO hotels (hotel_id, destination_id, name, price_per_night, rating, latitude, longitude) VALUES (4, 1, 'Four Points by Sheraton', 6000, 4.3, 17.716900, 83.301200);
INSERT INTO hotels (hotel_id, destination_id, name, price_per_night, rating, latitude, longitude) VALUES (5, 1, 'Keys Select Hotel', 4200, 4.1, 17.733200, 83.316400);
INSERT INTO hotels (hotel_id, destination_id, name, price_per_night, rating, latitude, longitude) VALUES (6, 1, 'Dolphin Hotel', 4800, 4.2, 17.724600, 83.305100);
INSERT INTO hotels (hotel_id, destination_id, name, price_per_night, rating, latitude, longitude) VALUES (7, 1, 'Hotel Daspalla', 8200, 4.5, 17.712900, 83.300600);
INSERT INTO hotels (hotel_id, destination_id, name, price_per_night, rating, latitude, longitude) VALUES (8, 1, 'Treebo Trend MVP Grand', 2200, 3.9, 17.739800, 83.318200);
INSERT INTO hotels (hotel_id, destination_id, name, price_per_night, rating, latitude, longitude) VALUES (9, 1, 'Hotel Meghalaya', 2000, 3.8, 17.712400, 83.305700);
INSERT INTO hotels (hotel_id, destination_id, name, price_per_night, rating, latitude, longitude) VALUES (10, 1, 'OYO Townhouse Vizag', 1800, 3.7, 17.721100, 83.309800);
INSERT INTO hotels (hotel_id, destination_id, name, price_per_night, rating, latitude, longitude) VALUES (11, 2, 'Novotel Vijayawada Varun', 8800, 4.6, 16.506200, 80.628900);
INSERT INTO hotels (hotel_id, destination_id, name, price_per_night, rating, latitude, longitude) VALUES (12, 2, 'Hyatt Place Vijayawada', 9200, 4.7, 16.497900, 80.664300);
INSERT INTO hotels (hotel_id, destination_id, name, price_per_night, rating, latitude, longitude) VALUES (13, 2, 'Quality Hotel DV Manor', 5500, 4.4, 16.511300, 80.624700);
INSERT INTO hotels (hotel_id, destination_id, name, price_per_night, rating, latitude, longitude) VALUES (14, 2, 'Hotel Ilapuram', 4500, 4.1, 16.509600, 80.623800);
INSERT INTO hotels (hotel_id, destination_id, name, price_per_night, rating, latitude, longitude) VALUES (15, 2, 'Hotel Aira', 7800, 4.5, 16.507200, 80.651300);
INSERT INTO hotels (hotel_id, destination_id, name, price_per_night, rating, latitude, longitude) VALUES (16, 2, 'Treebo Trend Kosala', 2100, 3.8, 16.512800, 80.621900);
INSERT INTO hotels (hotel_id, destination_id, name, price_per_night, rating, latitude, longitude) VALUES (17, 2, 'Hotel Southern Grand', 4800, 4.0, 16.504100, 80.623200);
INSERT INTO hotels (hotel_id, destination_id, name, price_per_night, rating, latitude, longitude) VALUES (18, 2, 'OYO Capital O', 1900, 3.7, 16.506600, 80.620500);
INSERT INTO hotels (hotel_id, destination_id, name, price_per_night, rating, latitude, longitude) VALUES (19, 2, 'Hotel Midcity', 1700, 3.6, 16.512100, 80.629900);
INSERT INTO hotels (hotel_id, destination_id, name, price_per_night, rating, latitude, longitude) VALUES (20, 2, 'Hotel City Central', 1600, 3.5, 16.510200, 80.624100);
INSERT INTO hotels (hotel_id, destination_id, name, price_per_night, rating, latitude, longitude) VALUES (21, 3, 'Taj Tirupati', 9500, 4.7, 13.635600, 79.415300);
INSERT INTO hotels (hotel_id, destination_id, name, price_per_night, rating, latitude, longitude) VALUES (22, 3, 'Marasa Sarovar Premiere', 8200, 4.6, 13.626900, 79.419800);
INSERT INTO hotels (hotel_id, destination_id, name, price_per_night, rating, latitude, longitude) VALUES (23, 3, 'Minerva Grand', 5200, 4.3, 13.630200, 79.417500);
INSERT INTO hotels (hotel_id, destination_id, name, price_per_night, rating, latitude, longitude) VALUES (24, 3, 'Hotel Bliss', 4600, 4.2, 13.625400, 79.420900);
INSERT INTO hotels (hotel_id, destination_id, name, price_per_night, rating, latitude, longitude) VALUES (25, 3, 'Ramee Guestline', 7800, 4.4, 13.628700, 79.414900);
INSERT INTO hotels (hotel_id, destination_id, name, price_per_night, rating, latitude, longitude) VALUES (26, 3, 'Treebo Trend Seven Hills', 2300, 3.8, 13.630800, 79.419200);
INSERT INTO hotels (hotel_id, destination_id, name, price_per_night, rating, latitude, longitude) VALUES (27, 3, 'Hotel Bhimas', 2400, 3.9, 13.628100, 79.417800);
INSERT INTO hotels (hotel_id, destination_id, name, price_per_night, rating, latitude, longitude) VALUES (28, 3, 'Hotel PLR Grand', 2100, 3.7, 13.628900, 79.416300);
INSERT INTO hotels (hotel_id, destination_id, name, price_per_night, rating, latitude, longitude) VALUES (29, 3, 'Hotel Harsha Residency', 1900, 3.6, 13.629600, 79.418900);
INSERT INTO hotels (hotel_id, destination_id, name, price_per_night, rating, latitude, longitude) VALUES (30, 3, 'Hotel Renigunta', 1700, 3.5, 13.646300, 79.504100);
INSERT INTO hotels (hotel_id, destination_id, name, price_per_night, rating, latitude, longitude) VALUES (31, 4, 'Trident Hotel Kurnool', 4200, 4.1, 15.828700, 78.038200);
INSERT INTO hotels (hotel_id, destination_id, name, price_per_night, rating, latitude, longitude) VALUES (32, 4, 'Hotel DVR Mansion', 3800, 4.0, 15.830900, 78.042500);
INSERT INTO hotels (hotel_id, destination_id, name, price_per_night, rating, latitude, longitude) VALUES (33, 4, 'Hotel Mourya Inn', 4000, 4.1, 15.831800, 78.040700);
INSERT INTO hotels (hotel_id, destination_id, name, price_per_night, rating, latitude, longitude) VALUES (34, 4, 'Hotel Athidhi Regency', 2200, 3.8, 15.829400, 78.039100);
INSERT INTO hotels (hotel_id, destination_id, name, price_per_night, rating, latitude, longitude) VALUES (35, 4, 'Hotel Eesha Residency', 2000, 3.7, 15.827900, 78.041300);
INSERT INTO hotels (hotel_id, destination_id, name, price_per_night, rating, latitude, longitude) VALUES (36, 4, 'Hotel Rajavihar', 6500, 4.4, 15.825600, 78.037900);
INSERT INTO hotels (hotel_id, destination_id, name, price_per_night, rating, latitude, longitude) VALUES (37, 4, 'Hotel Akshaya', 1800, 3.6, 15.826700, 78.038600);
INSERT INTO hotels (hotel_id, destination_id, name, price_per_night, rating, latitude, longitude) VALUES (38, 4, 'OYO Townhouse Kurnool', 1700, 3.5, 15.829800, 78.040900);
INSERT INTO hotels (hotel_id, destination_id, name, price_per_night, rating, latitude, longitude) VALUES (39, 4, 'Hotel Sai Teja', 1600, 3.4, 15.828300, 78.041800);
INSERT INTO hotels (hotel_id, destination_id, name, price_per_night, rating, latitude, longitude) VALUES (40, 4, 'Hotel Central Plaza', 3900, 4.0, 15.830100, 78.039500);
INSERT INTO hotels (hotel_id, destination_id, name, price_per_night, rating, latitude, longitude) VALUES (41, 5, 'River Bay Resort', 8800, 4.5, 17.003900, 81.786600);
INSERT INTO hotels (hotel_id, destination_id, name, price_per_night, rating, latitude, longitude) VALUES (42, 5, 'Hotel Anand Regency', 4200, 4.1, 17.004200, 81.789300);
INSERT INTO hotels (hotel_id, destination_id, name, price_per_night, rating, latitude, longitude) VALUES (43, 5, 'Manjeera Sarovar Premiere', 9000, 4.6, 16.999800, 81.790900);
INSERT INTO hotels (hotel_id, destination_id, name, price_per_night, rating, latitude, longitude) VALUES (44, 5, 'Hotel Shelton', 3800, 4.0, 17.006400, 81.792100);
INSERT INTO hotels (hotel_id, destination_id, name, price_per_night, rating, latitude, longitude) VALUES (45, 5, 'Hotel La Hospin', 2200, 3.8, 17.005800, 81.791700);
INSERT INTO hotels (hotel_id, destination_id, name, price_per_night, rating, latitude, longitude) VALUES (46, 5, 'OYO River View', 1900, 3.6, 17.002600, 81.785200);
INSERT INTO hotels (hotel_id, destination_id, name, price_per_night, rating, latitude, longitude) VALUES (47, 5, 'Hotel Royal Fort', 2000, 3.7, 17.004900, 81.789900);
INSERT INTO hotels (hotel_id, destination_id, name, price_per_night, rating, latitude, longitude) VALUES (48, 5, 'Hotel Akshaya', 1800, 3.5, 17.003300, 81.788800);
INSERT INTO hotels (hotel_id, destination_id, name, price_per_night, rating, latitude, longitude) VALUES (49, 5, 'Hotel Pushkar', 1700, 3.6, 17.006900, 81.792500);
INSERT INTO hotels (hotel_id, destination_id, name, price_per_night, rating, latitude, longitude) VALUES (50, 5, 'Hotel Jetty Grand', 4100, 4.0, 17.007400, 81.794200);
INSERT INTO hotels (hotel_id, destination_id, name, price_per_night, rating, latitude, longitude) VALUES (51, 6, 'The Capital Hotel', 7200, 4.4, 16.306500, 80.436900);
INSERT INTO hotels (hotel_id, destination_id, name, price_per_night, rating, latitude, longitude) VALUES (52, 6, 'Hotel Geetha Regency', 4200, 4.1, 16.308800, 80.437500);
INSERT INTO hotels (hotel_id, destination_id, name, price_per_night, rating, latitude, longitude) VALUES (53, 6, 'Hotel Siddhartha Grand', 4500, 4.2, 16.305900, 80.438200);
INSERT INTO hotels (hotel_id, destination_id, name, price_per_night, rating, latitude, longitude) VALUES (54, 6, 'Hotel Swarna Palace', 3900, 4.0, 16.309700, 80.435600);
INSERT INTO hotels (hotel_id, destination_id, name, price_per_night, rating, latitude, longitude) VALUES (55, 6, 'Hotel Karthikeya Grand', 6800, 4.3, 16.304300, 80.439100);
INSERT INTO hotels (hotel_id, destination_id, name, price_per_night, rating, latitude, longitude) VALUES (56, 6, 'Treebo Trend Empire', 2200, 3.8, 16.307400, 80.434800);
INSERT INTO hotels (hotel_id, destination_id, name, price_per_night, rating, latitude, longitude) VALUES (57, 6, 'Hotel V Royal', 2000, 3.7, 16.310100, 80.436200);
INSERT INTO hotels (hotel_id, destination_id, name, price_per_night, rating, latitude, longitude) VALUES (58, 6, 'Hotel Mourya Inn', 1900, 3.6, 16.308200, 80.435100);
INSERT INTO hotels (hotel_id, destination_id, name, price_per_night, rating, latitude, longitude) VALUES (59, 6, 'OYO Flagship Guntur', 1700, 3.5, 16.306800, 80.437900);
INSERT INTO hotels (hotel_id, destination_id, name, price_per_night, rating, latitude, longitude) VALUES (60, 6, 'Hotel Surya Grand', 4100, 4.0, 16.305200, 80.440300);
INSERT INTO hotels (hotel_id, destination_id, name, price_per_night, rating, latitude, longitude) VALUES (61, 7, 'Hotel Minerva Grand Nellore', 7600, 4.5, 14.442900, 79.986800);
INSERT INTO hotels (hotel_id, destination_id, name, price_per_night, rating, latitude, longitude) VALUES (62, 7, 'Hotel DR Utthama', 4200, 4.1, 14.443600, 79.987300);
INSERT INTO hotels (hotel_id, destination_id, name, price_per_night, rating, latitude, longitude) VALUES (63, 7, 'Hotel Blue Moon', 3900, 4.0, 14.440200, 79.985900);
INSERT INTO hotels (hotel_id, destination_id, name, price_per_night, rating, latitude, longitude) VALUES (64, 7, 'Hotel Sree Lakshmi Residency', 2200, 3.8, 14.444100, 79.984500);
INSERT INTO hotels (hotel_id, destination_id, name, price_per_night, rating, latitude, longitude) VALUES (65, 7, 'Hotel City Pride', 2000, 3.7, 14.441700, 79.988200);
INSERT INTO hotels (hotel_id, destination_id, name, price_per_night, rating, latitude, longitude) VALUES (66, 7, 'OYO Townhouse Nellore', 1800, 3.6, 14.442500, 79.989100);
INSERT INTO hotels (hotel_id, destination_id, name, price_per_night, rating, latitude, longitude) VALUES (67, 7, 'Hotel Kalpana Residency', 1700, 3.5, 14.440900, 79.987600);
INSERT INTO hotels (hotel_id, destination_id, name, price_per_night, rating, latitude, longitude) VALUES (68, 7, 'Hotel RRR Grand', 4100, 4.0, 14.443900, 79.986200);
INSERT INTO hotels (hotel_id, destination_id, name, price_per_night, rating, latitude, longitude) VALUES (69, 7, 'Hotel Mourya Inn Nellore', 4300, 4.2, 14.445300, 79.985300);
INSERT INTO hotels (hotel_id, destination_id, name, price_per_night, rating, latitude, longitude) VALUES (70, 7, 'Hotel Sai International', 1600, 3.4, 14.441200, 79.984100);
INSERT INTO hotels (hotel_id, destination_id, name, price_per_night, rating, latitude, longitude) VALUES (71, 8, 'Hotel Kaveri Grand', 7000, 4.4, 15.505600, 80.048800);
INSERT INTO hotels (hotel_id, destination_id, name, price_per_night, rating, latitude, longitude) VALUES (72, 8, 'Hotel Vikram Deluxe', 4200, 4.1, 15.506900, 80.047200);
INSERT INTO hotels (hotel_id, destination_id, name, price_per_night, rating, latitude, longitude) VALUES (73, 8, 'Hotel Central Park', 3900, 4.0, 15.504800, 80.050300);
INSERT INTO hotels (hotel_id, destination_id, name, price_per_night, rating, latitude, longitude) VALUES (74, 8, 'Hotel Raghavendra Residency', 2100, 3.8, 15.503600, 80.046700);
INSERT INTO hotels (hotel_id, destination_id, name, price_per_night, rating, latitude, longitude) VALUES (75, 8, 'Hotel Sitara Inn', 2000, 3.7, 15.507200, 80.048900);
INSERT INTO hotels (hotel_id, destination_id, name, price_per_night, rating, latitude, longitude) VALUES (76, 8, 'OYO Ongole Central', 1800, 3.6, 15.505100, 80.047600);
INSERT INTO hotels (hotel_id, destination_id, name, price_per_night, rating, latitude, longitude) VALUES (77, 8, 'Hotel Surya Inn', 1700, 3.5, 15.504200, 80.049800);
INSERT INTO hotels (hotel_id, destination_id, name, price_per_night, rating, latitude, longitude) VALUES (78, 8, 'Hotel Swarna Palace Ongole', 4100, 4.0, 15.506300, 80.046100);
INSERT INTO hotels (hotel_id, destination_id, name, price_per_night, rating, latitude, longitude) VALUES (79, 8, 'Hotel Mourya Inn Ongole', 4300, 4.2, 15.507600, 80.047900);
INSERT INTO hotels (hotel_id, destination_id, name, price_per_night, rating, latitude, longitude) VALUES (80, 8, 'Hotel Sai Residency', 1600, 3.4, 15.503900, 80.048300);
INSERT INTO hotels (hotel_id, destination_id, name, price_per_night, rating, latitude, longitude) VALUES (81, 9, 'Hotel Grand Arya', 6800, 4.4, 16.711200, 81.095900);
INSERT INTO hotels (hotel_id, destination_id, name, price_per_night, rating, latitude, longitude) VALUES (82, 9, 'Hotel Sri Ram Grand', 4200, 4.1, 16.709800, 81.096300);
INSERT INTO hotels (hotel_id, destination_id, name, price_per_night, rating, latitude, longitude) VALUES (83, 9, 'Hotel Blue Moon Eluru', 3900, 4.0, 16.712600, 81.094800);
INSERT INTO hotels (hotel_id, destination_id, name, price_per_night, rating, latitude, longitude) VALUES (84, 9, 'Hotel Vivera', 2200, 3.8, 16.710300, 81.097900);
INSERT INTO hotels (hotel_id, destination_id, name, price_per_night, rating, latitude, longitude) VALUES (85, 9, 'Hotel Sai Residency Eluru', 2000, 3.7, 16.708900, 81.095400);
INSERT INTO hotels (hotel_id, destination_id, name, price_per_night, rating, latitude, longitude) VALUES (86, 9, 'OYO Eluru Central', 1800, 3.6, 16.711800, 81.096600);
INSERT INTO hotels (hotel_id, destination_id, name, price_per_night, rating, latitude, longitude) VALUES (87, 9, 'Hotel Minerva Eluru', 4300, 4.2, 16.713200, 81.097200);
INSERT INTO hotels (hotel_id, destination_id, name, price_per_night, rating, latitude, longitude) VALUES (88, 9, 'Hotel Sri Lakshmi', 1700, 3.5, 16.709600, 81.098300);
INSERT INTO hotels (hotel_id, destination_id, name, price_per_night, rating, latitude, longitude) VALUES (89, 9, 'Hotel Mourya Inn Eluru', 4100, 4.0, 16.710900, 81.094600);
INSERT INTO hotels (hotel_id, destination_id, name, price_per_night, rating, latitude, longitude) VALUES (90, 9, 'Hotel City Park Eluru', 1600, 3.4, 16.708200, 81.096100);
INSERT INTO hotels (hotel_id, destination_id, name, price_per_night, rating, latitude, longitude) VALUES (91, 10, 'Hotel River View', 6500, 4.4, 18.296800, 83.897900);
INSERT INTO hotels (hotel_id, destination_id, name, price_per_night, rating, latitude, longitude) VALUES (92, 10, 'Hotel Ananda Inn', 4200, 4.1, 18.298300, 83.896700);
INSERT INTO hotels (hotel_id, destination_id, name, price_per_night, rating, latitude, longitude) VALUES (93, 10, 'Hotel Royal Park', 3900, 4.0, 18.295700, 83.899200);
INSERT INTO hotels (hotel_id, destination_id, name, price_per_night, rating, latitude, longitude) VALUES (94, 10, 'Hotel Sri Sai Residency', 2200, 3.8, 18.297600, 83.895800);
INSERT INTO hotels (hotel_id, destination_id, name, price_per_night, rating, latitude, longitude) VALUES (95, 10, 'Hotel Blue Moon Srikakulam', 2000, 3.7, 18.296200, 83.898600);
INSERT INTO hotels (hotel_id, destination_id, name, price_per_night, rating, latitude, longitude) VALUES (96, 10, 'OYO Srikakulam Central', 1800, 3.6, 18.294900, 83.897300);
INSERT INTO hotels (hotel_id, destination_id, name, price_per_night, rating, latitude, longitude) VALUES (97, 10, 'Hotel Mourya Inn Srikakulam', 4300, 4.2, 18.299100, 83.896200);
INSERT INTO hotels (hotel_id, destination_id, name, price_per_night, rating, latitude, longitude) VALUES (98, 10, 'Hotel Vamsi Residency', 1700, 3.5, 18.295400, 83.899800);
INSERT INTO hotels (hotel_id, destination_id, name, price_per_night, rating, latitude, longitude) VALUES (99, 10, 'Hotel Sri Lakshmi Grand', 4100, 4.0, 18.297900, 83.898100);
INSERT INTO hotels (hotel_id, destination_id, name, price_per_night, rating, latitude, longitude) VALUES (100, 10, 'Hotel City Square', 1600, 3.4, 18.296500, 83.896900);
INSERT INTO hotels (hotel_id, destination_id, name, price_per_night, rating, latitude, longitude) VALUES (101, 11, 'Paradigm Sarovar Portico', 7800, 4.5, 16.989800, 82.246900);
INSERT INTO hotels (hotel_id, destination_id, name, price_per_night, rating, latitude, longitude) VALUES (102, 11, 'Hotel Royal Park', 7200, 4.4, 16.987400, 82.245100);
INSERT INTO hotels (hotel_id, destination_id, name, price_per_night, rating, latitude, longitude) VALUES (103, 11, 'Hotel Subham Grand', 4200, 4.1, 16.988900, 82.247800);
INSERT INTO hotels (hotel_id, destination_id, name, price_per_night, rating, latitude, longitude) VALUES (104, 11, 'Hotel Viswa Residency', 3900, 4.0, 16.990200, 82.248600);
INSERT INTO hotels (hotel_id, destination_id, name, price_per_night, rating, latitude, longitude) VALUES (105, 11, 'Hotel Anand Regency', 2200, 3.8, 16.987100, 82.249200);
INSERT INTO hotels (hotel_id, destination_id, name, price_per_night, rating, latitude, longitude) VALUES (106, 11, 'OYO Kakinada Central', 1900, 3.6, 16.988600, 82.246200);
INSERT INTO hotels (hotel_id, destination_id, name, price_per_night, rating, latitude, longitude) VALUES (107, 11, 'Hotel Blue Moon Kakinada', 1800, 3.5, 16.989300, 82.245700);
INSERT INTO hotels (hotel_id, destination_id, name, price_per_night, rating, latitude, longitude) VALUES (108, 11, 'Hotel Mourya Inn Kakinada', 4300, 4.2, 16.990900, 82.247100);
INSERT INTO hotels (hotel_id, destination_id, name, price_per_night, rating, latitude, longitude) VALUES (109, 11, 'Hotel City Pride', 1700, 3.4, 16.987900, 82.248900);
INSERT INTO hotels (hotel_id, destination_id, name, price_per_night, rating, latitude, longitude) VALUES (110, 11, 'Hotel Central Park Kakinada', 4100, 4.0, 16.989600, 82.246500);
INSERT INTO hotels (hotel_id, destination_id, name, price_per_night, rating, latitude, longitude) VALUES (111, 12, 'Hotel Manasa Grand', 7000, 4.4, 14.681900, 77.600300);
INSERT INTO hotels (hotel_id, destination_id, name, price_per_night, rating, latitude, longitude) VALUES (112, 12, 'Hotel Blue Moon Anantapur', 4200, 4.1, 14.682800, 77.598900);
INSERT INTO hotels (hotel_id, destination_id, name, price_per_night, rating, latitude, longitude) VALUES (113, 12, 'Hotel Mourya Inn Anantapur', 4000, 4.0, 14.684100, 77.599700);
INSERT INTO hotels (hotel_id, destination_id, name, price_per_night, rating, latitude, longitude) VALUES (114, 12, 'Hotel Surya Residency', 2200, 3.8, 14.681200, 77.601600);
INSERT INTO hotels (hotel_id, destination_id, name, price_per_night, rating, latitude, longitude) VALUES (115, 12, 'Hotel Sai Teja', 2000, 3.7, 14.683500, 77.602300);
INSERT INTO hotels (hotel_id, destination_id, name, price_per_night, rating, latitude, longitude) VALUES (116, 12, 'OYO Anantapur Central', 1800, 3.6, 14.682100, 77.600900);
INSERT INTO hotels (hotel_id, destination_id, name, price_per_night, rating, latitude, longitude) VALUES (117, 12, 'Hotel Minerva Grand', 7600, 4.5, 14.685200, 77.598100);
INSERT INTO hotels (hotel_id, destination_id, name, price_per_night, rating, latitude, longitude) VALUES (118, 12, 'Hotel City Park', 1700, 3.5, 14.680600, 77.603400);
INSERT INTO hotels (hotel_id, destination_id, name, price_per_night, rating, latitude, longitude) VALUES (119, 12, 'Hotel Royal Palace', 4300, 4.2, 14.684700, 77.599300);
INSERT INTO hotels (hotel_id, destination_id, name, price_per_night, rating, latitude, longitude) VALUES (120, 12, 'Hotel Sri Lakshmi Residency', 1600, 3.4, 14.683900, 77.601900);
INSERT INTO hotels (hotel_id, destination_id, name, price_per_night, rating, latitude, longitude) VALUES (121, 13, 'Hotel Grand Arya Kadapa', 7200, 4.4, 14.476800, 78.835600);
INSERT INTO hotels (hotel_id, destination_id, name, price_per_night, rating, latitude, longitude) VALUES (122, 13, 'Hotel Mourya Inn Kadapa', 4300, 4.2, 14.477900, 78.836900);
INSERT INTO hotels (hotel_id, destination_id, name, price_per_night, rating, latitude, longitude) VALUES (123, 13, 'Hotel Blue Moon Kadapa', 4000, 4.0, 14.475600, 78.834100);
INSERT INTO hotels (hotel_id, destination_id, name, price_per_night, rating, latitude, longitude) VALUES (124, 13, 'Hotel Sri Lakshmi Grand', 2200, 3.8, 14.474300, 78.833800);
INSERT INTO hotels (hotel_id, destination_id, name, price_per_night, rating, latitude, longitude) VALUES (125, 13, 'Hotel Sai Residency Kadapa', 2000, 3.7, 14.476200, 78.837200);
INSERT INTO hotels (hotel_id, destination_id, name, price_per_night, rating, latitude, longitude) VALUES (126, 13, 'OYO Kadapa Central', 1800, 3.6, 14.477100, 78.835400);
INSERT INTO hotels (hotel_id, destination_id, name, price_per_night, rating, latitude, longitude) VALUES (127, 13, 'Hotel Minerva Grand Kadapa', 7800, 4.5, 14.478500, 78.834600);
INSERT INTO hotels (hotel_id, destination_id, name, price_per_night, rating, latitude, longitude) VALUES (128, 13, 'Hotel City Park Kadapa', 1700, 3.5, 14.475100, 78.836100);
INSERT INTO hotels (hotel_id, destination_id, name, price_per_night, rating, latitude, longitude) VALUES (129, 13, 'Hotel Royal Fort Kadapa', 4200, 4.1, 14.476900, 78.838000);
INSERT INTO hotels (hotel_id, destination_id, name, price_per_night, rating, latitude, longitude) VALUES (130, 13, 'Hotel Central Park Kadapa', 4100, 4.0, 14.478200, 78.833900);
INSERT INTO hotels (hotel_id, destination_id, name, price_per_night, rating, latitude, longitude) VALUES (131, 14, 'Fortune Select Grand Ridge', 8200, 4.6, 13.630900, 79.414600);
INSERT INTO hotels (hotel_id, destination_id, name, price_per_night, rating, latitude, longitude) VALUES (132, 14, 'Hotel Pai Viceroy', 7600, 4.5, 13.627800, 79.418300);
INSERT INTO hotels (hotel_id, destination_id, name, price_per_night, rating, latitude, longitude) VALUES (133, 14, 'Hotel Bliss Chittoor', 4500, 4.2, 13.628600, 79.416700);
INSERT INTO hotels (hotel_id, destination_id, name, price_per_night, rating, latitude, longitude) VALUES (134, 14, 'Hotel Minerva Grand Chittoor', 4800, 4.3, 13.629400, 79.419100);
INSERT INTO hotels (hotel_id, destination_id, name, price_per_night, rating, latitude, longitude) VALUES (135, 14, 'Hotel Sri Lakshmi Residency', 2300, 3.8, 13.627100, 79.417600);
INSERT INTO hotels (hotel_id, destination_id, name, price_per_night, rating, latitude, longitude) VALUES (136, 14, 'OYO Chittoor Central', 2000, 3.6, 13.626800, 79.415900);
INSERT INTO hotels (hotel_id, destination_id, name, price_per_night, rating, latitude, longitude) VALUES (137, 14, 'Hotel Harsha Residency', 1900, 3.7, 13.630200, 79.418900);
INSERT INTO hotels (hotel_id, destination_id, name, price_per_night, rating, latitude, longitude) VALUES (138, 14, 'Hotel PLR Grand Chittoor', 2100, 3.9, 13.628300, 79.416200);
INSERT INTO hotels (hotel_id, destination_id, name, price_per_night, rating, latitude, longitude) VALUES (139, 14, 'Hotel Ramee Guestline', 7800, 4.4, 13.631100, 79.414300);
INSERT INTO hotels (hotel_id, destination_id, name, price_per_night, rating, latitude, longitude) VALUES (140, 14, 'Hotel City Square Chittoor', 1700, 3.5, 13.629800, 79.417300);
INSERT INTO hotels (hotel_id, destination_id, name, price_per_night, rating, latitude, longitude) VALUES (141, 15, 'Hotel Ananda Inn Vizianagaram', 6800, 4.4, 18.113900, 83.412100);
INSERT INTO hotels (hotel_id, destination_id, name, price_per_night, rating, latitude, longitude) VALUES (142, 15, 'Hotel Royal Park Vizianagaram', 4200, 4.1, 18.114600, 83.411300);
INSERT INTO hotels (hotel_id, destination_id, name, price_per_night, rating, latitude, longitude) VALUES (143, 15, 'Hotel Mourya Inn Vizianagaram', 4300, 4.2, 18.115800, 83.410900);
INSERT INTO hotels (hotel_id, destination_id, name, price_per_night, rating, latitude, longitude) VALUES (144, 15, 'Hotel Blue Moon Vizianagaram', 3900, 4.0, 18.112700, 83.413400);
INSERT INTO hotels (hotel_id, destination_id, name, price_per_night, rating, latitude, longitude) VALUES (145, 15, 'Hotel Sri Sai Residency', 2200, 3.8, 18.114100, 83.414200);
INSERT INTO hotels (hotel_id, destination_id, name, price_per_night, rating, latitude, longitude) VALUES (146, 15, 'OYO Vizianagaram Central', 1900, 3.6, 18.113200, 83.412800);
INSERT INTO hotels (hotel_id, destination_id, name, price_per_night, rating, latitude, longitude) VALUES (147, 15, 'Hotel City Pride Vizianagaram', 1800, 3.5, 18.115100, 83.411700);
INSERT INTO hotels (hotel_id, destination_id, name, price_per_night, rating, latitude, longitude) VALUES (148, 15, 'Hotel Minerva Grand Vizianagaram', 7400, 4.5, 18.116300, 83.413000);
INSERT INTO hotels (hotel_id, destination_id, name, price_per_night, rating, latitude, longitude) VALUES (149, 15, 'Hotel Lakshmi Grand', 4100, 4.0, 18.112900, 83.414900);
INSERT INTO hotels (hotel_id, destination_id, name, price_per_night, rating, latitude, longitude) VALUES (150, 15, 'Hotel Vamsi Residency', 1700, 3.4, 18.114800, 83.412500);
INSERT INTO hotels (hotel_id, destination_id, name, price_per_night, rating, latitude, longitude) VALUES (151, 16, 'Hotel Kennison', 6500, 4.4, 16.186200, 81.137400);
INSERT INTO hotels (hotel_id, destination_id, name, price_per_night, rating, latitude, longitude) VALUES (152, 16, 'Hotel Chandra Residency', 4200, 4.1, 16.185400, 81.136800);
INSERT INTO hotels (hotel_id, destination_id, name, price_per_night, rating, latitude, longitude) VALUES (153, 16, 'Hotel Mourya Inn Machilipatnam', 4300, 4.2, 16.187100, 81.138200);
INSERT INTO hotels (hotel_id, destination_id, name, price_per_night, rating, latitude, longitude) VALUES (154, 16, 'Hotel Sri Lakshmi Residency', 2200, 3.8, 16.184900, 81.135900);
INSERT INTO hotels (hotel_id, destination_id, name, price_per_night, rating, latitude, longitude) VALUES (155, 16, 'Hotel Blue Moon Machilipatnam', 2000, 3.7, 16.186800, 81.137900);
INSERT INTO hotels (hotel_id, destination_id, name, price_per_night, rating, latitude, longitude) VALUES (156, 16, 'OYO Machilipatnam Central', 1800, 3.6, 16.185600, 81.136300);
INSERT INTO hotels (hotel_id, destination_id, name, price_per_night, rating, latitude, longitude) VALUES (157, 16, 'Hotel Royal Fort Machilipatnam', 4100, 4.0, 16.187900, 81.139100);
INSERT INTO hotels (hotel_id, destination_id, name, price_per_night, rating, latitude, longitude) VALUES (158, 16, 'Hotel Sai Teja', 1700, 3.5, 16.184200, 81.135300);
INSERT INTO hotels (hotel_id, destination_id, name, price_per_night, rating, latitude, longitude) VALUES (159, 16, 'Hotel Minerva Grand Machilipatnam', 7200, 4.5, 16.188600, 81.138800);
INSERT INTO hotels (hotel_id, destination_id, name, price_per_night, rating, latitude, longitude) VALUES (160, 16, 'Hotel City Park Machilipatnam', 1600, 3.4, 16.185100, 81.136000);
INSERT INTO hotels (hotel_id, destination_id, name, price_per_night, rating, latitude, longitude) VALUES (161, 17, 'Hotel DVR Mansion Nandyal', 7000, 4.4, 15.477900, 78.482200);
INSERT INTO hotels (hotel_id, destination_id, name, price_per_night, rating, latitude, longitude) VALUES (162, 17, 'Hotel Mourya Inn Nandyal', 4300, 4.2, 15.476500, 78.483600);
INSERT INTO hotels (hotel_id, destination_id, name, price_per_night, rating, latitude, longitude) VALUES (163, 17, 'Hotel Blue Moon Nandyal', 4000, 4.0, 15.478300, 78.481700);
INSERT INTO hotels (hotel_id, destination_id, name, price_per_night, rating, latitude, longitude) VALUES (164, 17, 'Hotel Sri Lakshmi Grand', 2200, 3.8, 15.479200, 78.480900);
INSERT INTO hotels (hotel_id, destination_id, name, price_per_night, rating, latitude, longitude) VALUES (165, 17, 'Hotel Sai Residency Nandyal', 2000, 3.7, 15.476900, 78.484300);
INSERT INTO hotels (hotel_id, destination_id, name, price_per_night, rating, latitude, longitude) VALUES (166, 17, 'OYO Nandyal Central', 1800, 3.6, 15.478600, 78.482800);
INSERT INTO hotels (hotel_id, destination_id, name, price_per_night, rating, latitude, longitude) VALUES (167, 17, 'Hotel Central Park Nandyal', 4100, 4.1, 15.480100, 78.483900);
INSERT INTO hotels (hotel_id, destination_id, name, price_per_night, rating, latitude, longitude) VALUES (168, 17, 'Hotel Royal Fort Nandyal', 4200, 4.0, 15.477200, 78.485100);
INSERT INTO hotels (hotel_id, destination_id, name, price_per_night, rating, latitude, longitude) VALUES (169, 17, 'Hotel City Pride Nandyal', 1700, 3.5, 15.479800, 78.481300);
INSERT INTO hotels (hotel_id, destination_id, name, price_per_night, rating, latitude, longitude) VALUES (170, 17, 'Hotel Minerva Grand Nandyal', 7600, 4.5, 15.481500, 78.484600);
INSERT INTO hotels (hotel_id, destination_id, name, price_per_night, rating, latitude, longitude) VALUES (171, 18, 'Hotel Sri Sai Grand', 6800, 4.4, 14.739800, 78.551400);
INSERT INTO hotels (hotel_id, destination_id, name, price_per_night, rating, latitude, longitude) VALUES (172, 18, 'Hotel Mourya Inn Proddatur', 4200, 4.1, 14.740900, 78.550700);
INSERT INTO hotels (hotel_id, destination_id, name, price_per_night, rating, latitude, longitude) VALUES (173, 18, 'Hotel Blue Moon Proddatur', 3900, 4.0, 14.738600, 78.552300);
INSERT INTO hotels (hotel_id, destination_id, name, price_per_night, rating, latitude, longitude) VALUES (174, 18, 'Hotel Sri Lakshmi Residency', 2200, 3.8, 14.739200, 78.549800);
INSERT INTO hotels (hotel_id, destination_id, name, price_per_night, rating, latitude, longitude) VALUES (175, 18, 'Hotel Sai Teja Proddatur', 2000, 3.7, 14.741300, 78.553100);
INSERT INTO hotels (hotel_id, destination_id, name, price_per_night, rating, latitude, longitude) VALUES (176, 18, 'OYO Proddatur Central', 1800, 3.6, 14.739700, 78.551900);
INSERT INTO hotels (hotel_id, destination_id, name, price_per_night, rating, latitude, longitude) VALUES (177, 18, 'Hotel Central Park Proddatur', 4100, 4.0, 14.738900, 78.550100);
INSERT INTO hotels (hotel_id, destination_id, name, price_per_night, rating, latitude, longitude) VALUES (178, 18, 'Hotel City Square Proddatur', 1700, 3.5, 14.740600, 78.552800);
INSERT INTO hotels (hotel_id, destination_id, name, price_per_night, rating, latitude, longitude) VALUES (179, 18, 'Hotel Minerva Grand Proddatur', 7400, 4.5, 14.742100, 78.550400);
INSERT INTO hotels (hotel_id, destination_id, name, price_per_night, rating, latitude, longitude) VALUES (180, 18, 'Hotel Royal Fort Proddatur', 4300, 4.2, 14.738300, 78.551600);
INSERT INTO hotels (hotel_id, destination_id, name, price_per_night, rating, latitude, longitude) VALUES (181, 19, 'Hotel Chandra Grand', 6600, 4.4, 16.240800, 80.642100);
INSERT INTO hotels (hotel_id, destination_id, name, price_per_night, rating, latitude, longitude) VALUES (182, 19, 'Hotel Mourya Inn Tenali', 4200, 4.1, 16.239600, 80.641300);
INSERT INTO hotels (hotel_id, destination_id, name, price_per_night, rating, latitude, longitude) VALUES (183, 19, 'Hotel Blue Moon Tenali', 3900, 4.0, 16.241100, 80.640200);
INSERT INTO hotels (hotel_id, destination_id, name, price_per_night, rating, latitude, longitude) VALUES (184, 19, 'Hotel Sri Lakshmi Residency', 2200, 3.8, 16.239200, 80.643400);
INSERT INTO hotels (hotel_id, destination_id, name, price_per_night, rating, latitude, longitude) VALUES (185, 19, 'Hotel Sai Residency Tenali', 2000, 3.7, 16.242300, 80.641700);
INSERT INTO hotels (hotel_id, destination_id, name, price_per_night, rating, latitude, longitude) VALUES (186, 19, 'OYO Tenali Central', 1800, 3.6, 16.240100, 80.642900);
INSERT INTO hotels (hotel_id, destination_id, name, price_per_night, rating, latitude, longitude) VALUES (187, 19, 'Hotel Central Park Tenali', 4100, 4.0, 16.241800, 80.640900);
INSERT INTO hotels (hotel_id, destination_id, name, price_per_night, rating, latitude, longitude) VALUES (188, 19, 'Hotel City Pride Tenali', 1700, 3.5, 16.239900, 80.641100);
INSERT INTO hotels (hotel_id, destination_id, name, price_per_night, rating, latitude, longitude) VALUES (189, 19, 'Hotel Minerva Grand Tenali', 7200, 4.5, 16.243200, 80.642600);
INSERT INTO hotels (hotel_id, destination_id, name, price_per_night, rating, latitude, longitude) VALUES (190, 19, 'Hotel Royal Palace Tenali', 4300, 4.2, 16.242700, 80.640500);
INSERT INTO hotels (hotel_id, destination_id, name, price_per_night, rating, latitude, longitude) VALUES (191, 20, 'The Gateway Hotel Amaravati', 8500, 4.6, 16.573900, 80.358900);
INSERT INTO hotels (hotel_id, destination_id, name, price_per_night, rating, latitude, longitude) VALUES (192, 20, 'Hotel Minerva Grand Amaravati', 7800, 4.5, 16.575200, 80.360400);
INSERT INTO hotels (hotel_id, destination_id, name, price_per_night, rating, latitude, longitude) VALUES (193, 20, 'Hotel Mourya Inn Amaravati', 4200, 4.1, 16.572100, 80.357600);
INSERT INTO hotels (hotel_id, destination_id, name, price_per_night, rating, latitude, longitude) VALUES (194, 20, 'Hotel Blue Moon Amaravati', 3900, 4.0, 16.571400, 80.359200);
INSERT INTO hotels (hotel_id, destination_id, name, price_per_night, rating, latitude, longitude) VALUES (195, 20, 'Hotel Sri Lakshmi Residency', 2200, 3.8, 16.570800, 80.356900);
INSERT INTO hotels (hotel_id, destination_id, name, price_per_night, rating, latitude, longitude) VALUES (196, 20, 'Hotel Sai Residency Amaravati', 2000, 3.7, 16.573400, 80.360800);
INSERT INTO hotels (hotel_id, destination_id, name, price_per_night, rating, latitude, longitude) VALUES (197, 20, 'OYO Amaravati Central', 1800, 3.6, 16.572900, 80.358200);
INSERT INTO hotels (hotel_id, destination_id, name, price_per_night, rating, latitude, longitude) VALUES (198, 20, 'Hotel Central Park Amaravati', 4100, 4.0, 16.574600, 80.359700);
INSERT INTO hotels (hotel_id, destination_id, name, price_per_night, rating, latitude, longitude) VALUES (199, 20, 'Hotel City Square Amaravati', 1700, 3.5, 16.571900, 80.357300);
INSERT INTO hotels (hotel_id, destination_id, name, price_per_night, rating, latitude, longitude) VALUES (200, 20, 'Hotel Royal Palace Amaravati', 4300, 4.2, 16.575800, 80.361100);
INSERT INTO hotels (hotel_id, destination_id, name, price_per_night, rating, latitude, longitude) VALUES (201, 21, 'Goa Marriott Resort & Spa', 14000, 4.6, 15.502200, 73.829800);
INSERT INTO hotels (hotel_id, destination_id, name, price_per_night, rating, latitude, longitude) VALUES (202, 21, 'Grand Hyatt Goa', 15000, 4.7, 15.464200, 73.807100);
INSERT INTO hotels (hotel_id, destination_id, name, price_per_night, rating, latitude, longitude) VALUES (203, 21, 'Country Inn & Suites Panaji', 6500, 4.3, 15.499000, 73.828300);
INSERT INTO hotels (hotel_id, destination_id, name, price_per_night, rating, latitude, longitude) VALUES (204, 21, 'Hotel Mandovi', 5200, 4.1, 15.498300, 73.827900);
INSERT INTO hotels (hotel_id, destination_id, name, price_per_night, rating, latitude, longitude) VALUES (205, 21, 'The Crown Goa', 6000, 4.2, 15.501200, 73.829400);
INSERT INTO hotels (hotel_id, destination_id, name, price_per_night, rating, latitude, longitude) VALUES (206, 21, 'Hotel Manvin''s', 2800, 3.8, 15.498900, 73.826800);
INSERT INTO hotels (hotel_id, destination_id, name, price_per_night, rating, latitude, longitude) VALUES (207, 21, 'Hotel Viva Panjim', 3000, 4.0, 15.496700, 73.827600);
INSERT INTO hotels (hotel_id, destination_id, name, price_per_night, rating, latitude, longitude) VALUES (208, 21, 'OYO Panaji Central', 2000, 3.6, 15.499800, 73.828100);
INSERT INTO hotels (hotel_id, destination_id, name, price_per_night, rating, latitude, longitude) VALUES (209, 21, 'Treebo Trend Sunheads', 2300, 3.7, 15.500600, 73.826300);
INSERT INTO hotels (hotel_id, destination_id, name, price_per_night, rating, latitude, longitude) VALUES (210, 21, 'Hotel Venite', 1800, 3.5, 15.497200, 73.829100);
INSERT INTO hotels (hotel_id, destination_id, name, price_per_night, rating, latitude, longitude) VALUES (211, 22, 'Taj Fort Aguada Resort & Spa', 18000, 4.8, 15.489700, 73.773600);
INSERT INTO hotels (hotel_id, destination_id, name, price_per_night, rating, latitude, longitude) VALUES (212, 22, 'Le Méridien Goa', 16000, 4.6, 15.522600, 73.774100);
INSERT INTO hotels (hotel_id, destination_id, name, price_per_night, rating, latitude, longitude) VALUES (213, 22, 'Hard Rock Hotel Goa', 8500, 4.4, 15.557400, 73.752800);
INSERT INTO hotels (hotel_id, destination_id, name, price_per_night, rating, latitude, longitude) VALUES (214, 22, 'Resort Terra Paraiso', 6500, 4.2, 15.544200, 73.758100);
INSERT INTO hotels (hotel_id, destination_id, name, price_per_night, rating, latitude, longitude) VALUES (215, 22, 'Azzure By Spree', 6000, 4.1, 15.548900, 73.754600);
INSERT INTO hotels (hotel_id, destination_id, name, price_per_night, rating, latitude, longitude) VALUES (216, 22, 'Hotel Calangute Towers', 3200, 3.9, 15.543700, 73.756800);
INSERT INTO hotels (hotel_id, destination_id, name, price_per_night, rating, latitude, longitude) VALUES (217, 22, 'La Flamingo', 2800, 3.8, 15.550100, 73.753200);
INSERT INTO hotels (hotel_id, destination_id, name, price_per_night, rating, latitude, longitude) VALUES (218, 22, 'OYO Flagship Calangute', 2000, 3.6, 15.546900, 73.755900);
INSERT INTO hotels (hotel_id, destination_id, name, price_per_night, rating, latitude, longitude) VALUES (219, 22, 'Treebo Trend Dona Eliza', 2400, 3.7, 15.552200, 73.757400);
INSERT INTO hotels (hotel_id, destination_id, name, price_per_night, rating, latitude, longitude) VALUES (220, 22, 'Hotel Sea Shore', 1800, 3.5, 15.548200, 73.754100);
INSERT INTO hotels (hotel_id, destination_id, name, price_per_night, rating, latitude, longitude) VALUES (221, 23, 'Seashell Suites & Villas', 14000, 4.7, 15.520200, 73.765700);
INSERT INTO hotels (hotel_id, destination_id, name, price_per_night, rating, latitude, longitude) VALUES (222, 23, 'Taj Holiday Village', 17000, 4.8, 15.518100, 73.763000);
INSERT INTO hotels (hotel_id, destination_id, name, price_per_night, rating, latitude, longitude) VALUES (223, 23, 'Novotel Goa Candolim', 9000, 4.4, 15.520500, 73.771100);
INSERT INTO hotels (hotel_id, destination_id, name, price_per_night, rating, latitude, longitude) VALUES (224, 23, 'Fortune Acron Regina', 7500, 4.3, 15.518900, 73.761400);
INSERT INTO hotels (hotel_id, destination_id, name, price_per_night, rating, latitude, longitude) VALUES (225, 23, 'Santana Beach Resort', 6200, 4.2, 15.515600, 73.762800);
INSERT INTO hotels (hotel_id, destination_id, name, price_per_night, rating, latitude, longitude) VALUES (226, 23, 'Hotel Sonesta Inns', 3200, 3.9, 15.517700, 73.764300);
INSERT INTO hotels (hotel_id, destination_id, name, price_per_night, rating, latitude, longitude) VALUES (227, 23, 'Silver Sands Serenity', 2800, 3.8, 15.516200, 73.760900);
INSERT INTO hotels (hotel_id, destination_id, name, price_per_night, rating, latitude, longitude) VALUES (228, 23, 'OYO Candolim Beach Road', 2000, 3.6, 15.518600, 73.763700);
INSERT INTO hotels (hotel_id, destination_id, name, price_per_night, rating, latitude, longitude) VALUES (229, 23, 'Treebo Trend Jesant Valley', 2400, 3.7, 15.519800, 73.765100);
INSERT INTO hotels (hotel_id, destination_id, name, price_per_night, rating, latitude, longitude) VALUES (230, 23, 'Hotel Casa De Goa', 2600, 3.8, 15.520100, 73.762300);
INSERT INTO hotels (hotel_id, destination_id, name, price_per_night, rating, latitude, longitude) VALUES (231, 24, 'The Crown of North Goa', 9000, 4.4, 15.590900, 73.814700);
INSERT INTO hotels (hotel_id, destination_id, name, price_per_night, rating, latitude, longitude) VALUES (232, 24, 'Hotel Green Park', 5200, 4.1, 15.591800, 73.812900);
INSERT INTO hotels (hotel_id, destination_id, name, price_per_night, rating, latitude, longitude) VALUES (233, 24, 'Hotel Royale Heritage', 4800, 4.0, 15.589700, 73.811300);
INSERT INTO hotels (hotel_id, destination_id, name, price_per_night, rating, latitude, longitude) VALUES (234, 24, 'Treebo Trend La Paz', 2600, 3.8, 15.590300, 73.813500);
INSERT INTO hotels (hotel_id, destination_id, name, price_per_night, rating, latitude, longitude) VALUES (235, 24, 'Hotel Sharayu', 2300, 3.7, 15.592200, 73.814200);
INSERT INTO hotels (hotel_id, destination_id, name, price_per_night, rating, latitude, longitude) VALUES (236, 24, 'OYO Mapusa Central', 2000, 3.6, 15.591400, 73.812100);
INSERT INTO hotels (hotel_id, destination_id, name, price_per_night, rating, latitude, longitude) VALUES (237, 24, 'Hotel Alankar', 1800, 3.5, 15.589900, 73.810800);
INSERT INTO hotels (hotel_id, destination_id, name, price_per_night, rating, latitude, longitude) VALUES (238, 24, 'Hotel Menino', 1700, 3.4, 15.590700, 73.813900);
INSERT INTO hotels (hotel_id, destination_id, name, price_per_night, rating, latitude, longitude) VALUES (239, 24, 'Hotel Mapusa Residency', 4200, 4.0, 15.592800, 73.815400);
INSERT INTO hotels (hotel_id, destination_id, name, price_per_night, rating, latitude, longitude) VALUES (240, 24, 'Hotel Hill Rock', 7800, 4.3, 15.594300, 73.816200);
INSERT INTO hotels (hotel_id, destination_id, name, price_per_night, rating, latitude, longitude) VALUES (241, 25, 'Marbela Beach Resort', 13000, 4.6, 15.629400, 73.742400);
INSERT INTO hotels (hotel_id, destination_id, name, price_per_night, rating, latitude, longitude) VALUES (242, 25, 'Azaya Beach Resort', 15000, 4.7, 15.628600, 73.742900);
INSERT INTO hotels (hotel_id, destination_id, name, price_per_night, rating, latitude, longitude) VALUES (243, 25, 'La Cabana Beach Resort', 8500, 4.4, 15.630700, 73.742600);
INSERT INTO hotels (hotel_id, destination_id, name, price_per_night, rating, latitude, longitude) VALUES (244, 25, 'Montego Bay Beach Village', 7200, 4.2, 15.628200, 73.734600);
INSERT INTO hotels (hotel_id, destination_id, name, price_per_night, rating, latitude, longitude) VALUES (245, 25, 'Living Room by Seasons', 3200, 3.9, 15.631200, 73.736900);
INSERT INTO hotels (hotel_id, destination_id, name, price_per_night, rating, latitude, longitude) VALUES (246, 25, 'Treebo Trend Morjim Plaza', 2600, 3.8, 15.629800, 73.737400);
INSERT INTO hotels (hotel_id, destination_id, name, price_per_night, rating, latitude, longitude) VALUES (247, 25, 'OYO Morjim Beach Road', 2000, 3.6, 15.630600, 73.735200);
INSERT INTO hotels (hotel_id, destination_id, name, price_per_night, rating, latitude, longitude) VALUES (248, 25, 'Hotel Morjim Hermitage', 2300, 3.7, 15.628900, 73.734100);
INSERT INTO hotels (hotel_id, destination_id, name, price_per_night, rating, latitude, longitude) VALUES (249, 25, 'Hotel Sea Breeze', 1800, 3.5, 15.629300, 73.736000);
INSERT INTO hotels (hotel_id, destination_id, name, price_per_night, rating, latitude, longitude) VALUES (250, 25, 'Resorte Marinha Dourada', 6800, 4.3, 15.632200, 73.739500);
INSERT INTO hotels (hotel_id, destination_id, name, price_per_night, rating, latitude, longitude) VALUES (251, 26, 'Ashwem Beach Resort', 12000, 4.6, 15.658800, 73.741200);
INSERT INTO hotels (hotel_id, destination_id, name, price_per_night, rating, latitude, longitude) VALUES (252, 26, 'Arambol Plaza Beach Resort', 6500, 4.2, 15.682800, 73.736100);
INSERT INTO hotels (hotel_id, destination_id, name, price_per_night, rating, latitude, longitude) VALUES (253, 26, 'Lotus Sutra', 13500, 4.7, 15.683200, 73.736400);
INSERT INTO hotels (hotel_id, destination_id, name, price_per_night, rating, latitude, longitude) VALUES (254, 26, 'Swati Hotel Arambol', 5200, 4.1, 15.704900, 73.721300);
INSERT INTO hotels (hotel_id, destination_id, name, price_per_night, rating, latitude, longitude) VALUES (255, 26, 'This Is It Beach Resort', 6000, 4.2, 15.701600, 73.718500);
INSERT INTO hotels (hotel_id, destination_id, name, price_per_night, rating, latitude, longitude) VALUES (256, 26, 'Treebo Trend Arambol', 2600, 3.8, 15.703100, 73.719200);
INSERT INTO hotels (hotel_id, destination_id, name, price_per_night, rating, latitude, longitude) VALUES (257, 26, 'OYO Arambol Beach Road', 2000, 3.6, 15.702400, 73.720100);
INSERT INTO hotels (hotel_id, destination_id, name, price_per_night, rating, latitude, longitude) VALUES (258, 26, 'Hotel Arambol Paradise', 2300, 3.7, 15.704300, 73.722200);
INSERT INTO hotels (hotel_id, destination_id, name, price_per_night, rating, latitude, longitude) VALUES (259, 26, 'Hotel Sea View Arambol', 1800, 3.5, 15.705600, 73.718900);
INSERT INTO hotels (hotel_id, destination_id, name, price_per_night, rating, latitude, longitude) VALUES (260, 26, 'Hotel Mountain View Arambol', 1700, 3.4, 15.707200, 73.723500);
INSERT INTO hotels (hotel_id, destination_id, name, price_per_night, rating, latitude, longitude) VALUES (261, 27, 'Taj Holiday Village Baga', 18000, 4.8, 15.552000, 73.751100);
INSERT INTO hotels (hotel_id, destination_id, name, price_per_night, rating, latitude, longitude) VALUES (262, 27, 'Acron Waterfront Resort', 14000, 4.6, 15.554700, 73.750600);
INSERT INTO hotels (hotel_id, destination_id, name, price_per_night, rating, latitude, longitude) VALUES (263, 27, 'Resort Rio', 9000, 4.4, 15.555400, 73.751000);
INSERT INTO hotels (hotel_id, destination_id, name, price_per_night, rating, latitude, longitude) VALUES (264, 27, 'Colonia Santa Maria', 7500, 4.3, 15.556900, 73.751400);
INSERT INTO hotels (hotel_id, destination_id, name, price_per_night, rating, latitude, longitude) VALUES (265, 27, 'Lazy Lagoon Sarovar Portico', 8200, 4.2, 15.553100, 73.748100);
INSERT INTO hotels (hotel_id, destination_id, name, price_per_night, rating, latitude, longitude) VALUES (266, 27, 'Hotel Baga Pride', 3200, 3.9, 15.554600, 73.750900);
INSERT INTO hotels (hotel_id, destination_id, name, price_per_night, rating, latitude, longitude) VALUES (267, 27, 'Hotel Fiesta Beach Resort', 2800, 3.8, 15.556300, 73.752000);
INSERT INTO hotels (hotel_id, destination_id, name, price_per_night, rating, latitude, longitude) VALUES (268, 27, 'OYO Baga Beach Road', 2000, 3.6, 15.555100, 73.749700);
INSERT INTO hotels (hotel_id, destination_id, name, price_per_night, rating, latitude, longitude) VALUES (269, 27, 'Treebo Trend Beach Box', 2400, 3.7, 15.557200, 73.751800);
INSERT INTO hotels (hotel_id, destination_id, name, price_per_night, rating, latitude, longitude) VALUES (270, 27, 'Hotel Sea Hawk', 1800, 3.5, 15.553800, 73.748900);
INSERT INTO hotels (hotel_id, destination_id, name, price_per_night, rating, latitude, longitude) VALUES (271, 28, 'W Goa', 22000, 4.8, 15.581600, 73.744400);
INSERT INTO hotels (hotel_id, destination_id, name, price_per_night, rating, latitude, longitude) VALUES (272, 28, 'Anamiva Goa', 15000, 4.6, 15.582200, 73.745200);
INSERT INTO hotels (hotel_id, destination_id, name, price_per_night, rating, latitude, longitude) VALUES (273, 28, 'Spazio Leisure Resort', 8000, 4.3, 15.583100, 73.746800);
INSERT INTO hotels (hotel_id, destination_id, name, price_per_night, rating, latitude, longitude) VALUES (274, 28, 'Granpa’s Inn Hotel', 6500, 4.2, 15.596300, 73.739100);
INSERT INTO hotels (hotel_id, destination_id, name, price_per_night, rating, latitude, longitude) VALUES (275, 28, 'Casa Anjuna', 7200, 4.4, 15.595200, 73.742400);
INSERT INTO hotels (hotel_id, destination_id, name, price_per_night, rating, latitude, longitude) VALUES (276, 28, 'Treebo Trend Casa Anjuna', 2600, 3.8, 15.595800, 73.741900);
INSERT INTO hotels (hotel_id, destination_id, name, price_per_night, rating, latitude, longitude) VALUES (277, 28, 'OYO Anjuna Beach Road', 2000, 3.6, 15.596600, 73.740100);
INSERT INTO hotels (hotel_id, destination_id, name, price_per_night, rating, latitude, longitude) VALUES (278, 28, 'Hotel Down Hill Village', 2300, 3.7, 15.594900, 73.743200);
INSERT INTO hotels (hotel_id, destination_id, name, price_per_night, rating, latitude, longitude) VALUES (279, 28, 'Hotel Casa De Anjuna', 1900, 3.5, 15.597100, 73.742800);
INSERT INTO hotels (hotel_id, destination_id, name, price_per_night, rating, latitude, longitude) VALUES (280, 28, 'Hotel Blue Pearl', 1700, 3.4, 15.598600, 73.739400);
INSERT INTO hotels (hotel_id, destination_id, name, price_per_night, rating, latitude, longitude) VALUES (281, 29, 'W Goa Vagator', 21000, 4.8, 15.606800, 73.736500);
INSERT INTO hotels (hotel_id, destination_id, name, price_per_night, rating, latitude, longitude) VALUES (282, 29, 'Anahata Retreat', 16000, 4.7, 15.607200, 73.736200);
INSERT INTO hotels (hotel_id, destination_id, name, price_per_night, rating, latitude, longitude) VALUES (283, 29, 'Leoney Resort', 7500, 4.2, 15.608100, 73.737900);
INSERT INTO hotels (hotel_id, destination_id, name, price_per_night, rating, latitude, longitude) VALUES (284, 29, 'Cochichos Resort', 6800, 4.1, 15.601200, 73.738100);
INSERT INTO hotels (hotel_id, destination_id, name, price_per_night, rating, latitude, longitude) VALUES (285, 29, 'The Grand Leoney', 7200, 4.3, 15.603100, 73.740300);
INSERT INTO hotels (hotel_id, destination_id, name, price_per_night, rating, latitude, longitude) VALUES (286, 29, 'Treebo Trend Vagator', 2600, 3.8, 15.602200, 73.737900);
INSERT INTO hotels (hotel_id, destination_id, name, price_per_night, rating, latitude, longitude) VALUES (287, 29, 'OYO Vagator Beach Road', 2000, 3.6, 15.601800, 73.736600);
INSERT INTO hotels (hotel_id, destination_id, name, price_per_night, rating, latitude, longitude) VALUES (288, 29, 'Hotel Hill Top View', 2300, 3.7, 15.604400, 73.741200);
INSERT INTO hotels (hotel_id, destination_id, name, price_per_night, rating, latitude, longitude) VALUES (289, 29, 'Hotel Vagator Sea View', 1800, 3.5, 15.603600, 73.739000);
INSERT INTO hotels (hotel_id, destination_id, name, price_per_night, rating, latitude, longitude) VALUES (290, 29, 'Hotel Casa Vagator', 1700, 3.4, 15.600900, 73.737200);
INSERT INTO hotels (hotel_id, destination_id, name, price_per_night, rating, latitude, longitude) VALUES (291, 30, 'Heritage Village Resort & Spa', 12000, 4.6, 15.460600, 73.807100);
INSERT INTO hotels (hotel_id, destination_id, name, price_per_night, rating, latitude, longitude) VALUES (292, 30, 'Hotel Surya Palace', 10000, 4.5, 15.500300, 73.911600);
INSERT INTO hotels (hotel_id, destination_id, name, price_per_night, rating, latitude, longitude) VALUES (293, 30, 'Old Goa Residency', 6500, 4.2, 15.500700, 73.910900);
INSERT INTO hotels (hotel_id, destination_id, name, price_per_night, rating, latitude, longitude) VALUES (294, 30, 'Hotel La Grace', 6000, 4.1, 15.499600, 73.912300);
INSERT INTO hotels (hotel_id, destination_id, name, price_per_night, rating, latitude, longitude) VALUES (295, 30, 'Hotel Mandovi Palace', 5800, 4.0, 15.501200, 73.911800);
INSERT INTO hotels (hotel_id, destination_id, name, price_per_night, rating, latitude, longitude) VALUES (296, 30, 'Treebo Trend Old Goa', 2600, 3.8, 15.499900, 73.913100);
INSERT INTO hotels (hotel_id, destination_id, name, price_per_night, rating, latitude, longitude) VALUES (297, 30, 'OYO Old Goa Central', 2000, 3.6, 15.500100, 73.912700);
INSERT INTO hotels (hotel_id, destination_id, name, price_per_night, rating, latitude, longitude) VALUES (298, 30, 'Hotel River View Old Goa', 2300, 3.7, 15.501600, 73.910400);
INSERT INTO hotels (hotel_id, destination_id, name, price_per_night, rating, latitude, longitude) VALUES (299, 30, 'Hotel Casa De Old Goa', 1800, 3.5, 15.499300, 73.911500);
INSERT INTO hotels (hotel_id, destination_id, name, price_per_night, rating, latitude, longitude) VALUES (300, 30, 'Hotel Basilica Inn', 1700, 3.4, 15.500900, 73.913400);
INSERT INTO hotels (hotel_id, destination_id, name, price_per_night, rating, latitude, longitude) VALUES (301, 31, 'The Fern Kadamba Hotel & Spa', 9000, 4.5, 15.275800, 73.958900);
INSERT INTO hotels (hotel_id, destination_id, name, price_per_night, rating, latitude, longitude) VALUES (302, 31, 'Radisson Goa Candolim City Center', 8500, 4.4, 15.276900, 73.959800);
INSERT INTO hotels (hotel_id, destination_id, name, price_per_night, rating, latitude, longitude) VALUES (303, 31, 'Hotel Nanutel', 5500, 4.2, 15.275300, 73.959300);
INSERT INTO hotels (hotel_id, destination_id, name, price_per_night, rating, latitude, longitude) VALUES (304, 31, 'Hotel Laxmi Empire', 5200, 4.1, 15.276400, 73.957200);
INSERT INTO hotels (hotel_id, destination_id, name, price_per_night, rating, latitude, longitude) VALUES (305, 31, 'Hotel Xec Residency', 4800, 4.0, 15.274900, 73.956400);
INSERT INTO hotels (hotel_id, destination_id, name, price_per_night, rating, latitude, longitude) VALUES (306, 31, 'Treebo Trend City Stay', 2600, 3.8, 15.277200, 73.958100);
INSERT INTO hotels (hotel_id, destination_id, name, price_per_night, rating, latitude, longitude) VALUES (307, 31, 'Hotel Madhuvan', 2300, 3.7, 15.275600, 73.957600);
INSERT INTO hotels (hotel_id, destination_id, name, price_per_night, rating, latitude, longitude) VALUES (308, 31, 'OYO Margao Central', 2000, 3.6, 15.276800, 73.959100);
INSERT INTO hotels (hotel_id, destination_id, name, price_per_night, rating, latitude, longitude) VALUES (309, 31, 'Hotel City Comfort', 1800, 3.5, 15.274300, 73.958400);
INSERT INTO hotels (hotel_id, destination_id, name, price_per_night, rating, latitude, longitude) VALUES (310, 31, 'Hotel Welcome', 1700, 3.4, 15.276100, 73.960200);
INSERT INTO hotels (hotel_id, destination_id, name, price_per_night, rating, latitude, longitude) VALUES (311, 32, 'Kenilworth Resort & Spa', 14000, 4.7, 15.279200, 73.913600);
INSERT INTO hotels (hotel_id, destination_id, name, price_per_night, rating, latitude, longitude) VALUES (312, 32, 'Longuinhos Beach Resort', 12000, 4.6, 15.279000, 73.913400);
INSERT INTO hotels (hotel_id, destination_id, name, price_per_night, rating, latitude, longitude) VALUES (313, 32, 'Star Beach Resort', 6500, 4.2, 15.280400, 73.914100);
INSERT INTO hotels (hotel_id, destination_id, name, price_per_night, rating, latitude, longitude) VALUES (314, 32, 'William''s Beach Retreat', 5800, 4.1, 15.275900, 73.913600);
INSERT INTO hotels (hotel_id, destination_id, name, price_per_night, rating, latitude, longitude) VALUES (315, 32, 'Silva Heritage Resort', 6000, 4.0, 15.274400, 73.910800);
INSERT INTO hotels (hotel_id, destination_id, name, price_per_night, rating, latitude, longitude) VALUES (316, 32, 'Treebo Trend Green View', 2600, 3.8, 15.276800, 73.911900);
INSERT INTO hotels (hotel_id, destination_id, name, price_per_night, rating, latitude, longitude) VALUES (317, 32, 'Hotel Colva Kinara', 2300, 3.7, 15.278100, 73.913200);
INSERT INTO hotels (hotel_id, destination_id, name, price_per_night, rating, latitude, longitude) VALUES (318, 32, 'OYO Colva Beach Road', 2000, 3.6, 15.275300, 73.910300);
INSERT INTO hotels (hotel_id, destination_id, name, price_per_night, rating, latitude, longitude) VALUES (319, 32, 'Hotel Silver Sands', 1800, 3.5, 15.277400, 73.912100);
INSERT INTO hotels (hotel_id, destination_id, name, price_per_night, rating, latitude, longitude) VALUES (320, 32, 'Hotel Amigo Plaza', 1700, 3.4, 15.276100, 73.913800);
INSERT INTO hotels (hotel_id, destination_id, name, price_per_night, rating, latitude, longitude) VALUES (321, 33, 'Taj Exotica Resort & Spa', 22000, 4.8, 15.254000, 73.923900);
INSERT INTO hotels (hotel_id, destination_id, name, price_per_night, rating, latitude, longitude) VALUES (322, 33, 'Azaya Beach Resort', 15000, 4.7, 15.253700, 73.924000);
INSERT INTO hotels (hotel_id, destination_id, name, price_per_night, rating, latitude, longitude) VALUES (323, 33, 'Joecons Beach Resort', 7500, 4.3, 15.255900, 73.923300);
INSERT INTO hotels (hotel_id, destination_id, name, price_per_night, rating, latitude, longitude) VALUES (324, 33, 'La Grace Resort', 6500, 4.2, 15.252800, 73.924200);
INSERT INTO hotels (hotel_id, destination_id, name, price_per_night, rating, latitude, longitude) VALUES (325, 33, 'Hotel San Joao', 6000, 4.1, 15.254700, 73.923100);
INSERT INTO hotels (hotel_id, destination_id, name, price_per_night, rating, latitude, longitude) VALUES (326, 33, 'Treebo Trend Varca', 2600, 3.8, 15.257200, 73.920900);
INSERT INTO hotels (hotel_id, destination_id, name, price_per_night, rating, latitude, longitude) VALUES (327, 33, 'Hotel Failaka', 2300, 3.7, 15.255600, 73.924600);
INSERT INTO hotels (hotel_id, destination_id, name, price_per_night, rating, latitude, longitude) VALUES (328, 33, 'OYO Benaulim Beach', 2000, 3.6, 15.253300, 73.922000);
INSERT INTO hotels (hotel_id, destination_id, name, price_per_night, rating, latitude, longitude) VALUES (329, 33, 'Hotel Lotus Beach', 1800, 3.5, 15.256900, 73.921800);
INSERT INTO hotels (hotel_id, destination_id, name, price_per_night, rating, latitude, longitude) VALUES (330, 33, 'Hotel Palm Grove', 1700, 3.4, 15.254100, 73.923900);
INSERT INTO hotels (hotel_id, destination_id, name, price_per_night, rating, latitude, longitude) VALUES (331, 34, 'The LaLiT Golf & Spa Resort', 20000, 4.8, 15.010100, 74.023200);
INSERT INTO hotels (hotel_id, destination_id, name, price_per_night, rating, latitude, longitude) VALUES (332, 34, 'Art Resort Goa', 13000, 4.6, 15.009800, 74.023000);
INSERT INTO hotels (hotel_id, destination_id, name, price_per_night, rating, latitude, longitude) VALUES (333, 34, 'Cola Beach Resort', 8500, 4.4, 15.036800, 73.959600);
INSERT INTO hotels (hotel_id, destination_id, name, price_per_night, rating, latitude, longitude) VALUES (334, 34, 'Agonda Cottages', 7000, 4.2, 15.041600, 73.994100);
INSERT INTO hotels (hotel_id, destination_id, name, price_per_night, rating, latitude, longitude) VALUES (335, 34, 'Dunhill Beach Resort', 6500, 4.1, 15.009700, 74.023100);
INSERT INTO hotels (hotel_id, destination_id, name, price_per_night, rating, latitude, longitude) VALUES (336, 34, 'Treebo Trend Canacona', 2600, 3.8, 15.009900, 74.022700);
INSERT INTO hotels (hotel_id, destination_id, name, price_per_night, rating, latitude, longitude) VALUES (337, 34, 'Hotel Sun N Moon', 2300, 3.7, 15.010000, 74.024100);
INSERT INTO hotels (hotel_id, destination_id, name, price_per_night, rating, latitude, longitude) VALUES (338, 34, 'OYO Palolem Central', 2000, 3.6, 15.009600, 74.023400);
INSERT INTO hotels (hotel_id, destination_id, name, price_per_night, rating, latitude, longitude) VALUES (339, 34, 'Hotel Palolem Beach Resort', 1800, 3.5, 15.009800, 74.023000);
INSERT INTO hotels (hotel_id, destination_id, name, price_per_night, rating, latitude, longitude) VALUES (340, 34, 'Hotel Neptune Point', 1700, 3.4, 15.010100, 74.022900);
INSERT INTO hotels (hotel_id, destination_id, name, price_per_night, rating, latitude, longitude) VALUES (341, 35, 'The Postcard Hideaway', 11000, 4.6, 15.198600, 74.062800);
INSERT INTO hotels (hotel_id, destination_id, name, price_per_night, rating, latitude, longitude) VALUES (342, 35, 'Wildflower Villas', 9500, 4.5, 15.201300, 74.060900);
INSERT INTO hotels (hotel_id, destination_id, name, price_per_night, rating, latitude, longitude) VALUES (343, 35, 'Hotel Quepem Residency', 5200, 4.1, 15.212600, 74.078900);
INSERT INTO hotels (hotel_id, destination_id, name, price_per_night, rating, latitude, longitude) VALUES (344, 35, 'Hotel Woodlands', 4800, 4.0, 15.213200, 74.077500);
INSERT INTO hotels (hotel_id, destination_id, name, price_per_night, rating, latitude, longitude) VALUES (345, 35, 'Hotel Central Park Quepem', 5000, 4.0, 15.211800, 74.079600);
INSERT INTO hotels (hotel_id, destination_id, name, price_per_night, rating, latitude, longitude) VALUES (346, 35, 'Treebo Trend Quepem', 2600, 3.8, 15.212100, 74.080200);
INSERT INTO hotels (hotel_id, destination_id, name, price_per_night, rating, latitude, longitude) VALUES (347, 35, 'Hotel City Pride Quepem', 2300, 3.7, 15.214300, 74.078100);
INSERT INTO hotels (hotel_id, destination_id, name, price_per_night, rating, latitude, longitude) VALUES (348, 35, 'OYO Quepem Central', 2000, 3.6, 15.213700, 74.079900);
INSERT INTO hotels (hotel_id, destination_id, name, price_per_night, rating, latitude, longitude) VALUES (349, 35, 'Hotel Sai Residency Quepem', 1800, 3.5, 15.211200, 74.077200);
INSERT INTO hotels (hotel_id, destination_id, name, price_per_night, rating, latitude, longitude) VALUES (350, 35, 'Hotel Hill View Quepem', 1700, 3.4, 15.214900, 74.080800);
INSERT INTO hotels (hotel_id, destination_id, name, price_per_night, rating, latitude, longitude) VALUES (351, 36, 'Ahilya by the Sea', 18000, 4.8, 15.716200, 73.745500);
INSERT INTO hotels (hotel_id, destination_id, name, price_per_night, rating, latitude, longitude) VALUES (352, 36, 'Red Earth Kabini Goa', 14000, 4.6, 15.715800, 73.745200);
INSERT INTO hotels (hotel_id, destination_id, name, price_per_night, rating, latitude, longitude) VALUES (353, 36, 'Arambol Lake Resort', 6500, 4.2, 15.684100, 73.737800);
INSERT INTO hotels (hotel_id, destination_id, name, price_per_night, rating, latitude, longitude) VALUES (354, 36, 'Mandrem Retreat', 6000, 4.1, 15.655600, 73.741700);
INSERT INTO hotels (hotel_id, destination_id, name, price_per_night, rating, latitude, longitude) VALUES (355, 36, 'Ashwem Beach Resort', 5800, 4.0, 15.658700, 73.741100);
INSERT INTO hotels (hotel_id, destination_id, name, price_per_night, rating, latitude, longitude) VALUES (356, 36, 'Treebo Trend Ashwem', 2600, 3.8, 15.659100, 73.741300);
INSERT INTO hotels (hotel_id, destination_id, name, price_per_night, rating, latitude, longitude) VALUES (357, 36, 'Hotel Nanu Resort', 2400, 3.7, 15.621300, 73.735200);
INSERT INTO hotels (hotel_id, destination_id, name, price_per_night, rating, latitude, longitude) VALUES (358, 36, 'OYO Pernem Central', 2000, 3.6, 15.718300, 73.730900);
INSERT INTO hotels (hotel_id, destination_id, name, price_per_night, rating, latitude, longitude) VALUES (359, 36, 'Hotel Sea Pearl', 1800, 3.5, 15.720400, 73.732500);
INSERT INTO hotels (hotel_id, destination_id, name, price_per_night, rating, latitude, longitude) VALUES (360, 36, 'Hotel Hill Breeze', 1700, 3.4, 15.722100, 73.736900);
INSERT INTO hotels (hotel_id, destination_id, name, price_per_night, rating, latitude, longitude) VALUES (361, 37, 'Taj Fort Aguada Heritage', 20000, 4.9, 15.489600, 73.773500);
INSERT INTO hotels (hotel_id, destination_id, name, price_per_night, rating, latitude, longitude) VALUES (362, 37, 'Le Méridien Goa', 16000, 4.7, 15.522600, 73.774100);
INSERT INTO hotels (hotel_id, destination_id, name, price_per_night, rating, latitude, longitude) VALUES (363, 37, 'Hard Rock Hotel Goa', 9000, 4.4, 15.557400, 73.752800);
INSERT INTO hotels (hotel_id, destination_id, name, price_per_night, rating, latitude, longitude) VALUES (364, 37, 'Resort Terra Paraiso', 6800, 4.2, 15.544200, 73.758100);
INSERT INTO hotels (hotel_id, destination_id, name, price_per_night, rating, latitude, longitude) VALUES (365, 37, 'Acron Waterfront Resort', 7500, 4.3, 15.554900, 73.748800);
INSERT INTO hotels (hotel_id, destination_id, name, price_per_night, rating, latitude, longitude) VALUES (366, 37, 'Treebo Trend Calangute', 2600, 3.8, 15.547800, 73.756300);
INSERT INTO hotels (hotel_id, destination_id, name, price_per_night, rating, latitude, longitude) VALUES (367, 37, 'Hotel Calangute Towers', 3000, 3.9, 15.543700, 73.756800);
INSERT INTO hotels (hotel_id, destination_id, name, price_per_night, rating, latitude, longitude) VALUES (368, 37, 'OYO Bardez Central', 2000, 3.6, 15.552300, 73.754200);
INSERT INTO hotels (hotel_id, destination_id, name, price_per_night, rating, latitude, longitude) VALUES (369, 37, 'Hotel Sea Breeze', 1800, 3.5, 15.549600, 73.753100);
INSERT INTO hotels (hotel_id, destination_id, name, price_per_night, rating, latitude, longitude) VALUES (370, 37, 'Hotel Royal Heritage', 1700, 3.4, 15.551200, 73.755600);
INSERT INTO hotels (hotel_id, destination_id, name, price_per_night, rating, latitude, longitude) VALUES (371, 38, 'Goa Marriott Resort & Spa', 14000, 4.6, 15.502400, 73.829900);
INSERT INTO hotels (hotel_id, destination_id, name, price_per_night, rating, latitude, longitude) VALUES (372, 38, 'Grand Hyatt Goa', 15000, 4.7, 15.463900, 73.807300);
INSERT INTO hotels (hotel_id, destination_id, name, price_per_night, rating, latitude, longitude) VALUES (373, 38, 'The Crown Goa', 6000, 4.2, 15.501200, 73.829400);
INSERT INTO hotels (hotel_id, destination_id, name, price_per_night, rating, latitude, longitude) VALUES (374, 38, 'Country Inn & Suites Panaji', 6500, 4.3, 15.499100, 73.828400);
INSERT INTO hotels (hotel_id, destination_id, name, price_per_night, rating, latitude, longitude) VALUES (375, 38, 'Hotel Mandovi', 5200, 4.1, 15.498300, 73.827900);
INSERT INTO hotels (hotel_id, destination_id, name, price_per_night, rating, latitude, longitude) VALUES (376, 38, 'Treebo Trend Sunheads', 2300, 3.7, 15.500600, 73.826300);
INSERT INTO hotels (hotel_id, destination_id, name, price_per_night, rating, latitude, longitude) VALUES (377, 38, 'Hotel Manvin''s', 2800, 3.8, 15.498900, 73.826800);
INSERT INTO hotels (hotel_id, destination_id, name, price_per_night, rating, latitude, longitude) VALUES (378, 38, 'OYO Panaji Central', 2000, 3.6, 15.499800, 73.828100);
INSERT INTO hotels (hotel_id, destination_id, name, price_per_night, rating, latitude, longitude) VALUES (379, 38, 'Hotel Venite', 1800, 3.5, 15.497200, 73.829100);
INSERT INTO hotels (hotel_id, destination_id, name, price_per_night, rating, latitude, longitude) VALUES (380, 38, 'Hotel Viva Panjim', 3000, 4.0, 15.496700, 73.827600);
INSERT INTO hotels (hotel_id, destination_id, name, price_per_night, rating, latitude, longitude) VALUES (381, 39, 'Alila Diwa Goa', 18000, 4.8, 15.330800, 73.913200);
INSERT INTO hotels (hotel_id, destination_id, name, price_per_night, rating, latitude, longitude) VALUES (382, 39, 'The Leela Goa', 22000, 4.9, 15.156900, 73.946200);
INSERT INTO hotels (hotel_id, destination_id, name, price_per_night, rating, latitude, longitude) VALUES (383, 39, 'Planet Hollywood Goa', 9500, 4.4, 15.196600, 73.938900);
INSERT INTO hotels (hotel_id, destination_id, name, price_per_night, rating, latitude, longitude) VALUES (384, 39, 'Heritage Village Resort', 8200, 4.3, 15.246400, 73.949500);
INSERT INTO hotels (hotel_id, destination_id, name, price_per_night, rating, latitude, longitude) VALUES (385, 39, 'Nanu Resort Betalbatim', 7000, 4.2, 15.248900, 73.912600);
INSERT INTO hotels (hotel_id, destination_id, name, price_per_night, rating, latitude, longitude) VALUES (386, 39, 'Treebo Trend Majorda', 2600, 3.8, 15.146200, 73.943800);
INSERT INTO hotels (hotel_id, destination_id, name, price_per_night, rating, latitude, longitude) VALUES (387, 39, 'Hotel Colva Residency', 2400, 3.7, 15.278100, 73.913200);
INSERT INTO hotels (hotel_id, destination_id, name, price_per_night, rating, latitude, longitude) VALUES (388, 39, 'OYO Colva Central', 2000, 3.6, 15.275300, 73.910300);
INSERT INTO hotels (hotel_id, destination_id, name, price_per_night, rating, latitude, longitude) VALUES (389, 39, 'Hotel Amigo Plaza', 1800, 3.5, 15.276100, 73.913800);
INSERT INTO hotels (hotel_id, destination_id, name, price_per_night, rating, latitude, longitude) VALUES (390, 39, 'Hotel Silver Sands', 1700, 3.4, 15.277400, 73.912100);
INSERT INTO hotels (hotel_id, destination_id, name, price_per_night, rating, latitude, longitude) VALUES (391, 40, 'Dudhsagar Spa Resort', 12000, 4.6, 15.318900, 74.081200);
INSERT INTO hotels (hotel_id, destination_id, name, price_per_night, rating, latitude, longitude) VALUES (392, 40, 'The Postcard Hideaway Netravali', 11000, 4.5, 15.330500, 74.190200);
INSERT INTO hotels (hotel_id, destination_id, name, price_per_night, rating, latitude, longitude) VALUES (393, 40, 'Hotel Jungle Book', 6500, 4.2, 15.334200, 74.187800);
INSERT INTO hotels (hotel_id, destination_id, name, price_per_night, rating, latitude, longitude) VALUES (394, 40, 'Hotel Netravali Retreat', 6000, 4.1, 15.331600, 74.188900);
INSERT INTO hotels (hotel_id, destination_id, name, price_per_night, rating, latitude, longitude) VALUES (395, 40, 'Hotel Nature View', 5800, 4.0, 15.329800, 74.186400);
INSERT INTO hotels (hotel_id, destination_id, name, price_per_night, rating, latitude, longitude) VALUES (396, 40, 'Treebo Trend Sanguem', 2600, 3.8, 15.327900, 74.185300);
INSERT INTO hotels (hotel_id, destination_id, name, price_per_night, rating, latitude, longitude) VALUES (397, 40, 'Hotel Sai Residency Sanguem', 2300, 3.7, 15.328400, 74.184200);
INSERT INTO hotels (hotel_id, destination_id, name, price_per_night, rating, latitude, longitude) VALUES (398, 40, 'OYO Sanguem Central', 2000, 3.6, 15.326800, 74.183900);
INSERT INTO hotels (hotel_id, destination_id, name, price_per_night, rating, latitude, longitude) VALUES (399, 40, 'Hotel Hill View Sanguem', 1800, 3.5, 15.325600, 74.186100);
INSERT INTO hotels (hotel_id, destination_id, name, price_per_night, rating, latitude, longitude) VALUES (400, 40, 'Hotel Green Valley', 1700, 3.4, 15.329100, 74.182700);

-- Insert places
INSERT INTO places (place_id, destination_id, name, latitude, longitude, entry_fee, avg_visit_time) VALUES (1, 1, 'RK Beach', 17.712800, 83.318600, 0, 90);
INSERT INTO places (place_id, destination_id, name, latitude, longitude, entry_fee, avg_visit_time) VALUES (2, 1, 'Kailasagiri Hill Park', 17.747300, 83.343600, 20, 90);
INSERT INTO places (place_id, destination_id, name, latitude, longitude, entry_fee, avg_visit_time) VALUES (3, 1, 'INS Kursura Submarine Museum', 17.712400, 83.329900, 40, 60);
INSERT INTO places (place_id, destination_id, name, latitude, longitude, entry_fee, avg_visit_time) VALUES (4, 1, 'Yarada Beach', 17.659800, 83.274600, 0, 120);
INSERT INTO places (place_id, destination_id, name, latitude, longitude, entry_fee, avg_visit_time) VALUES (5, 1, 'Borra Caves', 18.287000, 83.037600, 40, 120);
INSERT INTO places (place_id, destination_id, name, latitude, longitude, entry_fee, avg_visit_time) VALUES (6, 1, 'Simhachalam Temple', 17.766300, 83.249700, 0, 90);
INSERT INTO places (place_id, destination_id, name, latitude, longitude, entry_fee, avg_visit_time) VALUES (7, 1, 'Ross Hill Church', 17.688600, 83.289500, 0, 45);
INSERT INTO places (place_id, destination_id, name, latitude, longitude, entry_fee, avg_visit_time) VALUES (8, 1, 'Araku Valley', 18.327300, 82.877200, 0, 180);
INSERT INTO places (place_id, destination_id, name, latitude, longitude, entry_fee, avg_visit_time) VALUES (9, 1, 'Dolphin''s Nose Viewpoint', 17.676500, 83.287200, 0, 45);
INSERT INTO places (place_id, destination_id, name, latitude, longitude, entry_fee, avg_visit_time) VALUES (10, 1, 'Scuba Diving Rushikonda', 17.782900, 83.385600, 3500, 120);
INSERT INTO places (place_id, destination_id, name, latitude, longitude, entry_fee, avg_visit_time) VALUES (11, 2, 'Kanaka Durga Temple', 16.515000, 80.616700, 0, 90);
INSERT INTO places (place_id, destination_id, name, latitude, longitude, entry_fee, avg_visit_time) VALUES (12, 2, 'Prakasam Barrage', 16.506200, 80.611700, 0, 45);
INSERT INTO places (place_id, destination_id, name, latitude, longitude, entry_fee, avg_visit_time) VALUES (13, 2, 'Bhavani Island', 16.505000, 80.620500, 50, 120);
INSERT INTO places (place_id, destination_id, name, latitude, longitude, entry_fee, avg_visit_time) VALUES (14, 2, 'Gandhi Hill', 16.528300, 80.603700, 0, 60);
INSERT INTO places (place_id, destination_id, name, latitude, longitude, entry_fee, avg_visit_time) VALUES (15, 2, 'Undavalli Caves', 16.497800, 80.579600, 25, 90);
INSERT INTO places (place_id, destination_id, name, latitude, longitude, entry_fee, avg_visit_time) VALUES (16, 2, 'Mangalagiri Temple', 16.430800, 80.568900, 0, 60);
INSERT INTO places (place_id, destination_id, name, latitude, longitude, entry_fee, avg_visit_time) VALUES (17, 2, 'Kondapalli Fort', 16.626800, 80.535600, 0, 90);
INSERT INTO places (place_id, destination_id, name, latitude, longitude, entry_fee, avg_visit_time) VALUES (18, 2, 'VMC Park', 16.512300, 80.624800, 0, 60);
INSERT INTO places (place_id, destination_id, name, latitude, longitude, entry_fee, avg_visit_time) VALUES (19, 2, 'Krishna River Cruise', 16.506800, 80.619900, 300, 60);
INSERT INTO places (place_id, destination_id, name, latitude, longitude, entry_fee, avg_visit_time) VALUES (20, 2, 'Kolavennu Backwaters', 16.457600, 80.542800, 0, 90);
INSERT INTO places (place_id, destination_id, name, latitude, longitude, entry_fee, avg_visit_time) VALUES (21, 3, 'Tirumala Venkateswara Temple', 13.683300, 79.347400, 0, 180);
INSERT INTO places (place_id, destination_id, name, latitude, longitude, entry_fee, avg_visit_time) VALUES (22, 3, 'Silathoranam', 13.683900, 79.350600, 0, 45);
INSERT INTO places (place_id, destination_id, name, latitude, longitude, entry_fee, avg_visit_time) VALUES (23, 3, 'Kapila Theertham', 13.645300, 79.408900, 0, 60);
INSERT INTO places (place_id, destination_id, name, latitude, longitude, entry_fee, avg_visit_time) VALUES (24, 3, 'Chandragiri Fort', 13.586400, 79.317800, 0, 90);
INSERT INTO places (place_id, destination_id, name, latitude, longitude, entry_fee, avg_visit_time) VALUES (25, 3, 'Sri Venkateswara Zoo', 13.634900, 79.374200, 50, 120);
INSERT INTO places (place_id, destination_id, name, latitude, longitude, entry_fee, avg_visit_time) VALUES (26, 3, 'Akasa Ganga Waterfall', 13.690900, 79.348700, 0, 60);
INSERT INTO places (place_id, destination_id, name, latitude, longitude, entry_fee, avg_visit_time) VALUES (27, 3, 'Deer Park Tirumala', 13.679800, 79.345900, 0, 60);
INSERT INTO places (place_id, destination_id, name, latitude, longitude, entry_fee, avg_visit_time) VALUES (28, 3, 'TTD Gardens', 13.682100, 79.346600, 0, 60);
INSERT INTO places (place_id, destination_id, name, latitude, longitude, entry_fee, avg_visit_time) VALUES (29, 3, 'Rock Garden', 13.636500, 79.372900, 0, 45);
INSERT INTO places (place_id, destination_id, name, latitude, longitude, entry_fee, avg_visit_time) VALUES (30, 3, 'Tirupati Heritage Walk', 13.628800, 79.419200, 0, 60);
INSERT INTO places (place_id, destination_id, name, latitude, longitude, entry_fee, avg_visit_time) VALUES (31, 4, 'Belum Caves', 15.101000, 78.113600, 60, 120);
INSERT INTO places (place_id, destination_id, name, latitude, longitude, entry_fee, avg_visit_time) VALUES (32, 4, 'Konda Reddy Fort', 15.828100, 78.036300, 0, 60);
INSERT INTO places (place_id, destination_id, name, latitude, longitude, entry_fee, avg_visit_time) VALUES (33, 4, 'Oravakallu Rock Garden', 15.781700, 78.012200, 20, 90);
INSERT INTO places (place_id, destination_id, name, latitude, longitude, entry_fee, avg_visit_time) VALUES (34, 4, 'Rollapadu Wildlife Sanctuary', 15.432500, 78.210000, 50, 150);
INSERT INTO places (place_id, destination_id, name, latitude, longitude, entry_fee, avg_visit_time) VALUES (35, 4, 'Srisailam Dam', 16.074000, 78.868600, 0, 90);
INSERT INTO places (place_id, destination_id, name, latitude, longitude, entry_fee, avg_visit_time) VALUES (36, 4, 'Sakshi Ganapati Temple', 15.785200, 78.045800, 0, 45);
INSERT INTO places (place_id, destination_id, name, latitude, longitude, entry_fee, avg_visit_time) VALUES (37, 4, 'Ahobilam Temple', 15.137200, 78.774600, 0, 120);
INSERT INTO places (place_id, destination_id, name, latitude, longitude, entry_fee, avg_visit_time) VALUES (38, 4, 'Pathala Ganga', 16.074800, 78.869300, 150, 60);
INSERT INTO places (place_id, destination_id, name, latitude, longitude, entry_fee, avg_visit_time) VALUES (39, 4, 'Nallamala Forest Trek', 15.950000, 78.850000, 0, 180);
INSERT INTO places (place_id, destination_id, name, latitude, longitude, entry_fee, avg_visit_time) VALUES (40, 4, 'Kurnool Heritage Walk', 15.828900, 78.037800, 0, 60);
INSERT INTO places (place_id, destination_id, name, latitude, longitude, entry_fee, avg_visit_time) VALUES (41, 5, 'Papi Hills', 17.443600, 81.819600, 0, 180);
INSERT INTO places (place_id, destination_id, name, latitude, longitude, entry_fee, avg_visit_time) VALUES (42, 5, 'Godavari River Cruise', 17.000500, 81.804000, 500, 180);
INSERT INTO places (place_id, destination_id, name, latitude, longitude, entry_fee, avg_visit_time) VALUES (43, 5, 'Rallabandi Subbarao Museum', 17.000000, 81.804200, 10, 60);
INSERT INTO places (place_id, destination_id, name, latitude, longitude, entry_fee, avg_visit_time) VALUES (44, 5, 'Iskcon Temple Rajahmundry', 17.015600, 81.807900, 0, 60);
INSERT INTO places (place_id, destination_id, name, latitude, longitude, entry_fee, avg_visit_time) VALUES (45, 5, 'Dowleswaram Barrage', 17.051600, 81.797700, 0, 45);
INSERT INTO places (place_id, destination_id, name, latitude, longitude, entry_fee, avg_visit_time) VALUES (46, 5, 'Kadiyapulanka Gardens', 16.995600, 81.804700, 0, 90);
INSERT INTO places (place_id, destination_id, name, latitude, longitude, entry_fee, avg_visit_time) VALUES (47, 5, 'Pattiseema', 17.084600, 81.650900, 0, 60);
INSERT INTO places (place_id, destination_id, name, latitude, longitude, entry_fee, avg_visit_time) VALUES (48, 5, 'Pushkar Ghat', 16.996200, 81.804900, 0, 60);
INSERT INTO places (place_id, destination_id, name, latitude, longitude, entry_fee, avg_visit_time) VALUES (49, 5, 'Govindarajula Gutta', 17.019800, 81.820300, 0, 45);
INSERT INTO places (place_id, destination_id, name, latitude, longitude, entry_fee, avg_visit_time) VALUES (50, 5, 'Rajahmundry Heritage Walk', 16.998800, 81.804500, 0, 60);
INSERT INTO places (place_id, destination_id, name, latitude, longitude, entry_fee, avg_visit_time) VALUES (51, 6, 'Kondaveedu Fort', 16.616800, 80.352900, 0, 90);
INSERT INTO places (place_id, destination_id, name, latitude, longitude, entry_fee, avg_visit_time) VALUES (52, 6, 'Amaravati Stupa', 16.572600, 80.356400, 0, 90);
INSERT INTO places (place_id, destination_id, name, latitude, longitude, entry_fee, avg_visit_time) VALUES (53, 6, 'Undavalli Caves', 16.497800, 80.579600, 25, 90);
INSERT INTO places (place_id, destination_id, name, latitude, longitude, entry_fee, avg_visit_time) VALUES (54, 6, 'Ettipotala Waterfall', 16.539200, 79.282200, 0, 90);
INSERT INTO places (place_id, destination_id, name, latitude, longitude, entry_fee, avg_visit_time) VALUES (55, 6, 'Amaravati Museum', 16.572800, 80.357200, 10, 60);
INSERT INTO places (place_id, destination_id, name, latitude, longitude, entry_fee, avg_visit_time) VALUES (56, 6, 'Uppalapadu Bird Sanctuary', 16.364200, 80.436300, 10, 60);
INSERT INTO places (place_id, destination_id, name, latitude, longitude, entry_fee, avg_visit_time) VALUES (57, 6, 'Krishna River Ghat', 16.508600, 80.640700, 0, 45);
INSERT INTO places (place_id, destination_id, name, latitude, longitude, entry_fee, avg_visit_time) VALUES (58, 6, 'Chuttugunta Circle', 16.306700, 80.437600, 0, 30);
INSERT INTO places (place_id, destination_id, name, latitude, longitude, entry_fee, avg_visit_time) VALUES (59, 6, 'Nagarjuna Sagar Viewpoint', 16.578500, 79.310200, 0, 60);
INSERT INTO places (place_id, destination_id, name, latitude, longitude, entry_fee, avg_visit_time) VALUES (60, 6, 'Guntur Heritage Walk', 16.306900, 80.436500, 0, 60);
INSERT INTO places (place_id, destination_id, name, latitude, longitude, entry_fee, avg_visit_time) VALUES (61, 7, 'Nellore Beach', 14.444200, 79.986000, 0, 120);
INSERT INTO places (place_id, destination_id, name, latitude, longitude, entry_fee, avg_visit_time) VALUES (62, 7, 'Pennar River Barrage', 14.441200, 79.986600, 0, 45);
INSERT INTO places (place_id, destination_id, name, latitude, longitude, entry_fee, avg_visit_time) VALUES (63, 7, 'Ranganatha Temple', 14.441800, 79.986900, 0, 60);
INSERT INTO places (place_id, destination_id, name, latitude, longitude, entry_fee, avg_visit_time) VALUES (64, 7, 'Mypadu Beach', 14.451900, 79.999400, 0, 120);
INSERT INTO places (place_id, destination_id, name, latitude, longitude, entry_fee, avg_visit_time) VALUES (65, 7, 'Nelapattu Bird Sanctuary', 13.880300, 79.844400, 50, 120);
INSERT INTO places (place_id, destination_id, name, latitude, longitude, entry_fee, avg_visit_time) VALUES (66, 7, 'Udayagiri Fort', 14.913300, 79.317600, 0, 90);
INSERT INTO places (place_id, destination_id, name, latitude, longitude, entry_fee, avg_visit_time) VALUES (67, 7, 'Venkatagiri Fort', 13.960000, 79.580000, 0, 90);
INSERT INTO places (place_id, destination_id, name, latitude, longitude, entry_fee, avg_visit_time) VALUES (68, 7, 'Barah Shaheed Dargah', 14.440100, 79.987900, 0, 30);
INSERT INTO places (place_id, destination_id, name, latitude, longitude, entry_fee, avg_visit_time) VALUES (69, 7, 'Jonnawada Temple', 14.461600, 79.975200, 0, 60);
INSERT INTO places (place_id, destination_id, name, latitude, longitude, entry_fee, avg_visit_time) VALUES (70, 7, 'Nellore Heritage Walk', 14.441500, 79.986800, 0, 60);
INSERT INTO places (place_id, destination_id, name, latitude, longitude, entry_fee, avg_visit_time) VALUES (71, 8, 'Ongole Beach', 15.503600, 80.048500, 0, 120);
INSERT INTO places (place_id, destination_id, name, latitude, longitude, entry_fee, avg_visit_time) VALUES (72, 8, 'Kothapatnam Beach', 15.479600, 80.079600, 0, 120);
INSERT INTO places (place_id, destination_id, name, latitude, longitude, entry_fee, avg_visit_time) VALUES (73, 8, 'Chennakesava Swamy Temple', 15.505300, 80.049900, 0, 60);
INSERT INTO places (place_id, destination_id, name, latitude, longitude, entry_fee, avg_visit_time) VALUES (74, 8, 'Bhairavakona Caves', 14.888200, 79.200700, 0, 120);
INSERT INTO places (place_id, destination_id, name, latitude, longitude, entry_fee, avg_visit_time) VALUES (75, 8, 'Ramathirtham', 15.506900, 80.051800, 0, 60);
INSERT INTO places (place_id, destination_id, name, latitude, longitude, entry_fee, avg_visit_time) VALUES (76, 8, 'Kandaleru Dam', 14.577900, 79.614300, 0, 60);
INSERT INTO places (place_id, destination_id, name, latitude, longitude, entry_fee, avg_visit_time) VALUES (77, 8, 'Ongole Cattle Market', 15.505900, 80.049300, 0, 60);
INSERT INTO places (place_id, destination_id, name, latitude, longitude, entry_fee, avg_visit_time) VALUES (78, 8, 'Sri Prasanna Chennakesava Temple', 15.507200, 80.047800, 0, 60);
INSERT INTO places (place_id, destination_id, name, latitude, longitude, entry_fee, avg_visit_time) VALUES (79, 8, 'Ongole Viewpoint', 15.511800, 80.043200, 0, 30);
INSERT INTO places (place_id, destination_id, name, latitude, longitude, entry_fee, avg_visit_time) VALUES (80, 8, 'Ongole Heritage Walk', 15.506400, 80.048900, 0, 1020);
INSERT INTO places (place_id, destination_id, name, latitude, longitude, entry_fee, avg_visit_time) VALUES (81, 9, 'Kolleru Lake', 16.620000, 81.200000, 0, 180);
INSERT INTO places (place_id, destination_id, name, latitude, longitude, entry_fee, avg_visit_time) VALUES (82, 9, 'Buddha Park Eluru', 16.712000, 81.100800, 0, 60);
INSERT INTO places (place_id, destination_id, name, latitude, longitude, entry_fee, avg_visit_time) VALUES (83, 9, 'Eluru Canal View', 16.708800, 81.095600, 0, 45);
INSERT INTO places (place_id, destination_id, name, latitude, longitude, entry_fee, avg_visit_time) VALUES (84, 9, 'Gudivada Buddha Stupa', 16.433800, 80.991700, 0, 60);
INSERT INTO places (place_id, destination_id, name, latitude, longitude, entry_fee, avg_visit_time) VALUES (85, 9, 'Kolleru Bird Sanctuary', 16.615800, 81.210200, 50, 120);
INSERT INTO places (place_id, destination_id, name, latitude, longitude, entry_fee, avg_visit_time) VALUES (86, 9, 'Pedavegi Buddhist Ruins', 16.633300, 81.042600, 0, 90);
INSERT INTO places (place_id, destination_id, name, latitude, longitude, entry_fee, avg_visit_time) VALUES (87, 9, 'Eluru Heritage Walk', 16.710000, 81.095000, 0, 60);
INSERT INTO places (place_id, destination_id, name, latitude, longitude, entry_fee, avg_visit_time) VALUES (88, 9, 'Tammileru River Bank', 16.705600, 81.104300, 0, 45);
INSERT INTO places (place_id, destination_id, name, latitude, longitude, entry_fee, avg_visit_time) VALUES (89, 9, 'Eluru Parks Cluster', 16.711200, 81.098700, 0, 60);
INSERT INTO places (place_id, destination_id, name, latitude, longitude, entry_fee, avg_visit_time) VALUES (90, 9, 'Eluru Water Sports Zone', 16.707800, 81.101900, 300, 90);
INSERT INTO places (place_id, destination_id, name, latitude, longitude, entry_fee, avg_visit_time) VALUES (91, 10, 'Kalingapatnam Beach', 18.341800, 84.119400, 0, 120);
INSERT INTO places (place_id, destination_id, name, latitude, longitude, entry_fee, avg_visit_time) VALUES (92, 10, 'Salihundam Buddhist Complex', 18.325600, 84.050400, 0, 90);
INSERT INTO places (place_id, destination_id, name, latitude, longitude, entry_fee, avg_visit_time) VALUES (93, 10, 'Sri Mukhalingam Temple', 18.594300, 83.950200, 0, 90);
INSERT INTO places (place_id, destination_id, name, latitude, longitude, entry_fee, avg_visit_time) VALUES (94, 10, 'Baruva Beach', 18.213500, 84.022400, 0, 120);
INSERT INTO places (place_id, destination_id, name, latitude, longitude, entry_fee, avg_visit_time) VALUES (95, 10, 'Telineelapuram Bird Sanctuary', 18.503800, 83.858900, 10, 90);
INSERT INTO places (place_id, destination_id, name, latitude, longitude, entry_fee, avg_visit_time) VALUES (96, 10, 'Kalingapatnam Lighthouse', 18.343900, 84.118000, 0, 30);
INSERT INTO places (place_id, destination_id, name, latitude, longitude, entry_fee, avg_visit_time) VALUES (97, 10, 'Narasannapeta Handloom Village', 18.414600, 83.941200, 0, 60);
INSERT INTO places (place_id, destination_id, name, latitude, longitude, entry_fee, avg_visit_time) VALUES (98, 10, 'Srikurmam Temple', 18.266300, 84.038400, 0, 90);
INSERT INTO places (place_id, destination_id, name, latitude, longitude, entry_fee, avg_visit_time) VALUES (99, 10, 'Vamsadhara River View', 18.336700, 83.934600, 0, 45);
INSERT INTO places (place_id, destination_id, name, latitude, longitude, entry_fee, avg_visit_time) VALUES (100, 10, 'Srikakulam Heritage Walk', 18.296900, 83.897700, 0, 60);
INSERT INTO places (place_id, destination_id, name, latitude, longitude, entry_fee, avg_visit_time) VALUES (101, 11, 'Kakinada Beach', 16.989100, 82.247500, 0, 120);
INSERT INTO places (place_id, destination_id, name, latitude, longitude, entry_fee, avg_visit_time) VALUES (102, 11, 'Hope Island', 17.008900, 82.350600, 0, 150);
INSERT INTO places (place_id, destination_id, name, latitude, longitude, entry_fee, avg_visit_time) VALUES (103, 11, 'Coringa Wildlife Sanctuary', 16.819700, 82.303300, 50, 120);
INSERT INTO places (place_id, destination_id, name, latitude, longitude, entry_fee, avg_visit_time) VALUES (104, 11, 'Uppada Beach', 17.090300, 82.337900, 0, 120);
INSERT INTO places (place_id, destination_id, name, latitude, longitude, entry_fee, avg_visit_time) VALUES (105, 11, 'Kakinada Port View', 16.989900, 82.251800, 0, 30);
INSERT INTO places (place_id, destination_id, name, latitude, longitude, entry_fee, avg_visit_time) VALUES (106, 11, 'Jagannatha Swamy Temple', 16.989600, 82.247000, 0, 60);
INSERT INTO places (place_id, destination_id, name, latitude, longitude, entry_fee, avg_visit_time) VALUES (107, 11, 'Bhaskara Rao Park', 16.985700, 82.243900, 0, 60);
INSERT INTO places (place_id, destination_id, name, latitude, longitude, entry_fee, avg_visit_time) VALUES (108, 11, 'Kakinada Heritage Walk', 16.988200, 82.246800, 0, 60);
INSERT INTO places (place_id, destination_id, name, latitude, longitude, entry_fee, avg_visit_time) VALUES (109, 11, 'Boat Ride to Hope Island', 16.993500, 82.258900, 500, 120);
INSERT INTO places (place_id, destination_id, name, latitude, longitude, entry_fee, avg_visit_time) VALUES (110, 11, 'Adurru Buddhist Stupa', 16.873800, 82.202600, 0, 90);
INSERT INTO places (place_id, destination_id, name, latitude, longitude, entry_fee, avg_visit_time) VALUES (111, 12, 'Gooty Fort', 15.126900, 77.634900, 0, 120);
INSERT INTO places (place_id, destination_id, name, latitude, longitude, entry_fee, avg_visit_time) VALUES (112, 12, 'Puttaparthi Ashram', 14.165100, 77.811600, 0, 120);
INSERT INTO places (place_id, destination_id, name, latitude, longitude, entry_fee, avg_visit_time) VALUES (113, 12, 'Lepakshi Veerabhadra Temple', 13.806700, 77.606700, 0, 90);
INSERT INTO places (place_id, destination_id, name, latitude, longitude, entry_fee, avg_visit_time) VALUES (114, 12, 'Pennar River View', 14.677800, 77.600500, 0, 45);
INSERT INTO places (place_id, destination_id, name, latitude, longitude, entry_fee, avg_visit_time) VALUES (115, 12, 'Nallamada Reservoir', 14.973600, 77.705200, 0, 90);
INSERT INTO places (place_id, destination_id, name, latitude, longitude, entry_fee, avg_visit_time) VALUES (116, 12, 'Ahobilam Hills Trek', 15.137200, 78.774600, 0, 180);
INSERT INTO places (place_id, destination_id, name, latitude, longitude, entry_fee, avg_visit_time) VALUES (117, 12, 'Sri Sathya Sai Museum', 14.165800, 77.812300, 0, 60);
INSERT INTO places (place_id, destination_id, name, latitude, longitude, entry_fee, avg_visit_time) VALUES (118, 12, 'Gooty Town Heritage Walk', 15.121500, 77.630800, 0, 60);
INSERT INTO places (place_id, destination_id, name, latitude, longitude, entry_fee, avg_visit_time) VALUES (119, 12, 'Bugga Ramalingeswara Temple', 14.932900, 77.817200, 0, 60);
INSERT INTO places (place_id, destination_id, name, latitude, longitude, entry_fee, avg_visit_time) VALUES (120, 12, 'Nagarjuna Sagar Canal View', 14.860300, 77.692100, 0, 45);
INSERT INTO places (place_id, destination_id, name, latitude, longitude, entry_fee, avg_visit_time) VALUES (121, 13, 'Gandikota Fort', 14.814300, 78.286100, 0, 120);
INSERT INTO places (place_id, destination_id, name, latitude, longitude, entry_fee, avg_visit_time) VALUES (122, 13, 'Gandikota Canyon', 14.812500, 78.288900, 0, 120);
INSERT INTO places (place_id, destination_id, name, latitude, longitude, entry_fee, avg_visit_time) VALUES (123, 13, 'Belum Caves', 15.101000, 78.113600, 60, 120);
INSERT INTO places (place_id, destination_id, name, latitude, longitude, entry_fee, avg_visit_time) VALUES (124, 13, 'Ameen Peer Dargah', 14.475600, 78.835300, 0, 45);
INSERT INTO places (place_id, destination_id, name, latitude, longitude, entry_fee, avg_visit_time) VALUES (125, 13, 'Pushpagiri Temple', 14.456200, 78.814600, 0, 90);
INSERT INTO places (place_id, destination_id, name, latitude, longitude, entry_fee, avg_visit_time) VALUES (126, 13, 'Sidhout Fort', 14.463900, 78.819200, 0, 60);
INSERT INTO places (place_id, destination_id, name, latitude, longitude, entry_fee, avg_visit_time) VALUES (127, 13, 'Rayachoty Hill View', 14.048400, 78.749300, 0, 45);
INSERT INTO places (place_id, destination_id, name, latitude, longitude, entry_fee, avg_visit_time) VALUES (128, 13, 'Mylavaram Dam', 14.485200, 78.785600, 0, 60);
INSERT INTO places (place_id, destination_id, name, latitude, longitude, entry_fee, avg_visit_time) VALUES (129, 13, 'Kadapa Heritage Walk', 14.475900, 78.835900, 0, 60);
INSERT INTO places (place_id, destination_id, name, latitude, longitude, entry_fee, avg_visit_time) VALUES (130, 13, 'Ontimitta Temple', 14.393400, 79.009600, 0, 90);
INSERT INTO places (place_id, destination_id, name, latitude, longitude, entry_fee, avg_visit_time) VALUES (131, 14, 'Horsley Hills', 13.650900, 78.403600, 30, 150);
INSERT INTO places (place_id, destination_id, name, latitude, longitude, entry_fee, avg_visit_time) VALUES (132, 14, 'Kaundinya Wildlife Sanctuary', 13.682800, 78.607200, 50, 150);
INSERT INTO places (place_id, destination_id, name, latitude, longitude, entry_fee, avg_visit_time) VALUES (133, 14, 'Kanipakam Vinayaka Temple', 13.277200, 79.019600, 0, 90);
INSERT INTO places (place_id, destination_id, name, latitude, longitude, entry_fee, avg_visit_time) VALUES (134, 14, 'Chandragiri Fort', 13.586400, 79.317800, 0, 90);
INSERT INTO places (place_id, destination_id, name, latitude, longitude, entry_fee, avg_visit_time) VALUES (135, 14, 'Talakona Waterfall', 13.815400, 79.214200, 0, 120);
INSERT INTO places (place_id, destination_id, name, latitude, longitude, entry_fee, avg_visit_time) VALUES (136, 14, 'Nagari Hills Trek', 13.308200, 79.586100, 0, 180);
INSERT INTO places (place_id, destination_id, name, latitude, longitude, entry_fee, avg_visit_time) VALUES (137, 14, 'Srikalahasti Temple', 13.749000, 79.698800, 0, 90);
INSERT INTO places (place_id, destination_id, name, latitude, longitude, entry_fee, avg_visit_time) VALUES (138, 14, 'Kalyani Dam', 13.637800, 78.506900, 0, 60);
INSERT INTO places (place_id, destination_id, name, latitude, longitude, entry_fee, avg_visit_time) VALUES (139, 14, 'Chittoor Heritage Walk', 13.217200, 79.100300, 0, 60);
INSERT INTO places (place_id, destination_id, name, latitude, longitude, entry_fee, avg_visit_time) VALUES (140, 14, 'Kalavagunta Viewpoint', 13.660900, 78.432200, 0, 45);
INSERT INTO places (place_id, destination_id, name, latitude, longitude, entry_fee, avg_visit_time) VALUES (141, 15, 'Vizianagaram Fort', 18.113300, 83.411200, 0, 90);
INSERT INTO places (place_id, destination_id, name, latitude, longitude, entry_fee, avg_visit_time) VALUES (142, 15, 'Ramanaidu Studios Viewpoint', 17.735800, 83.266600, 0, 45);
INSERT INTO places (place_id, destination_id, name, latitude, longitude, entry_fee, avg_visit_time) VALUES (143, 15, 'Thatipudi Reservoir', 18.019400, 83.512600, 0, 90);
INSERT INTO places (place_id, destination_id, name, latitude, longitude, entry_fee, avg_visit_time) VALUES (144, 15, 'Padmanabham Temple', 17.966900, 83.483700, 0, 60);
INSERT INTO places (place_id, destination_id, name, latitude, longitude, entry_fee, avg_visit_time) VALUES (145, 15, 'Simhachalam Hills', 17.766300, 83.249700, 0, 90);
INSERT INTO places (place_id, destination_id, name, latitude, longitude, entry_fee, avg_visit_time) VALUES (146, 15, 'Seethammadara Viewpoint', 17.744600, 83.296400, 0, 45);
INSERT INTO places (place_id, destination_id, name, latitude, longitude, entry_fee, avg_visit_time) VALUES (147, 15, 'Thotlakonda Buddhist Site', 17.828600, 83.419800, 0, 90);
INSERT INTO places (place_id, destination_id, name, latitude, longitude, entry_fee, avg_visit_time) VALUES (148, 15, 'Kumili Handloom Village', 18.156400, 83.438200, 0, 60);
INSERT INTO places (place_id, destination_id, name, latitude, longitude, entry_fee, avg_visit_time) VALUES (149, 15, 'Vizianagaram Heritage Walk', 18.112900, 83.411900, 0, 60);
INSERT INTO places (place_id, destination_id, name, latitude, longitude, entry_fee, avg_visit_time) VALUES (150, 15, 'Gantyada View Hills', 18.170300, 83.469100, 0, 45);
INSERT INTO places (place_id, destination_id, name, latitude, longitude, entry_fee, avg_visit_time) VALUES (151, 16, 'Manginapudi Beach', 16.187400, 81.138200, 0, 120);
INSERT INTO places (place_id, destination_id, name, latitude, longitude, entry_fee, avg_visit_time) VALUES (152, 16, 'Machilipatnam Fort Ruins', 16.182600, 81.137000, 0, 60);
INSERT INTO places (place_id, destination_id, name, latitude, longitude, entry_fee, avg_visit_time) VALUES (153, 16, 'Panduranga Swamy Temple', 16.187900, 81.136400, 0, 60);
INSERT INTO places (place_id, destination_id, name, latitude, longitude, entry_fee, avg_visit_time) VALUES (154, 16, 'Avanigadda Backwaters', 16.021700, 80.919200, 0, 90);
INSERT INTO places (place_id, destination_id, name, latitude, longitude, entry_fee, avg_visit_time) VALUES (155, 16, 'Pedana Kalamkari Village', 16.260600, 81.134600, 0, 90);
INSERT INTO places (place_id, destination_id, name, latitude, longitude, entry_fee, avg_visit_time) VALUES (156, 16, 'Machilipatnam Lighthouse', 16.186100, 81.140300, 0, 45);
INSERT INTO places (place_id, destination_id, name, latitude, longitude, entry_fee, avg_visit_time) VALUES (157, 16, 'Ghantasala Buddhist Site', 16.238300, 81.052800, 0, 90);
INSERT INTO places (place_id, destination_id, name, latitude, longitude, entry_fee, avg_visit_time) VALUES (158, 16, 'Krishna Delta Bird Area', 16.200000, 81.050000, 0, 120);
INSERT INTO places (place_id, destination_id, name, latitude, longitude, entry_fee, avg_visit_time) VALUES (159, 16, 'Machilipatnam Heritage Walk', 16.185900, 81.136800, 0, 60);
INSERT INTO places (place_id, destination_id, name, latitude, longitude, entry_fee, avg_visit_time) VALUES (160, 16, 'Water Sports Manginapudi', 16.188200, 81.139500, 800, 90);
INSERT INTO places (place_id, destination_id, name, latitude, longitude, entry_fee, avg_visit_time) VALUES (161, 17, 'Mahanandi Temple', 15.486800, 78.512300, 0, 90);
INSERT INTO places (place_id, destination_id, name, latitude, longitude, entry_fee, avg_visit_time) VALUES (162, 17, 'Banaganapalli Fort', 15.317900, 78.226300, 0, 60);
INSERT INTO places (place_id, destination_id, name, latitude, longitude, entry_fee, avg_visit_time) VALUES (163, 17, 'Ahobilam Upper Temple', 15.137200, 78.774600, 0, 120);
INSERT INTO places (place_id, destination_id, name, latitude, longitude, entry_fee, avg_visit_time) VALUES (164, 17, 'Nallamala Forest View', 15.381400, 78.618200, 0, 90);
INSERT INTO places (place_id, destination_id, name, latitude, longitude, entry_fee, avg_visit_time) VALUES (165, 17, 'Oravakallu Rock Garden', 15.781700, 78.012200, 20, 90);
INSERT INTO places (place_id, destination_id, name, latitude, longitude, entry_fee, avg_visit_time) VALUES (166, 17, 'Mahanandi Backwater Area', 15.492300, 78.508700, 0, 60);
INSERT INTO places (place_id, destination_id, name, latitude, longitude, entry_fee, avg_visit_time) VALUES (167, 17, 'Nandyal Heritage Walk', 15.477300, 78.482800, 0, 60);
INSERT INTO places (place_id, destination_id, name, latitude, longitude, entry_fee, avg_visit_time) VALUES (168, 17, 'Pathala Ganga Boat Ride', 16.074800, 78.869300, 150, 60);
INSERT INTO places (place_id, destination_id, name, latitude, longitude, entry_fee, avg_visit_time) VALUES (169, 17, 'Rollapadu Sanctuary Access', 15.432500, 78.210000, 50, 120);
INSERT INTO places (place_id, destination_id, name, latitude, longitude, entry_fee, avg_visit_time) VALUES (170, 17, 'Shivagiri Hill View', 15.460800, 78.495600, 0, 45);
INSERT INTO places (place_id, destination_id, name, latitude, longitude, entry_fee, avg_visit_time) VALUES (171, 18, 'Proddatur Town Viewpoint', 14.739900, 78.550600, 0, 45);
INSERT INTO places (place_id, destination_id, name, latitude, longitude, entry_fee, avg_visit_time) VALUES (172, 18, 'Siddheswara Swamy Temple', 14.737800, 78.553900, 0, 60);
INSERT INTO places (place_id, destination_id, name, latitude, longitude, entry_fee, avg_visit_time) VALUES (173, 18, 'Proddatur Heritage Walk', 14.739100, 78.551200, 0, 60);
INSERT INTO places (place_id, destination_id, name, latitude, longitude, entry_fee, avg_visit_time) VALUES (174, 18, 'Gandikota Day Trip', 14.814300, 78.286100, 0, 180);
INSERT INTO places (place_id, destination_id, name, latitude, longitude, entry_fee, avg_visit_time) VALUES (175, 18, 'Penna River Bank', 14.735600, 78.552400, 0, 60);
INSERT INTO places (place_id, destination_id, name, latitude, longitude, entry_fee, avg_visit_time) VALUES (176, 18, 'Sidhout Fort', 14.463900, 78.819200, 0, 90);
INSERT INTO places (place_id, destination_id, name, latitude, longitude, entry_fee, avg_visit_time) VALUES (177, 18, 'Rayachoty Road View', 14.692200, 78.640300, 0, 45);
INSERT INTO places (place_id, destination_id, name, latitude, longitude, entry_fee, avg_visit_time) VALUES (178, 18, 'Proddatur Market', 14.739400, 78.552100, 0, 60);
INSERT INTO places (place_id, destination_id, name, latitude, longitude, entry_fee, avg_visit_time) VALUES (179, 18, 'Penna River Bridge View', 14.737200, 78.550800, 0, 30);
INSERT INTO places (place_id, destination_id, name, latitude, longitude, entry_fee, avg_visit_time) VALUES (180, 18, 'Cultural Hall Proddatur', 14.738800, 78.551900, 0, 60);
INSERT INTO places (place_id, destination_id, name, latitude, longitude, entry_fee, avg_visit_time) VALUES (181, 19, 'Tenali Beach Access', 16.240000, 80.640000, 0, 120);
INSERT INTO places (place_id, destination_id, name, latitude, longitude, entry_fee, avg_visit_time) VALUES (182, 19, 'Tenali Ramalingeswara Temple', 16.239800, 80.640900, 0, 60);
INSERT INTO places (place_id, destination_id, name, latitude, longitude, entry_fee, avg_visit_time) VALUES (183, 19, 'Krishna Canal Bank', 16.237600, 80.642300, 0, 45);
INSERT INTO places (place_id, destination_id, name, latitude, longitude, entry_fee, avg_visit_time) VALUES (184, 19, 'Chandole Handloom Village', 16.220900, 80.655400, 0, 90);
INSERT INTO places (place_id, destination_id, name, latitude, longitude, entry_fee, avg_visit_time) VALUES (185, 19, 'Tenali Heritage Walk', 16.239200, 80.641800, 0, 60);
INSERT INTO places (place_id, destination_id, name, latitude, longitude, entry_fee, avg_visit_time) VALUES (186, 19, 'Munnangi Backwaters', 16.195300, 80.658900, 0, 90);
INSERT INTO places (place_id, destination_id, name, latitude, longitude, entry_fee, avg_visit_time) VALUES (187, 19, 'Water Sports Krishna Canal', 16.238800, 80.643600, 300, 60);
INSERT INTO places (place_id, destination_id, name, latitude, longitude, entry_fee, avg_visit_time) VALUES (188, 19, 'Tenali Central Park', 16.240600, 80.641200, 0, 60);
INSERT INTO places (place_id, destination_id, name, latitude, longitude, entry_fee, avg_visit_time) VALUES (189, 19, 'Tenali Market', 16.239500, 80.641500, 0, 60);
INSERT INTO places (place_id, destination_id, name, latitude, longitude, entry_fee, avg_visit_time) VALUES (190, 19, 'Village Cycling Route', 16.210000, 80.650000, 0, 90);
INSERT INTO places (place_id, destination_id, name, latitude, longitude, entry_fee, avg_visit_time) VALUES (191, 20, 'Dhyana Buddha Statue', 16.572000, 80.357800, 0, 60);
INSERT INTO places (place_id, destination_id, name, latitude, longitude, entry_fee, avg_visit_time) VALUES (192, 20, 'Amaravati Stupa', 16.572600, 80.356400, 0, 90);
INSERT INTO places (place_id, destination_id, name, latitude, longitude, entry_fee, avg_visit_time) VALUES (193, 20, 'Amaravati Museum', 16.572800, 80.357200, 10, 60);
INSERT INTO places (place_id, destination_id, name, latitude, longitude, entry_fee, avg_visit_time) VALUES (194, 20, 'Krishna River Viewpoint', 16.574500, 80.359600, 0, 45);
INSERT INTO places (place_id, destination_id, name, latitude, longitude, entry_fee, avg_visit_time) VALUES (195, 20, 'Amaravati Heritage Walk', 16.573200, 80.356900, 0, 60);
INSERT INTO places (place_id, destination_id, name, latitude, longitude, entry_fee, avg_visit_time) VALUES (196, 20, 'Uddandarayunipalem Capital Zone', 16.515200, 80.516300, 0, 60);
INSERT INTO places (place_id, destination_id, name, latitude, longitude, entry_fee, avg_visit_time) VALUES (197, 20, 'Kondaveedu Fort Access', 16.616800, 80.352900, 0, 90);
INSERT INTO places (place_id, destination_id, name, latitude, longitude, entry_fee, avg_visit_time) VALUES (198, 20, 'Seed Access Road View', 16.565300, 80.361800, 0, 45);
INSERT INTO places (place_id, destination_id, name, latitude, longitude, entry_fee, avg_visit_time) VALUES (199, 20, 'Cycling Track Amaravati', 16.570900, 80.360200, 0, 90);
INSERT INTO places (place_id, destination_id, name, latitude, longitude, entry_fee, avg_visit_time) VALUES (200, 20, 'Sunset Point Amaravati', 16.573800, 80.358400, 0, 45);
INSERT INTO places (place_id, destination_id, name, latitude, longitude, entry_fee, avg_visit_time) VALUES (201, 21, 'Miramar Beach', 15.476681, 73.806676, 0, 90);
INSERT INTO places (place_id, destination_id, name, latitude, longitude, entry_fee, avg_visit_time) VALUES (202, 21, 'Dona Paula View Point', 15.454900, 73.802800, 0, 45);
INSERT INTO places (place_id, destination_id, name, latitude, longitude, entry_fee, avg_visit_time) VALUES (203, 21, 'Reis Magos Fort', 15.496508, 73.809132, 50, 90);
INSERT INTO places (place_id, destination_id, name, latitude, longitude, entry_fee, avg_visit_time) VALUES (204, 21, 'Goa State Museum', 15.498500, 73.828300, 10, 60);
INSERT INTO places (place_id, destination_id, name, latitude, longitude, entry_fee, avg_visit_time) VALUES (205, 21, 'Fontainhas Latin Quarter', 15.496800, 73.829900, 0, 75);
INSERT INTO places (place_id, destination_id, name, latitude, longitude, entry_fee, avg_visit_time) VALUES (206, 21, 'Dr Salim Ali Bird Sanctuary', 15.538800, 73.866600, 10, 120);
INSERT INTO places (place_id, destination_id, name, latitude, longitude, entry_fee, avg_visit_time) VALUES (207, 21, 'Immaculate Conception Church', 15.498200, 73.828800, 0, 45);
INSERT INTO places (place_id, destination_id, name, latitude, longitude, entry_fee, avg_visit_time) VALUES (208, 21, 'Mandovi River Cruise', 15.498600, 73.825900, 300, 60);
INSERT INTO places (place_id, destination_id, name, latitude, longitude, entry_fee, avg_visit_time) VALUES (209, 21, 'Campal Gardens', 15.493200, 73.819800, 0, 45);
INSERT INTO places (place_id, destination_id, name, latitude, longitude, entry_fee, avg_visit_time) VALUES (210, 21, 'Miramar Cycling Track', 15.491000, 73.807500, 0, 60);
INSERT INTO places (place_id, destination_id, name, latitude, longitude, entry_fee, avg_visit_time) VALUES (211, 22, 'Calangute Beach', 15.542488, 73.755562, 0, 120);
INSERT INTO places (place_id, destination_id, name, latitude, longitude, entry_fee, avg_visit_time) VALUES (212, 22, 'Baga River Point', 15.556800, 73.751000, 0, 60);
INSERT INTO places (place_id, destination_id, name, latitude, longitude, entry_fee, avg_visit_time) VALUES (213, 22, 'Tito''s Lane', 15.556100, 73.751700, 0, 120);
INSERT INTO places (place_id, destination_id, name, latitude, longitude, entry_fee, avg_visit_time) VALUES (214, 22, 'St Alex Church', 15.541584, 73.768025, 0, 45);
INSERT INTO places (place_id, destination_id, name, latitude, longitude, entry_fee, avg_visit_time) VALUES (215, 22, 'Kerkar Art Complex', 15.553100, 73.754800, 0, 60);
INSERT INTO places (place_id, destination_id, name, latitude, longitude, entry_fee, avg_visit_time) VALUES (216, 22, 'Baga Creek Kayaking', 15.557200, 73.750200, 800, 90);
INSERT INTO places (place_id, destination_id, name, latitude, longitude, entry_fee, avg_visit_time) VALUES (217, 22, 'Calangute Market', 15.545165, 73.763103, 0, 60);
INSERT INTO places (place_id, destination_id, name, latitude, longitude, entry_fee, avg_visit_time) VALUES (218, 22, 'Infantaria Restaurant Area', 15.549900, 73.754900, 0, 60);
INSERT INTO places (place_id, destination_id, name, latitude, longitude, entry_fee, avg_visit_time) VALUES (219, 22, 'Baga Snow Park', 15.557400, 73.750900, 1200, 60);
INSERT INTO places (place_id, destination_id, name, latitude, longitude, entry_fee, avg_visit_time) VALUES (220, 22, 'Baga Beach Extension', 15.558000, 73.751400, 0, 90);
INSERT INTO places (place_id, destination_id, name, latitude, longitude, entry_fee, avg_visit_time) VALUES (221, 23, 'Candolim Beach', 15.519800, 73.764200, 0, 120);
INSERT INTO places (place_id, destination_id, name, latitude, longitude, entry_fee, avg_visit_time) VALUES (222, 23, 'Sinquerim Fort', 15.498500, 73.763800, 0, 75);
INSERT INTO places (place_id, destination_id, name, latitude, longitude, entry_fee, avg_visit_time) VALUES (223, 23, 'Aguada Fort Lighthouse', 15.489500, 73.773700, 0, 60);
INSERT INTO places (place_id, destination_id, name, latitude, longitude, entry_fee, avg_visit_time) VALUES (224, 23, 'Calizz Restaurant Area', 15.517200, 73.762500, 0, 90);
INSERT INTO places (place_id, destination_id, name, latitude, longitude, entry_fee, avg_visit_time) VALUES (225, 23, 'Water Sports Zone', 15.515900, 73.762800, 1000, 90);
INSERT INTO places (place_id, destination_id, name, latitude, longitude, entry_fee, avg_visit_time) VALUES (226, 23, 'Princess River Cruise', 15.519000, 73.766000, 400, 60);
INSERT INTO places (place_id, destination_id, name, latitude, longitude, entry_fee, avg_visit_time) VALUES (227, 23, 'Sinq Night Market', 15.496500, 73.769200, 0, 90);
INSERT INTO places (place_id, destination_id, name, latitude, longitude, entry_fee, avg_visit_time) VALUES (228, 23, 'Nerul River Kayaking', 15.510600, 73.773900, 900, 90);
INSERT INTO places (place_id, destination_id, name, latitude, longitude, entry_fee, avg_visit_time) VALUES (229, 23, 'Sunset Point Sinquerim', 15.497900, 73.764400, 0, 45);
INSERT INTO places (place_id, destination_id, name, latitude, longitude, entry_fee, avg_visit_time) VALUES (230, 23, 'Candolim Church', 15.506108, 73.770850, 0, 30);
INSERT INTO places (place_id, destination_id, name, latitude, longitude, entry_fee, avg_visit_time) VALUES (231, 24, 'Mapusa Market', 15.590300, 73.813900, 0, 90);
INSERT INTO places (place_id, destination_id, name, latitude, longitude, entry_fee, avg_visit_time) VALUES (232, 24, 'St Jerome Church', 15.589554, 73.818393, 0, 45);
INSERT INTO places (place_id, destination_id, name, latitude, longitude, entry_fee, avg_visit_time) VALUES (233, 24, 'Anjuna View Hills', 15.584900, 73.807400, 0, 60);
INSERT INTO places (place_id, destination_id, name, latitude, longitude, entry_fee, avg_visit_time) VALUES (234, 24, 'Chapora River Bank', 15.602500, 73.820300, 0, 60);
INSERT INTO places (place_id, destination_id, name, latitude, longitude, entry_fee, avg_visit_time) VALUES (235, 24, 'Mapusa Municipal Garden', 15.592800, 73.812900, 0, 45);
INSERT INTO places (place_id, destination_id, name, latitude, longitude, entry_fee, avg_visit_time) VALUES (236, 24, 'Bodgeshwar Temple', 15.584541, 73.805877, 0, 60);
INSERT INTO places (place_id, destination_id, name, latitude, longitude, entry_fee, avg_visit_time) VALUES (237, 24, 'Local Spice Shops', 15.591600, 73.813500, 0, 45);
INSERT INTO places (place_id, destination_id, name, latitude, longitude, entry_fee, avg_visit_time) VALUES (238, 24, 'Moira Cycling Route', 15.604200, 73.823800, 0, 90);
INSERT INTO places (place_id, destination_id, name, latitude, longitude, entry_fee, avg_visit_time) VALUES (239, 24, 'Mapusa Cultural Hall', 15.589900, 73.812300, 0, 60);
INSERT INTO places (place_id, destination_id, name, latitude, longitude, entry_fee, avg_visit_time) VALUES (240, 24, 'Parra Road', 15.573986, 73.793697, 0, 30);
INSERT INTO places (place_id, destination_id, name, latitude, longitude, entry_fee, avg_visit_time) VALUES (241, 31, 'Colva Beach', 15.285791, 73.910545, 0, 120);
INSERT INTO places (place_id, destination_id, name, latitude, longitude, entry_fee, avg_visit_time) VALUES (242, 31, 'Benaulim Beach', 15.254200, 73.924100, 0, 120);
INSERT INTO places (place_id, destination_id, name, latitude, longitude, entry_fee, avg_visit_time) VALUES (243, 31, 'Our Lady of Grace Church', 15.275600, 73.958000, 0, 45);
INSERT INTO places (place_id, destination_id, name, latitude, longitude, entry_fee, avg_visit_time) VALUES (244, 31, 'Margao Municipal Garden', 15.277900, 73.962300, 0, 45);
INSERT INTO places (place_id, destination_id, name, latitude, longitude, entry_fee, avg_visit_time) VALUES (245, 31, 'Burnzam Ghor', 15.275100, 73.960200, 100, 60);
INSERT INTO places (place_id, destination_id, name, latitude, longitude, entry_fee, avg_visit_time) VALUES (246, 31, 'Cabo de Rama Road Drive', 15.230200, 73.981100, 0, 90);
INSERT INTO places (place_id, destination_id, name, latitude, longitude, entry_fee, avg_visit_time) VALUES (247, 31, 'Colva Creek Kayaking', 15.276000, 73.914800, 800, 90);
INSERT INTO places (place_id, destination_id, name, latitude, longitude, entry_fee, avg_visit_time) VALUES (248, 31, 'Margao Market', 15.275900, 73.958900, 0, 60);
INSERT INTO places (place_id, destination_id, name, latitude, longitude, entry_fee, avg_visit_time) VALUES (249, 31, 'Navelim Hill View', 15.283600, 73.952200, 0, 45);
INSERT INTO places (place_id, destination_id, name, latitude, longitude, entry_fee, avg_visit_time) VALUES (250, 31, 'Loyola College Area', 15.281200, 73.960900, 0, 45);
INSERT INTO places (place_id, destination_id, name, latitude, longitude, entry_fee, avg_visit_time) VALUES (251, 41, 'Bogmalo Beach', 15.369369, 73.834122, 0, 120);
INSERT INTO places (place_id, destination_id, name, latitude, longitude, entry_fee, avg_visit_time) VALUES (252, 41, 'Baina Beach', 15.387609, 73.807447, 0, 90);
INSERT INTO places (place_id, destination_id, name, latitude, longitude, entry_fee, avg_visit_time) VALUES (253, 41, 'Naval Aviation Museum', 15.374666, 73.838736, 50, 90);
INSERT INTO places (place_id, destination_id, name, latitude, longitude, entry_fee, avg_visit_time) VALUES (254, 41, 'Mormugao Fort', 15.412081, 73.794354, 0, 60);
INSERT INTO places (place_id, destination_id, name, latitude, longitude, entry_fee, avg_visit_time) VALUES (255, 41, 'Japanese Garden', 15.407152, 73.787391, 0, 45);
INSERT INTO places (place_id, destination_id, name, latitude, longitude, entry_fee, avg_visit_time) VALUES (256, 41, 'St Andrew''s Church', 15.399648, 73.817385, 0, 45);
INSERT INTO places (place_id, destination_id, name, latitude, longitude, entry_fee, avg_visit_time) VALUES (257, 41, 'Mormugao Harbour Viewpoint', 15.402200, 73.808500, 0, 30);
INSERT INTO places (place_id, destination_id, name, latitude, longitude, entry_fee, avg_visit_time) VALUES (258, 41, 'Hollant Beach', 15.369597, 73.861977, 0, 90);
INSERT INTO places (place_id, destination_id, name, latitude, longitude, entry_fee, avg_visit_time) VALUES (259, 41, 'Vasco Market', 15.398900, 73.810700, 0, 60);
INSERT INTO places (place_id, destination_id, name, latitude, longitude, entry_fee, avg_visit_time) VALUES (260, 41, 'Issorcim Cliff Point', 15.382400, 73.834100, 0, 60);
INSERT INTO places (place_id, destination_id, name, latitude, longitude, entry_fee, avg_visit_time) VALUES (261, 30, 'Basilica of Bom Jesus', 15.500800, 73.911600, 0, 90);
INSERT INTO places (place_id, destination_id, name, latitude, longitude, entry_fee, avg_visit_time) VALUES (262, 30, 'Se Cathedral', 15.504200, 73.912100, 0, 90);
INSERT INTO places (place_id, destination_id, name, latitude, longitude, entry_fee, avg_visit_time) VALUES (263, 30, 'Church of St Francis of Assisi', 15.649248, 73.830630, 0, 60);
INSERT INTO places (place_id, destination_id, name, latitude, longitude, entry_fee, avg_visit_time) VALUES (264, 30, 'Church of St Cajetan', 15.505700, 73.915100, 0, 60);
INSERT INTO places (place_id, destination_id, name, latitude, longitude, entry_fee, avg_visit_time) VALUES (265, 30, 'Ruins of St Augustine', 15.500500, 73.906500, 0, 60);
INSERT INTO places (place_id, destination_id, name, latitude, longitude, entry_fee, avg_visit_time) VALUES (266, 30, 'Arch of the Viceroys', 15.505800, 73.913700, 0, 30);
INSERT INTO places (place_id, destination_id, name, latitude, longitude, entry_fee, avg_visit_time) VALUES (267, 30, 'Museum of Christian Art', 15.501400, 73.907300, 50, 60);
INSERT INTO places (place_id, destination_id, name, latitude, longitude, entry_fee, avg_visit_time) VALUES (268, 30, 'Divar Island Ferry Point', 15.509200, 73.904900, 0, 45);
INSERT INTO places (place_id, destination_id, name, latitude, longitude, entry_fee, avg_visit_time) VALUES (269, 30, 'Our Lady of the Rosary Church', 15.501700, 73.905000, 0, 45);
INSERT INTO places (place_id, destination_id, name, latitude, longitude, entry_fee, avg_visit_time) VALUES (270, 30, 'Mandovi Riverside Walk', 15.504300, 73.910600, 0, 45);
INSERT INTO places (place_id, destination_id, name, latitude, longitude, entry_fee, avg_visit_time) VALUES (271, 42, 'Shri Mangeshi Temple', 15.422600, 73.982200, 0, 90);
INSERT INTO places (place_id, destination_id, name, latitude, longitude, entry_fee, avg_visit_time) VALUES (272, 42, 'Shri Shantadurga Temple', 15.396137, 73.985478, 0, 90);
INSERT INTO places (place_id, destination_id, name, latitude, longitude, entry_fee, avg_visit_time) VALUES (273, 42, 'Braganza House', 15.261199, 74.043537, 100, 60);
INSERT INTO places (place_id, destination_id, name, latitude, longitude, entry_fee, avg_visit_time) VALUES (274, 42, 'Bondla Wildlife Sanctuary', 15.438300, 74.101900, 50, 120);
INSERT INTO places (place_id, destination_id, name, latitude, longitude, entry_fee, avg_visit_time) VALUES (275, 42, 'Safa Masjid', 15.406407, 73.999984, 0, 45);
INSERT INTO places (place_id, destination_id, name, latitude, longitude, entry_fee, avg_visit_time) VALUES (276, 42, 'Spice Plantation Tour', 15.419300, 74.020500, 400, 120);
INSERT INTO places (place_id, destination_id, name, latitude, longitude, entry_fee, avg_visit_time) VALUES (277, 42, 'Netravali Wildlife Sanctuary', 15.341000, 74.191000, 50, 180);
INSERT INTO places (place_id, destination_id, name, latitude, longitude, entry_fee, avg_visit_time) VALUES (278, 42, 'Mhadei River Viewpoint', 15.553300, 74.093200, 0, 45);
INSERT INTO places (place_id, destination_id, name, latitude, longitude, entry_fee, avg_visit_time) VALUES (279, 42, 'Farmagudi Hill View', 15.457300, 73.998700, 0, 30);
INSERT INTO places (place_id, destination_id, name, latitude, longitude, entry_fee, avg_visit_time) VALUES (280, 42, 'Ponda Market', 15.402900, 74.007100, 0, 60);
INSERT INTO places (place_id, destination_id, name, latitude, longitude, entry_fee, avg_visit_time) VALUES (281, 28, 'Anjuna Beach', 15.573900, 73.739500, 0, 120);
INSERT INTO places (place_id, destination_id, name, latitude, longitude, entry_fee, avg_visit_time) VALUES (282, 28, 'Anjuna Flea Market', 15.576391, 73.743977, 0, 120);
INSERT INTO places (place_id, destination_id, name, latitude, longitude, entry_fee, avg_visit_time) VALUES (283, 28, 'St Michael''s Church', 15.589957, 73.764148, 0, 45);
INSERT INTO places (place_id, destination_id, name, latitude, longitude, entry_fee, avg_visit_time) VALUES (284, 28, 'Ozran Beach', 15.593200, 73.738100, 0, 90);
INSERT INTO places (place_id, destination_id, name, latitude, longitude, entry_fee, avg_visit_time) VALUES (285, 28, 'Chapora River Kayaking', 15.590800, 73.740200, 800, 90);
INSERT INTO places (place_id, destination_id, name, latitude, longitude, entry_fee, avg_visit_time) VALUES (286, 28, 'Anjuna Cliff Viewpoint', 15.574200, 73.739200, 0, 45);
INSERT INTO places (place_id, destination_id, name, latitude, longitude, entry_fee, avg_visit_time) VALUES (287, 28, 'Curlies Beach Shack', 15.583700, 73.733100, 0, 120);
INSERT INTO places (place_id, destination_id, name, latitude, longitude, entry_fee, avg_visit_time) VALUES (288, 28, 'Vagator Hill Trail', 15.600100, 73.736800, 0, 60);
INSERT INTO places (place_id, destination_id, name, latitude, longitude, entry_fee, avg_visit_time) VALUES (289, 28, 'Blue Flag Rock View', 15.574500, 73.738900, 0, 30);
INSERT INTO places (place_id, destination_id, name, latitude, longitude, entry_fee, avg_visit_time) VALUES (290, 28, 'Anjuna Heritage Walk', 15.575800, 73.744100, 0, 60);
INSERT INTO places (place_id, destination_id, name, latitude, longitude, entry_fee, avg_visit_time) VALUES (291, 29, 'Vagator Beach', 15.601100, 73.736800, 0, 120);
INSERT INTO places (place_id, destination_id, name, latitude, longitude, entry_fee, avg_visit_time) VALUES (292, 29, 'Chapora Fort', 15.605951, 73.736356, 0, 90);
INSERT INTO places (place_id, destination_id, name, latitude, longitude, entry_fee, avg_visit_time) VALUES (293, 29, 'Ozran Beach', 15.593200, 73.738100, 0, 90);
INSERT INTO places (place_id, destination_id, name, latitude, longitude, entry_fee, avg_visit_time) VALUES (294, 29, 'Big Vagator Beach', 15.604800, 73.735400, 0, 90);
INSERT INTO places (place_id, destination_id, name, latitude, longitude, entry_fee, avg_visit_time) VALUES (295, 29, 'Sunset Point Vagator', 15.602200, 73.736500, 0, 45);
INSERT INTO places (place_id, destination_id, name, latitude, longitude, entry_fee, avg_visit_time) VALUES (296, 29, 'Vagator Hilltop Cafes', 15.646300, 73.735900, 0, 90);
INSERT INTO places (place_id, destination_id, name, latitude, longitude, entry_fee, avg_visit_time) VALUES (297, 29, 'Chapora River View', 15.620800, 73.742100, 0, 45);
INSERT INTO places (place_id, destination_id, name, latitude, longitude, entry_fee, avg_visit_time) VALUES (298, 29, 'Rock Climbing Spot Vagator', 15.647500, 73.733000, 0, 60);
INSERT INTO places (place_id, destination_id, name, latitude, longitude, entry_fee, avg_visit_time) VALUES (299, 29, 'St Anthony''s Chapel', 15.644814, 73.834600, 0, 30);
INSERT INTO places (place_id, destination_id, name, latitude, longitude, entry_fee, avg_visit_time) VALUES (300, 29, 'Vagator Coastal Walk', 15.603500, 73.734900, 0, 60);
INSERT INTO places (place_id, destination_id, name, latitude, longitude, entry_fee, avg_visit_time) VALUES (301, 24, 'Mapusa Municipal Market', 15.590200, 73.814000, 0, 90);
INSERT INTO places (place_id, destination_id, name, latitude, longitude, entry_fee, avg_visit_time) VALUES (302, 24, 'St Jerome Church', 15.589554, 73.818393, 0, 45);
INSERT INTO places (place_id, destination_id, name, latitude, longitude, entry_fee, avg_visit_time) VALUES (303, 24, 'Bodgeshwar Temple', 15.584541, 73.805877, 0, 60);
INSERT INTO places (place_id, destination_id, name, latitude, longitude, entry_fee, avg_visit_time) VALUES (304, 24, 'Parra Road', 15.573942, 73.793664, 0, 30);
INSERT INTO places (place_id, destination_id, name, latitude, longitude, entry_fee, avg_visit_time) VALUES (305, 24, 'Moira Village Walk', 15.604800, 73.819600, 0, 60);
INSERT INTO places (place_id, destination_id, name, latitude, longitude, entry_fee, avg_visit_time) VALUES (306, 24, 'Chapora River Bank', 15.602500, 73.820300, 0, 60);
INSERT INTO places (place_id, destination_id, name, latitude, longitude, entry_fee, avg_visit_time) VALUES (307, 24, 'Mapusa Cultural Hall', 15.589900, 73.812300, 0, 60);
INSERT INTO places (place_id, destination_id, name, latitude, longitude, entry_fee, avg_visit_time) VALUES (308, 24, 'Anjuna Hills Viewpoint', 15.580200, 73.745300, 0, 45);
INSERT INTO places (place_id, destination_id, name, latitude, longitude, entry_fee, avg_visit_time) VALUES (309, 24, 'Mapusa Garden', 15.592800, 73.812900, 0, 45);
INSERT INTO places (place_id, destination_id, name, latitude, longitude, entry_fee, avg_visit_time) VALUES (310, 24, 'Local Spice Shops', 15.591600, 73.813500, 0, 45);
INSERT INTO places (place_id, destination_id, name, latitude, longitude, entry_fee, avg_visit_time) VALUES (311, 22, 'Calangute Beach', 15.542488, 73.755562, 0, 120);
INSERT INTO places (place_id, destination_id, name, latitude, longitude, entry_fee, avg_visit_time) VALUES (312, 22, 'St Alex Church', 15.541584, 73.768025, 0, 45);
INSERT INTO places (place_id, destination_id, name, latitude, longitude, entry_fee, avg_visit_time) VALUES (313, 22, 'Calangute Market Square', 15.548800, 73.756500, 0, 60);
INSERT INTO places (place_id, destination_id, name, latitude, longitude, entry_fee, avg_visit_time) VALUES (314, 22, 'Baga Creek Kayaking', 15.557200, 73.750200, 800, 90);
INSERT INTO places (place_id, destination_id, name, latitude, longitude, entry_fee, avg_visit_time) VALUES (315, 22, 'Tito''s Lane', 15.556100, 73.751700, 0, 120);
INSERT INTO places (place_id, destination_id, name, latitude, longitude, entry_fee, avg_visit_time) VALUES (316, 22, 'Infantaria Bakery', 15.549900, 73.754900, 0, 60);
INSERT INTO places (place_id, destination_id, name, latitude, longitude, entry_fee, avg_visit_time) VALUES (317, 22, 'Baga Snow Park', 15.557400, 73.750900, 1200, 60);
INSERT INTO places (place_id, destination_id, name, latitude, longitude, entry_fee, avg_visit_time) VALUES (318, 22, 'Baga River Mouth', 15.556800, 73.751000, 0, 45);
INSERT INTO places (place_id, destination_id, name, latitude, longitude, entry_fee, avg_visit_time) VALUES (319, 22, 'Kerkar Art Complex', 15.553100, 73.754800, 0, 60);
INSERT INTO places (place_id, destination_id, name, latitude, longitude, entry_fee, avg_visit_time) VALUES (320, 22, 'Baga Beach Extension', 15.558000, 73.751400, 0, 90);
INSERT INTO places (place_id, destination_id, name, latitude, longitude, entry_fee, avg_visit_time) VALUES (321, 23, 'Candolim Beach', 15.519800, 73.764200, 0, 120);
INSERT INTO places (place_id, destination_id, name, latitude, longitude, entry_fee, avg_visit_time) VALUES (322, 23, 'Fort Aguada', 15.505108, 73.770643, 0, 90);
INSERT INTO places (place_id, destination_id, name, latitude, longitude, entry_fee, avg_visit_time) VALUES (323, 23, 'Sinquerim Beach', 15.501406, 73.767470, 0, 90);
INSERT INTO places (place_id, destination_id, name, latitude, longitude, entry_fee, avg_visit_time) VALUES (324, 23, 'Nerul River Kayaking', 15.510600, 73.773900, 900, 90);
INSERT INTO places (place_id, destination_id, name, latitude, longitude, entry_fee, avg_visit_time) VALUES (325, 23, 'Princess River Cruise', 15.519000, 73.766000, 400, 60);
INSERT INTO places (place_id, destination_id, name, latitude, longitude, entry_fee, avg_visit_time) VALUES (326, 23, 'Sinq Night Market', 15.496500, 73.769200, 0, 90);
INSERT INTO places (place_id, destination_id, name, latitude, longitude, entry_fee, avg_visit_time) VALUES (327, 23, 'Sunset Point Sinquerim', 15.494800, 73.772200, 0, 45);
INSERT INTO places (place_id, destination_id, name, latitude, longitude, entry_fee, avg_visit_time) VALUES (328, 23, 'Calizz Restaurant Strip', 15.517200, 73.762500, 0, 90);
INSERT INTO places (place_id, destination_id, name, latitude, longitude, entry_fee, avg_visit_time) VALUES (329, 23, 'Candolim Church', 15.506108, 73.770850, 0, 30);
INSERT INTO places (place_id, destination_id, name, latitude, longitude, entry_fee, avg_visit_time) VALUES (330, 23, 'Water Sports Zone Candolim', 15.515900, 73.762800, 1000, 90);
INSERT INTO places (place_id, destination_id, name, latitude, longitude, entry_fee, avg_visit_time) VALUES (331, 25, 'Morjim Beach', 15.622501, 73.729856, 0, 120);
INSERT INTO places (place_id, destination_id, name, latitude, longitude, entry_fee, avg_visit_time) VALUES (332, 25, 'Olive Ridley Turtle Nesting Site', 15.630000, 73.736200, 0, 60);
INSERT INTO places (place_id, destination_id, name, latitude, longitude, entry_fee, avg_visit_time) VALUES (333, 25, 'Chapora River View', 15.620800, 73.742100, 0, 45);
INSERT INTO places (place_id, destination_id, name, latitude, longitude, entry_fee, avg_visit_time) VALUES (334, 25, 'St Anthony''s Church Morjim', 15.629000, 73.735000, 0, 30);
INSERT INTO places (place_id, destination_id, name, latitude, longitude, entry_fee, avg_visit_time) VALUES (335, 25, 'Mandrem Cycling Route', 15.650400, 73.740200, 0, 90);
INSERT INTO places (place_id, destination_id, name, latitude, longitude, entry_fee, avg_visit_time) VALUES (336, 25, 'Mandrem Beach', 15.660048, 73.713127, 0, 120);
INSERT INTO places (place_id, destination_id, name, latitude, longitude, entry_fee, avg_visit_time) VALUES (337, 25, 'Morjim Sunset Point', 15.628500, 73.742400, 0, 45);
INSERT INTO places (place_id, destination_id, name, latitude, longitude, entry_fee, avg_visit_time) VALUES (338, 25, 'Chapora Backwater Kayaking', 15.625600, 73.739200, 800, 90);
INSERT INTO places (place_id, destination_id, name, latitude, longitude, entry_fee, avg_visit_time) VALUES (339, 25, 'Russian Food Street', 15.631100, 73.736400, 0, 60);
INSERT INTO places (place_id, destination_id, name, latitude, longitude, entry_fee, avg_visit_time) VALUES (340, 25, 'Morjim Village Walk', 15.633200, 73.737800, 0, 60);
INSERT INTO places (place_id, destination_id, name, latitude, longitude, entry_fee, avg_visit_time) VALUES (341, 26, 'Arambol Beach', 15.678956, 73.705039, 0, 120);
INSERT INTO places (place_id, destination_id, name, latitude, longitude, entry_fee, avg_visit_time) VALUES (342, 26, 'Sweet Water Lake', 15.697800, 73.698250, 0, 60);
INSERT INTO places (place_id, destination_id, name, latitude, longitude, entry_fee, avg_visit_time) VALUES (343, 26, 'Arambol Cliff View', 15.684500, 73.736500, 0, 45);
INSERT INTO places (place_id, destination_id, name, latitude, longitude, entry_fee, avg_visit_time) VALUES (344, 26, 'Keri Beach', 15.715400, 73.745700, 0, 90);
INSERT INTO places (place_id, destination_id, name, latitude, longitude, entry_fee, avg_visit_time) VALUES (345, 26, 'Paragliding Point', 15.716900, 73.707600, 2500, 60);
INSERT INTO places (place_id, destination_id, name, latitude, longitude, entry_fee, avg_visit_time) VALUES (346, 26, 'Arambol Drum Circle', 15.701500, 73.701900, 0, 60);
INSERT INTO places (place_id, destination_id, name, latitude, longitude, entry_fee, avg_visit_time) VALUES (347, 26, 'Harmal Village Walk', 15.704800, 73.719300, 0, 60);
INSERT INTO places (place_id, destination_id, name, latitude, longitude, entry_fee, avg_visit_time) VALUES (348, 26, 'Arambol Banyan Tree Spot', 15.709200, 73.721100, 0, 30);
INSERT INTO places (place_id, destination_id, name, latitude, longitude, entry_fee, avg_visit_time) VALUES (349, 26, 'Kalacha Beach', 15.697841, 73.697525, 0, 90);
INSERT INTO places (place_id, destination_id, name, latitude, longitude, entry_fee, avg_visit_time) VALUES (350, 26, 'Arambol Yoga Centres', 15.703900, 73.719900, NULL, 90);
INSERT INTO places (place_id, destination_id, name, latitude, longitude, entry_fee, avg_visit_time) VALUES (351, 31, 'Colva Beach', 15.285791, 73.910545, 0, 120);
INSERT INTO places (place_id, destination_id, name, latitude, longitude, entry_fee, avg_visit_time) VALUES (352, 31, 'Benaulim Beach', 15.254200, 73.924100, 0, 120);
INSERT INTO places (place_id, destination_id, name, latitude, longitude, entry_fee, avg_visit_time) VALUES (353, 31, 'Our Lady of Grace Church', 15.275600, 73.958000, 0, 45);
INSERT INTO places (place_id, destination_id, name, latitude, longitude, entry_fee, avg_visit_time) VALUES (354, 31, 'Burnzam Ghor', 15.275100, 73.960200, 100, 60);
INSERT INTO places (place_id, destination_id, name, latitude, longitude, entry_fee, avg_visit_time) VALUES (355, 31, 'Margao Municipal Garden', 15.277900, 73.962300, 0, 45);
INSERT INTO places (place_id, destination_id, name, latitude, longitude, entry_fee, avg_visit_time) VALUES (356, 31, 'Margao Market', 15.275900, 73.958900, 0, 60);
INSERT INTO places (place_id, destination_id, name, latitude, longitude, entry_fee, avg_visit_time) VALUES (357, 31, 'Colva Creek Kayaking', 15.276000, 73.914800, 800, 90);
INSERT INTO places (place_id, destination_id, name, latitude, longitude, entry_fee, avg_visit_time) VALUES (358, 31, 'Navelim Hill View', 15.283800, 73.952700, 0, 45);
INSERT INTO places (place_id, destination_id, name, latitude, longitude, entry_fee, avg_visit_time) VALUES (359, 31, 'Loyola College Area', 15.281200, 73.960900, 0, 45);
INSERT INTO places (place_id, destination_id, name, latitude, longitude, entry_fee, avg_visit_time) VALUES (360, 31, 'Fatorda Stadium Area', 15.264400, 73.963300, 0, 60);
INSERT INTO places (place_id, destination_id, name, latitude, longitude, entry_fee, avg_visit_time) VALUES (361, 32, 'Colva Beach Main Stretch', 15.279500, 73.913800, 0, 120);
INSERT INTO places (place_id, destination_id, name, latitude, longitude, entry_fee, avg_visit_time) VALUES (362, 32, 'Sernabatim Beach', 15.265200, 73.917700, 0, 120);
INSERT INTO places (place_id, destination_id, name, latitude, longitude, entry_fee, avg_visit_time) VALUES (363, 32, 'Our Lady of Mercy Church', 15.279900, 73.912900, 0, 45);
INSERT INTO places (place_id, destination_id, name, latitude, longitude, entry_fee, avg_visit_time) VALUES (364, 32, 'Colva Promenade', 15.278200, 73.910300, 0, 60);
INSERT INTO places (place_id, destination_id, name, latitude, longitude, entry_fee, avg_visit_time) VALUES (365, 32, 'Benaulim Backwater Kayaking', 15.262100, 73.920400, 800, 90);
INSERT INTO places (place_id, destination_id, name, latitude, longitude, entry_fee, avg_visit_time) VALUES (366, 32, 'Colva Market', 15.279800, 73.913600, 0, 60);
INSERT INTO places (place_id, destination_id, name, latitude, longitude, entry_fee, avg_visit_time) VALUES (367, 32, 'Sunset Point Colva', 15.278900, 73.913300, 0, 45);
INSERT INTO places (place_id, destination_id, name, latitude, longitude, entry_fee, avg_visit_time) VALUES (368, 32, 'Water Sports Zone Colva', 15.279300, 73.910800, 1000, 90);
INSERT INTO places (place_id, destination_id, name, latitude, longitude, entry_fee, avg_visit_time) VALUES (369, 32, 'Colva Heritage Walk', 15.281100, 73.915100, 0, 60);
INSERT INTO places (place_id, destination_id, name, latitude, longitude, entry_fee, avg_visit_time) VALUES (370, 32, 'Sernabatim Dunes', 15.266400, 73.913500, 0, 60);
INSERT INTO places (place_id, destination_id, name, latitude, longitude, entry_fee, avg_visit_time) VALUES (371, 33, 'Benaulim Beach', 15.254200, 73.924100, 0, 120);
INSERT INTO places (place_id, destination_id, name, latitude, longitude, entry_fee, avg_visit_time) VALUES (372, 33, 'Trinity Beach', 15.249900, 73.927500, 0, 90);
INSERT INTO places (place_id, destination_id, name, latitude, longitude, entry_fee, avg_visit_time) VALUES (373, 33, 'St John the Baptist Church', 15.479810, 73.922612, 0, 45);
INSERT INTO places (place_id, destination_id, name, latitude, longitude, entry_fee, avg_visit_time) VALUES (374, 33, 'Zalor Beach', 15.200662, 73.934514, 0, 90);
INSERT INTO places (place_id, destination_id, name, latitude, longitude, entry_fee, avg_visit_time) VALUES (375, 33, 'Benaulim Fishing Jetty', 15.252600, 73.923900, 0, 45);
INSERT INTO places (place_id, destination_id, name, latitude, longitude, entry_fee, avg_visit_time) VALUES (376, 33, 'Benaulim Backwater Trail', 15.256200, 73.930300, 0, 60);
INSERT INTO places (place_id, destination_id, name, latitude, longitude, entry_fee, avg_visit_time) VALUES (377, 33, 'Water Sports Benaulim', 15.254700, 73.923100, 900, 90);
INSERT INTO places (place_id, destination_id, name, latitude, longitude, entry_fee, avg_visit_time) VALUES (378, 33, 'Benaulim Sunset Point', 15.254000, 73.923800, 0, 45);
INSERT INTO places (place_id, destination_id, name, latitude, longitude, entry_fee, avg_visit_time) VALUES (379, 33, 'Benaulim Heritage Walk', 15.255300, 73.926700, 0, 60);
INSERT INTO places (place_id, destination_id, name, latitude, longitude, entry_fee, avg_visit_time) VALUES (380, 33, 'Lotus Pond Area', 15.258900, 73.932100, 0, 45);
INSERT INTO places (place_id, destination_id, name, latitude, longitude, entry_fee, avg_visit_time) VALUES (381, 34, 'Palolem Beach', 15.009900, 74.023300, 0, 120);
INSERT INTO places (place_id, destination_id, name, latitude, longitude, entry_fee, avg_visit_time) VALUES (382, 34, 'Agonda Beach', 15.041552, 73.987162, 0, 120);
INSERT INTO places (place_id, destination_id, name, latitude, longitude, entry_fee, avg_visit_time) VALUES (383, 34, 'Butterfly Beach', 15.019466, 74.001634, 0, 90);
INSERT INTO places (place_id, destination_id, name, latitude, longitude, entry_fee, avg_visit_time) VALUES (384, 34, 'Cotigao Wildlife Sanctuary', 14.9760, 74.2062, 50, 150);
INSERT INTO places (place_id, destination_id, name, latitude, longitude, entry_fee, avg_visit_time) VALUES (385, 34, 'Galjibag Turtle Nesting Site', 14.938900, 74.040300, 0, 60);
INSERT INTO places (place_id, destination_id, name, latitude, longitude, entry_fee, avg_visit_time) VALUES (386, 34, 'Palolem Dolphin Cruise', 15.009900, 74.023300, 500, 60);
INSERT INTO places (place_id, destination_id, name, latitude, longitude, entry_fee, avg_visit_time) VALUES (387, 34, 'Cabo de Rama Fort', 15.087411, 73.919927, 0, 90);
INSERT INTO places (place_id, destination_id, name, latitude, longitude, entry_fee, avg_visit_time) VALUES (388, 34, 'Cola Beach', 15.059252, 73.970151, 0, 120);
INSERT INTO places (place_id, destination_id, name, latitude, longitude, entry_fee, avg_visit_time) VALUES (389, 34, 'Palolem Market', 15.010200, 74.023500, 0, 60);
INSERT INTO places (place_id, destination_id, name, latitude, longitude, entry_fee, avg_visit_time) VALUES (390, 34, 'Agonda Sunset Point', 15.041900, 73.994100, 0, 45);
INSERT INTO places (place_id, destination_id, name, latitude, longitude, entry_fee, avg_visit_time) VALUES (391, 35, 'Salaulim Dam', 15.213723, 74.179647, 0, 90);
INSERT INTO places (place_id, destination_id, name, latitude, longitude, entry_fee, avg_visit_time) VALUES (392, 35, 'Curdi Village Ruins', 15.146900, 74.043200, 0, 60);
INSERT INTO places (place_id, destination_id, name, latitude, longitude, entry_fee, avg_visit_time) VALUES (393, 35, 'Church of Our Lady of Snows', 15.195000, 74.062000, 0, 45);
INSERT INTO places (place_id, destination_id, name, latitude, longitude, entry_fee, avg_visit_time) VALUES (394, 35, 'Betul Beach', 15.254000, 73.985000, 0, 90);
INSERT INTO places (place_id, destination_id, name, latitude, longitude, entry_fee, avg_visit_time) VALUES (395, 35, 'Netravali Wildlife Sanctuary', 15.341200, 74.190800, 50, 180);
INSERT INTO places (place_id, destination_id, name, latitude, longitude, entry_fee, avg_visit_time) VALUES (396, 35, 'Wildlife Viewpoint Netravali', 15.342500, 74.192200, 0, 45);
INSERT INTO places (place_id, destination_id, name, latitude, longitude, entry_fee, avg_visit_time) VALUES (397, 35, 'Kuskem Waterfall', 15.299214, 74.124047, 0, 90);
INSERT INTO places (place_id, destination_id, name, latitude, longitude, entry_fee, avg_visit_time) VALUES (398, 35, 'Quepem Market', 15.212400, 74.078700, 0, 60);
INSERT INTO places (place_id, destination_id, name, latitude, longitude, entry_fee, avg_visit_time) VALUES (399, 35, 'Salaulim Backwater Kayaking', 15.141600, 74.049900, 900, 90);
INSERT INTO places (place_id, destination_id, name, latitude, longitude, entry_fee, avg_visit_time) VALUES (400, 35, 'Hill Viewpoint Quepem', 15.206200, 74.084100, 0, 45);


-- ============================================
-- Tamil Nadu + Telangana + Travel Types Data
-- ============================================

-- Insert travel_types
INSERT INTO travel_types (travel_type_id, name) VALUES (1, 'Nature');
INSERT INTO travel_types (travel_type_id, name) VALUES (2, 'Adventure');
INSERT INTO travel_types (travel_type_id, name) VALUES (3, 'Beach');
INSERT INTO travel_types (travel_type_id, name) VALUES (4, 'Heritage');
INSERT INTO travel_types (travel_type_id, name) VALUES (5, 'Nightlife');

-- Insert Tamil Nadu destinations
INSERT INTO destinations (destination_id, name, state, description, best_season) VALUES (43, 'Chennai', 'Tamil Nadu', 'Capital city with beaches, temples and IT hub', 'Oct-Feb');
INSERT INTO destinations (destination_id, name, state, description, best_season) VALUES (44, 'Coimbatore', 'Tamil Nadu', 'Textile city and gateway to Nilgiris', 'Oct-Feb');
INSERT INTO destinations (destination_id, name, state, description, best_season) VALUES (45, 'Madurai', 'Tamil Nadu', 'Temple city with Meenakshi Temple', 'Oct-Mar');
INSERT INTO destinations (destination_id, name, state, description, best_season) VALUES (46, 'Ooty', 'Tamil Nadu', 'Queen of hill stations in Nilgiris', 'Sep-Nov');
INSERT INTO destinations (destination_id, name, state, description, best_season) VALUES (47, 'Kodaikanal', 'Tamil Nadu', 'Princess of hill stations with lakes', 'Sep-Oct');
INSERT INTO destinations (destination_id, name, state, description, best_season) VALUES (48, 'Rameswaram', 'Tamil Nadu', 'Sacred pilgrimage island destination', 'Oct-Mar');
INSERT INTO destinations (destination_id, name, state, description, best_season) VALUES (49, 'Kanyakumari', 'Tamil Nadu', 'Southern tip with ocean confluence', 'Oct-Mar');
INSERT INTO destinations (destination_id, name, state, description, best_season) VALUES (50, 'Thanjavur', 'Tamil Nadu', 'Art and culture hub with Brihadeeswarar Temple', 'Oct-Mar');
INSERT INTO destinations (destination_id, name, state, description, best_season) VALUES (51, 'Tiruchirappalli', 'Tamil Nadu', 'Historic city with Rock Fort Temple', 'Oct-Mar');
INSERT INTO destinations (destination_id, name, state, description, best_season) VALUES (52, 'Salem', 'Tamil Nadu', 'Steel city with Yercaud hills nearby', 'Oct-Mar');
INSERT INTO destinations (destination_id, name, state, description, best_season) VALUES (53, 'Yercaud', 'Tamil Nadu', 'Hill station known as Jewel of South', 'Oct-Jun');
INSERT INTO destinations (destination_id, name, state, description, best_season) VALUES (54, 'Vellore', 'Tamil Nadu', 'Fort city with Golden Temple', 'Oct-Mar');
INSERT INTO destinations (destination_id, name, state, description, best_season) VALUES (55, 'Tirunelveli', 'Tamil Nadu', 'Temple town famous for Halwa', 'Oct-Mar');
INSERT INTO destinations (destination_id, name, state, description, best_season) VALUES (56, 'Thoothukudi', 'Tamil Nadu', 'Port city known as Pearl City', 'Oct-Mar');
INSERT INTO destinations (destination_id, name, state, description, best_season) VALUES (57, 'Nagapattinam', 'Tamil Nadu', 'Coastal town with temples and beaches', 'Oct-Mar');
INSERT INTO destinations (destination_id, name, state, description, best_season) VALUES (58, 'Kumbakonam', 'Tamil Nadu', 'Temple town with architectural marvels', 'Oct-Mar');
INSERT INTO destinations (destination_id, name, state, description, best_season) VALUES (59, 'Pollachi', 'Tamil Nadu', 'Agricultural town and coconut capital', 'Oct-Mar');
INSERT INTO destinations (destination_id, name, state, description, best_season) VALUES (60, 'Valparai', 'Tamil Nadu', 'Hill station with tea estates', 'Sep-May');
INSERT INTO destinations (destination_id, name, state, description, best_season) VALUES (61, 'Hosur', 'Tamil Nadu', 'Industrial city near Bangalore border', 'Oct-Mar');
INSERT INTO destinations (destination_id, name, state, description, best_season) VALUES (62, 'Cuddalore', 'Tamil Nadu', 'Port city with beaches and temples', 'Oct-Mar');

-- Insert Telangana destinations
INSERT INTO destinations (destination_id, name, state, description, best_season) VALUES (63, 'Hyderabad', 'Telangana', 'Capital city with heritage, food and nightlife', 'OctFeb');
INSERT INTO destinations (destination_id, name, state, description, best_season) VALUES (64, 'Warangal', 'Telangana', 'Historic Kakatiya capital', 'OctFeb');
INSERT INTO destinations (destination_id, name, state, description, best_season) VALUES (65, 'Nizamabad', 'Telangana', 'Cultural city with temples and forts', 'OctFeb');
INSERT INTO destinations (destination_id, name, state, description, best_season) VALUES (66, 'Karimnagar', 'Telangana', 'Gateway to forts and reservoirs', 'OctFeb');
INSERT INTO destinations (destination_id, name, state, description, best_season) VALUES (67, 'Khammam', 'Telangana', 'Nature-rich district with temples', 'OctFeb');
INSERT INTO destinations (destination_id, name, state, description, best_season) VALUES (68, 'Adilabad', 'Telangana', 'Waterfalls and forest landscapes', 'JulFeb');
INSERT INTO destinations (destination_id, name, state, description, best_season) VALUES (69, 'Medak', 'Telangana', 'Historic cathedral town', 'OctFeb');
INSERT INTO destinations (destination_id, name, state, description, best_season) VALUES (70, 'Mahabubnagar', 'Telangana', 'Heritage forts and lakes', 'OctFeb');
INSERT INTO destinations (destination_id, name, state, description, best_season) VALUES (71, 'Nalgonda', 'Telangana', 'Historical forts and Buddhist sites', 'OctFeb');
INSERT INTO destinations (destination_id, name, state, description, best_season) VALUES (72, 'Sangareddy', 'Telangana', 'Industrial city with lakes', 'OctFeb');
INSERT INTO destinations (destination_id, name, state, description, best_season) VALUES (73, 'Vikarabad', 'Telangana', 'Hill region near Hyderabad', 'OctFeb');
INSERT INTO destinations (destination_id, name, state, description, best_season) VALUES (74, 'Mancherial', 'Telangana', 'Forests and river views', 'OctFeb');
INSERT INTO destinations (destination_id, name, state, description, best_season) VALUES (75, 'Jagtial', 'Telangana', 'Temple town near Godavari', 'OctFeb');
INSERT INTO destinations (destination_id, name, state, description, best_season) VALUES (76, 'Bhadrachalam', 'Telangana', 'Major pilgrimage center', 'OctFeb');
INSERT INTO destinations (destination_id, name, state, description, best_season) VALUES (77, 'Siddipet', 'Telangana', 'Reservoirs and temples', 'OctFeb');
INSERT INTO destinations (destination_id, name, state, description, best_season) VALUES (78, 'Yadadri', 'Telangana', 'Famous hill temple town', 'OctFeb');
INSERT INTO destinations (destination_id, name, state, description, best_season) VALUES (79, 'Kothagudem', 'Telangana', 'Coal city with nature escapes', 'OctFeb');
INSERT INTO destinations (destination_id, name, state, description, best_season) VALUES (80, 'Medchal', 'Telangana', 'Suburban cultural destination', 'OctFeb');
INSERT INTO destinations (destination_id, name, state, description, best_season) VALUES (81, 'Asifabad', 'Telangana', 'Tribal forests and waterfalls', 'JulFeb');
INSERT INTO destinations (destination_id, name, state, description, best_season) VALUES (82, 'Narayanpet', 'Telangana', 'Handloom and heritage town', 'OctFeb');

-- Insert Tamil Nadu hotels
INSERT INTO hotels (hotel_id, destination_id, name, price_per_night, rating, latitude, longitude) VALUES (401, 43, 'Taj Coromandel', 18000, 4.8, 13.128259, 80.232944);
INSERT INTO hotels (hotel_id, destination_id, name, price_per_night, rating, latitude, longitude) VALUES (402, 43, 'ITC Grand Chola', 16500, 4.7, 13.118123, 80.301535);
INSERT INTO hotels (hotel_id, destination_id, name, price_per_night, rating, latitude, longitude) VALUES (403, 43, 'The Leela Palace Chennai', 15000, 4.6, 13.124555, 80.292576);
INSERT INTO hotels (hotel_id, destination_id, name, price_per_night, rating, latitude, longitude) VALUES (404, 43, 'Radisson Blu City Centre', 6500, 4.5, 13.075971, 80.288137);
INSERT INTO hotels (hotel_id, destination_id, name, price_per_night, rating, latitude, longitude) VALUES (405, 43, 'Hyatt Regency Chennai', 6000, 4.4, 13.046892, 80.236197);
INSERT INTO hotels (hotel_id, destination_id, name, price_per_night, rating, latitude, longitude) VALUES (406, 43, 'ibis Chennai OMR', 5500, 4.3, 13.085185, 80.250977);
INSERT INTO hotels (hotel_id, destination_id, name, price_per_night, rating, latitude, longitude) VALUES (407, 43, 'Ginger Chennai', 5000, 4.2, 13.106949, 80.319995);
INSERT INTO hotels (hotel_id, destination_id, name, price_per_night, rating, latitude, longitude) VALUES (408, 43, 'Hotel Savera', 1800, 4.1, 13.093417, 80.252146);
INSERT INTO hotels (hotel_id, destination_id, name, price_per_night, rating, latitude, longitude) VALUES (409, 43, 'Treebo Trend Mount Road', 1800, 4.0, 13.105082, 80.254498);
INSERT INTO hotels (hotel_id, destination_id, name, price_per_night, rating, latitude, longitude) VALUES (410, 43, 'Zostel Chennai', 1800, 3.9, 13.117355, 80.312943);
INSERT INTO hotels (hotel_id, destination_id, name, price_per_night, rating, latitude, longitude) VALUES (411, 44, 'Vivanta Coimbatore', 18000, 4.8, 10.994445, 76.939962);
INSERT INTO hotels (hotel_id, destination_id, name, price_per_night, rating, latitude, longitude) VALUES (412, 44, 'Radisson Blu Coimbatore', 16500, 4.7, 11.049555, 76.933329);
INSERT INTO hotels (hotel_id, destination_id, name, price_per_night, rating, latitude, longitude) VALUES (413, 44, 'The Residency Towers', 15000, 4.6, 10.97006, 76.973434);
INSERT INTO hotels (hotel_id, destination_id, name, price_per_night, rating, latitude, longitude) VALUES (414, 44, 'Fairfield by Marriott', 6500, 4.5, 10.973667, 76.972695);
INSERT INTO hotels (hotel_id, destination_id, name, price_per_night, rating, latitude, longitude) VALUES (415, 44, 'Zone by The Park', 6000, 4.4, 11.029536, 76.971811);
INSERT INTO hotels (hotel_id, destination_id, name, price_per_night, rating, latitude, longitude) VALUES (416, 44, 'ibis Coimbatore', 5500, 4.3, 11.004796, 76.918008);
INSERT INTO hotels (hotel_id, destination_id, name, price_per_night, rating, latitude, longitude) VALUES (417, 44, 'Ginger Coimbatore', 5000, 4.2, 11.004296, 76.989598);
INSERT INTO hotels (hotel_id, destination_id, name, price_per_night, rating, latitude, longitude) VALUES (418, 44, 'Hotel CAG Pride', 1800, 4.1, 10.991903, 76.956365);
INSERT INTO hotels (hotel_id, destination_id, name, price_per_night, rating, latitude, longitude) VALUES (419, 44, 'Treebo Trend ESS Grande', 1800, 4.0, 11.040153, 76.931368);
INSERT INTO hotels (hotel_id, destination_id, name, price_per_night, rating, latitude, longitude) VALUES (420, 44, 'Zostel Coimbatore', 1800, 3.9, 11.055489, 76.925083);
INSERT INTO hotels (hotel_id, destination_id, name, price_per_night, rating, latitude, longitude) VALUES (421, 45, 'Heritage Madurai', 18000, 4.8, 9.917073, 78.144138);
INSERT INTO hotels (hotel_id, destination_id, name, price_per_night, rating, latitude, longitude) VALUES (422, 45, 'Gateway Hotel Pasumalai', 16500, 4.7, 9.93301, 78.141415);
INSERT INTO hotels (hotel_id, destination_id, name, price_per_night, rating, latitude, longitude) VALUES (423, 45, 'Fortune Pandiyan', 15000, 4.6, 9.936675, 78.110183);
INSERT INTO hotels (hotel_id, destination_id, name, price_per_night, rating, latitude, longitude) VALUES (424, 45, 'JC Residency', 6500, 4.5, 9.910923, 78.116291);
INSERT INTO hotels (hotel_id, destination_id, name, price_per_night, rating, latitude, longitude) VALUES (425, 45, 'Regency Madurai', 6000, 4.4, 9.918629, 78.148723);
INSERT INTO hotels (hotel_id, destination_id, name, price_per_night, rating, latitude, longitude) VALUES (426, 45, 'Royal Court Hotel', 5500, 4.3, 9.919992, 78.122106);
INSERT INTO hotels (hotel_id, destination_id, name, price_per_night, rating, latitude, longitude) VALUES (427, 45, 'Hotel Supreme', 5000, 4.2, 9.964046, 78.110221);
INSERT INTO hotels (hotel_id, destination_id, name, price_per_night, rating, latitude, longitude) VALUES (428, 45, 'Hotel Park Plaza', 1800, 4.1, 9.930869, 78.085288);
INSERT INTO hotels (hotel_id, destination_id, name, price_per_night, rating, latitude, longitude) VALUES (429, 45, 'Treebo Trend Madurai', 1800, 4.0, 9.958397, 78.138243);
INSERT INTO hotels (hotel_id, destination_id, name, price_per_night, rating, latitude, longitude) VALUES (430, 45, 'Zostel Madurai', 1800, 3.9, 9.943619, 78.10738);
INSERT INTO hotels (hotel_id, destination_id, name, price_per_night, rating, latitude, longitude) VALUES (431, 46, 'Savoy Ooty', 18000, 4.8, 11.401433, 76.712264);
INSERT INTO hotels (hotel_id, destination_id, name, price_per_night, rating, latitude, longitude) VALUES (432, 46, 'Sterling Ooty Fern Hill', 16500, 4.7, 11.436924, 76.697988);
INSERT INTO hotels (hotel_id, destination_id, name, price_per_night, rating, latitude, longitude) VALUES (433, 46, 'Sinclairs Retreat Ooty', 15000, 4.6, 11.391418, 76.678312);
INSERT INTO hotels (hotel_id, destination_id, name, price_per_night, rating, latitude, longitude) VALUES (434, 46, 'Fortune Resort Sullivan Court', 6500, 4.5, 11.427213, 76.693535);
INSERT INTO hotels (hotel_id, destination_id, name, price_per_night, rating, latitude, longitude) VALUES (435, 46, 'Gem Park Ooty', 6000, 4.4, 11.38778, 76.713872);
INSERT INTO hotels (hotel_id, destination_id, name, price_per_night, rating, latitude, longitude) VALUES (436, 46, 'Hotel Lakeview', 5500, 4.3, 11.397741, 76.709825);
INSERT INTO hotels (hotel_id, destination_id, name, price_per_night, rating, latitude, longitude) VALUES (437, 46, 'Yantra Resort', 5000, 4.2, 11.406846, 76.697949);
INSERT INTO hotels (hotel_id, destination_id, name, price_per_night, rating, latitude, longitude) VALUES (438, 46, 'Mango Hill Central', 1800, 4.1, 11.392856, 76.712052);
INSERT INTO hotels (hotel_id, destination_id, name, price_per_night, rating, latitude, longitude) VALUES (439, 46, 'Treebo Trend Ooty', 1800, 4.0, 11.393351, 76.669835);
INSERT INTO hotels (hotel_id, destination_id, name, price_per_night, rating, latitude, longitude) VALUES (440, 46, 'Zostel Ooty', 1800, 3.9, 11.404875, 76.669964);
INSERT INTO hotels (hotel_id, destination_id, name, price_per_night, rating, latitude, longitude) VALUES (441, 47, 'The Carlton Kodaikanal', 18000, 4.8, 10.254343, 77.471293);
INSERT INTO hotels (hotel_id, destination_id, name, price_per_night, rating, latitude, longitude) VALUES (442, 47, 'Sterling Kodai Valley', 16500, 4.7, 10.22269, 77.471998);
INSERT INTO hotels (hotel_id, destination_id, name, price_per_night, rating, latitude, longitude) VALUES (443, 47, 'Kodai Resort Hotel', 15000, 4.6, 10.245193, 77.476996);
INSERT INTO hotels (hotel_id, destination_id, name, price_per_night, rating, latitude, longitude) VALUES (444, 47, 'Hill Country Resort', 6500, 4.5, 10.251581, 77.489468);
INSERT INTO hotels (hotel_id, destination_id, name, price_per_night, rating, latitude, longitude) VALUES (445, 47, 'Hotel Hilltop Towers', 6000, 4.4, 10.225423, 77.489892);
INSERT INTO hotels (hotel_id, destination_id, name, price_per_night, rating, latitude, longitude) VALUES (446, 47, 'JC Residency Kodai', 5500, 4.3, 10.231142, 77.491979);
INSERT INTO hotels (hotel_id, destination_id, name, price_per_night, rating, latitude, longitude) VALUES (447, 47, 'Villa Retreat', 5000, 4.2, 10.230176, 77.476175);
INSERT INTO hotels (hotel_id, destination_id, name, price_per_night, rating, latitude, longitude) VALUES (448, 47, 'Hotel Apple Valley', 1800, 4.1, 10.216978, 77.490322);
INSERT INTO hotels (hotel_id, destination_id, name, price_per_night, rating, latitude, longitude) VALUES (449, 47, 'Treebo Trend Kodai', 1800, 4.0, 10.256702, 77.486801);
INSERT INTO hotels (hotel_id, destination_id, name, price_per_night, rating, latitude, longitude) VALUES (450, 47, 'Zostel Kodaikanal', 1800, 3.9, 10.242229, 77.468018);
INSERT INTO hotels (hotel_id, destination_id, name, price_per_night, rating, latitude, longitude) VALUES (451, 48, 'Hyatt Place Rameswaram', 18000, 4.8, 9.274165, 79.301868);
INSERT INTO hotels (hotel_id, destination_id, name, price_per_night, rating, latitude, longitude) VALUES (452, 48, 'Hotel Daiwik', 16500, 4.7, 9.272233, 79.301791);
INSERT INTO hotels (hotel_id, destination_id, name, price_per_night, rating, latitude, longitude) VALUES (453, 48, 'Jiwan Residency', 15000, 4.6, 9.281853, 79.309225);
INSERT INTO hotels (hotel_id, destination_id, name, price_per_night, rating, latitude, longitude) VALUES (454, 48, 'Royal Park Rameswaram', 6500, 4.5, 9.284465, 79.318091);
INSERT INTO hotels (hotel_id, destination_id, name, price_per_night, rating, latitude, longitude) VALUES (455, 48, 'Hotel Ashoka', 6000, 4.4, 9.283244, 79.295455);
INSERT INTO hotels (hotel_id, destination_id, name, price_per_night, rating, latitude, longitude) VALUES (456, 48, 'Hotel NNP Grand', 5500, 4.3, 9.291504, 79.313509);
INSERT INTO hotels (hotel_id, destination_id, name, price_per_night, rating, latitude, longitude) VALUES (457, 48, 'Hotel SS Grand', 5000, 4.2, 9.288362, 79.310092);
INSERT INTO hotels (hotel_id, destination_id, name, price_per_night, rating, latitude, longitude) VALUES (458, 48, 'Hotel Brindavan', 1800, 4.1, 9.2906, 79.29706);
INSERT INTO hotels (hotel_id, destination_id, name, price_per_night, rating, latitude, longitude) VALUES (459, 48, 'Hotel Pearl Residency', 1800, 4.0, 9.306471, 79.307896);
INSERT INTO hotels (hotel_id, destination_id, name, price_per_night, rating, latitude, longitude) VALUES (460, 48, 'Hotel Temple View', 1800, 3.9, 9.292236, 79.315889);
INSERT INTO hotels (hotel_id, destination_id, name, price_per_night, rating, latitude, longitude) VALUES (461, 49, 'The Gopinivas Grand', 18000, 4.8, 8.079087, 77.524918);
INSERT INTO hotels (hotel_id, destination_id, name, price_per_night, rating, latitude, longitude) VALUES (462, 49, 'Hotel Sea View', 16500, 4.7, 8.101644, 77.534808);
INSERT INTO hotels (hotel_id, destination_id, name, price_per_night, rating, latitude, longitude) VALUES (463, 49, 'Annai Resorts', 15000, 4.6, 8.069768, 77.533901);
INSERT INTO hotels (hotel_id, destination_id, name, price_per_night, rating, latitude, longitude) VALUES (464, 49, 'Sparsa Resort', 6500, 4.5, 8.097645, 77.531757);
INSERT INTO hotels (hotel_id, destination_id, name, price_per_night, rating, latitude, longitude) VALUES (465, 49, 'Hotel Ocean Heritage', 6000, 4.4, 8.094106, 77.525056);
INSERT INTO hotels (hotel_id, destination_id, name, price_per_night, rating, latitude, longitude) VALUES (466, 49, 'Hotel Melody Park', 5500, 4.3, 8.093814, 77.534185);
INSERT INTO hotels (hotel_id, destination_id, name, price_per_night, rating, latitude, longitude) VALUES (467, 49, 'Hotel Sun Rock', 5000, 4.2, 8.091654, 77.554286);
INSERT INTO hotels (hotel_id, destination_id, name, price_per_night, rating, latitude, longitude) VALUES (468, 49, 'Hotel Wins', 1800, 4.1, 8.076553, 77.54736);
INSERT INTO hotels (hotel_id, destination_id, name, price_per_night, rating, latitude, longitude) VALUES (469, 49, 'Hotel Blue Sea', 1800, 4.0, 8.081821, 77.542596);
INSERT INTO hotels (hotel_id, destination_id, name, price_per_night, rating, latitude, longitude) VALUES (470, 49, 'Hotel Chitra', 1800, 3.9, 8.074799, 77.549372);
INSERT INTO hotels (hotel_id, destination_id, name, price_per_night, rating, latitude, longitude) VALUES (471, 50, 'Ideal River View Resort', 18000, 4.8, 10.781454, 79.150019);
INSERT INTO hotels (hotel_id, destination_id, name, price_per_night, rating, latitude, longitude) VALUES (472, 50, 'Svatma Thanjavur', 16500, 4.7, 10.774686, 79.136201);
INSERT INTO hotels (hotel_id, destination_id, name, price_per_night, rating, latitude, longitude) VALUES (473, 50, 'Hotel Gnanam', 15000, 4.6, 10.78988, 79.142962);
INSERT INTO hotels (hotel_id, destination_id, name, price_per_night, rating, latitude, longitude) VALUES (474, 50, 'Hotel Parisutham', 6500, 4.5, 10.813702, 79.151548);
INSERT INTO hotels (hotel_id, destination_id, name, price_per_night, rating, latitude, longitude) VALUES (475, 50, 'Hotel Victoriyah', 6000, 4.4, 10.809647, 79.132289);
INSERT INTO hotels (hotel_id, destination_id, name, price_per_night, rating, latitude, longitude) VALUES (476, 50, 'Hotel Kra Residency', 5500, 4.3, 10.782922, 79.125853);
INSERT INTO hotels (hotel_id, destination_id, name, price_per_night, rating, latitude, longitude) VALUES (477, 50, 'Hotel Abirami', 5000, 4.2, 10.806787, 79.147132);
INSERT INTO hotels (hotel_id, destination_id, name, price_per_night, rating, latitude, longitude) VALUES (478, 50, 'Hotel Star Residency', 1800, 4.1, 10.794396, 79.11865);
INSERT INTO hotels (hotel_id, destination_id, name, price_per_night, rating, latitude, longitude) VALUES (479, 50, 'Hotel Yagappa', 1800, 4.0, 10.788836, 79.132696);
INSERT INTO hotels (hotel_id, destination_id, name, price_per_night, rating, latitude, longitude) VALUES (480, 50, 'Hotel Temple City', 1800, 3.9, 10.808251, 79.119546);
INSERT INTO hotels (hotel_id, destination_id, name, price_per_night, rating, latitude, longitude) VALUES (481, 51, 'Courtyard by Marriott Trichy', 18000, 4.8, 10.814315, 78.692208);
INSERT INTO hotels (hotel_id, destination_id, name, price_per_night, rating, latitude, longitude) VALUES (482, 51, 'Grand Gardenia', 16500, 4.7, 10.794593, 78.693834);
INSERT INTO hotels (hotel_id, destination_id, name, price_per_night, rating, latitude, longitude) VALUES (483, 51, 'SRM Hotel', 15000, 4.6, 10.810401, 78.672911);
INSERT INTO hotels (hotel_id, destination_id, name, price_per_night, rating, latitude, longitude) VALUES (484, 51, 'Hotel Sangam', 6500, 4.5, 10.823677, 78.692039);
INSERT INTO hotels (hotel_id, destination_id, name, price_per_night, rating, latitude, longitude) VALUES (485, 51, 'Hotel Rockfort View', 6000, 4.4, 10.820628, 78.720932);
INSERT INTO hotels (hotel_id, destination_id, name, price_per_night, rating, latitude, longitude) VALUES (486, 51, 'Hotel Royal Sathyam', 5500, 4.3, 10.76195, 78.703707);
INSERT INTO hotels (hotel_id, destination_id, name, price_per_night, rating, latitude, longitude) VALUES (487, 51, 'Hotel Apple Park', 5000, 4.2, 10.806474, 78.700164);
INSERT INTO hotels (hotel_id, destination_id, name, price_per_night, rating, latitude, longitude) VALUES (488, 51, 'Hotel Kannappa', 1800, 4.1, 10.803115, 78.721782);
INSERT INTO hotels (hotel_id, destination_id, name, price_per_night, rating, latitude, longitude) VALUES (489, 51, 'Hotel Mayas', 1800, 4.0, 10.823446, 78.703506);
INSERT INTO hotels (hotel_id, destination_id, name, price_per_night, rating, latitude, longitude) VALUES (490, 51, 'Hotel Plaza', 1800, 3.9, 10.820741, 78.71338);
INSERT INTO hotels (hotel_id, destination_id, name, price_per_night, rating, latitude, longitude) VALUES (491, 52, 'Radisson Salem', 18000, 4.8, 11.689771, 78.121303);
INSERT INTO hotels (hotel_id, destination_id, name, price_per_night, rating, latitude, longitude) VALUES (492, 52, 'CJ Pallazzio', 16500, 4.7, 11.662633, 78.183263);
INSERT INTO hotels (hotel_id, destination_id, name, price_per_night, rating, latitude, longitude) VALUES (493, 52, 'Sivaraj Holiday Inn', 15000, 4.6, 11.701931, 78.141858);
INSERT INTO hotels (hotel_id, destination_id, name, price_per_night, rating, latitude, longitude) VALUES (494, 52, 'Hotel Grand Estancia', 6500, 4.5, 11.660028, 78.132987);
INSERT INTO hotels (hotel_id, destination_id, name, price_per_night, rating, latitude, longitude) VALUES (495, 52, 'Hotel Windsor Castle', 6000, 4.4, 11.633823, 78.146116);
INSERT INTO hotels (hotel_id, destination_id, name, price_per_night, rating, latitude, longitude) VALUES (496, 52, 'Hotel Pearls', 5500, 4.3, 11.665428, 78.113613);
INSERT INTO hotels (hotel_id, destination_id, name, price_per_night, rating, latitude, longitude) VALUES (497, 52, 'Hotel Hong Kong Inn', 5000, 4.2, 11.631025, 78.167459);
INSERT INTO hotels (hotel_id, destination_id, name, price_per_night, rating, latitude, longitude) VALUES (498, 52, 'Hotel Royal Castle', 1800, 4.1, 11.690317, 78.130011);
INSERT INTO hotels (hotel_id, destination_id, name, price_per_night, rating, latitude, longitude) VALUES (499, 52, 'Hotel Selvam', 1800, 4.0, 11.69273, 78.122506);
INSERT INTO hotels (hotel_id, destination_id, name, price_per_night, rating, latitude, longitude) VALUES (500, 52, 'Hotel Salem Castle', 1800, 3.9, 11.673699, 78.142084);
INSERT INTO hotels (hotel_id, destination_id, name, price_per_night, rating, latitude, longitude) VALUES (501, 53, 'Sterling Yercaud', 18000, 4.8, 11.775469, 78.221293);
INSERT INTO hotels (hotel_id, destination_id, name, price_per_night, rating, latitude, longitude) VALUES (502, 53, 'Great Trails Yercaud', 16500, 4.7, 11.776442, 78.220433);
INSERT INTO hotels (hotel_id, destination_id, name, price_per_night, rating, latitude, longitude) VALUES (503, 53, 'Cliffton Resort', 15000, 4.6, 11.796762, 78.204691);
INSERT INTO hotels (hotel_id, destination_id, name, price_per_night, rating, latitude, longitude) VALUES (504, 53, 'TGI Star Holidays', 6500, 4.5, 11.792615, 78.204778);
INSERT INTO hotels (hotel_id, destination_id, name, price_per_night, rating, latitude, longitude) VALUES (505, 53, 'Hotel Shevaroys', 6000, 4.4, 11.7835, 78.217586);
INSERT INTO hotels (hotel_id, destination_id, name, price_per_night, rating, latitude, longitude) VALUES (506, 53, 'Hotel Cauvery Peak', 5500, 4.3, 11.769105, 78.192212);
INSERT INTO hotels (hotel_id, destination_id, name, price_per_night, rating, latitude, longitude) VALUES (507, 53, 'Hotel White Huts', 5000, 4.2, 11.769432, 78.195081);
INSERT INTO hotels (hotel_id, destination_id, name, price_per_night, rating, latitude, longitude) VALUES (508, 53, 'Hotel Sri Durga', 1800, 4.1, 11.784636, 78.202991);
INSERT INTO hotels (hotel_id, destination_id, name, price_per_night, rating, latitude, longitude) VALUES (509, 53, 'Hotel Golden Nest', 1800, 4.0, 11.796164, 78.197654);
INSERT INTO hotels (hotel_id, destination_id, name, price_per_night, rating, latitude, longitude) VALUES (510, 53, 'Hotel Bliss', 1800, 3.9, 11.763807, 78.207137);
INSERT INTO hotels (hotel_id, destination_id, name, price_per_night, rating, latitude, longitude) VALUES (511, 54, 'Fortune Park Vellore', 18000, 4.8, 12.908922, 79.151115);
INSERT INTO hotels (hotel_id, destination_id, name, price_per_night, rating, latitude, longitude) VALUES (512, 54, 'Darling Residency', 16500, 4.7, 12.938847, 79.120248);
INSERT INTO hotels (hotel_id, destination_id, name, price_per_night, rating, latitude, longitude) VALUES (513, 54, 'Hotel Khanna Fiesta', 15000, 4.6, 12.927604, 79.154482);
INSERT INTO hotels (hotel_id, destination_id, name, price_per_night, rating, latitude, longitude) VALUES (514, 54, 'Hotel SMS Grand', 6500, 4.5, 12.931802, 79.136357);
INSERT INTO hotels (hotel_id, destination_id, name, price_per_night, rating, latitude, longitude) VALUES (515, 54, 'Hotel River View', 6000, 4.4, 12.907013, 79.15305);
INSERT INTO hotels (hotel_id, destination_id, name, price_per_night, rating, latitude, longitude) VALUES (516, 54, 'Hotel Aavanaa Inn', 5500, 4.3, 12.932349, 79.151764);
INSERT INTO hotels (hotel_id, destination_id, name, price_per_night, rating, latitude, longitude) VALUES (517, 54, 'Hotel China Town', 5000, 4.2, 12.917063, 79.154539);
INSERT INTO hotels (hotel_id, destination_id, name, price_per_night, rating, latitude, longitude) VALUES (518, 54, 'Hotel Aryaas', 1800, 4.1, 12.94183, 79.139921);
INSERT INTO hotels (hotel_id, destination_id, name, price_per_night, rating, latitude, longitude) VALUES (519, 54, 'Hotel Vellore Gateway', 1800, 4.0, 12.932396, 79.108737);
INSERT INTO hotels (hotel_id, destination_id, name, price_per_night, rating, latitude, longitude) VALUES (520, 54, 'Hotel Royal Park', 1800, 3.9, 12.902316, 79.151111);
INSERT INTO hotels (hotel_id, destination_id, name, price_per_night, rating, latitude, longitude) VALUES (521, 55, 'Hotel Applettree', 18000, 4.8, 8.720246, 77.779443);
INSERT INTO hotels (hotel_id, destination_id, name, price_per_night, rating, latitude, longitude) VALUES (522, 55, 'Regency Tirunelveli', 16500, 4.7, 8.730909, 77.777524);
INSERT INTO hotels (hotel_id, destination_id, name, price_per_night, rating, latitude, longitude) VALUES (523, 55, 'Hotel Aryaas', 15000, 4.6, 8.704775, 77.755798);
INSERT INTO hotels (hotel_id, destination_id, name, price_per_night, rating, latitude, longitude) VALUES (524, 55, 'Hotel TVK Regency', 6500, 4.5, 8.723765, 77.735949);
INSERT INTO hotels (hotel_id, destination_id, name, price_per_night, rating, latitude, longitude) VALUES (525, 55, 'Hotel Sri Janakiram', 6000, 4.4, 8.699824, 77.781088);
INSERT INTO hotels (hotel_id, destination_id, name, price_per_night, rating, latitude, longitude) VALUES (526, 55, 'Hotel Blue Nile', 5500, 4.3, 8.713872, 77.743961);
INSERT INTO hotels (hotel_id, destination_id, name, price_per_night, rating, latitude, longitude) VALUES (527, 55, 'Hotel Raja Palace', 5000, 4.2, 8.715754, 77.757928);
INSERT INTO hotels (hotel_id, destination_id, name, price_per_night, rating, latitude, longitude) VALUES (528, 55, 'Hotel Cathedral', 1800, 4.1, 8.72853, 77.74464);
INSERT INTO hotels (hotel_id, destination_id, name, price_per_night, rating, latitude, longitude) VALUES (529, 55, 'Hotel Ambassasor', 1800, 4.0, 8.713583, 77.735968);
INSERT INTO hotels (hotel_id, destination_id, name, price_per_night, rating, latitude, longitude) VALUES (530, 55, 'Hotel Radhakrishna', 1800, 3.9, 8.709602, 77.768278);
INSERT INTO hotels (hotel_id, destination_id, name, price_per_night, rating, latitude, longitude) VALUES (531, 56, 'Hotel Tamil Nadu Thoothukudi', 18000, 4.8, 8.776462, 78.110714);
INSERT INTO hotels (hotel_id, destination_id, name, price_per_night, rating, latitude, longitude) VALUES (532, 56, 'Hotel DSF Grand Plaza', 16500, 4.7, 8.773618, 78.149941);
INSERT INTO hotels (hotel_id, destination_id, name, price_per_night, rating, latitude, longitude) VALUES (533, 56, 'Hotel Raj', 15000, 4.6, 8.736976, 78.137505);
INSERT INTO hotels (hotel_id, destination_id, name, price_per_night, rating, latitude, longitude) VALUES (534, 56, 'Hotel Heritage', 6500, 4.5, 8.756149, 78.12134);
INSERT INTO hotels (hotel_id, destination_id, name, price_per_night, rating, latitude, longitude) VALUES (535, 56, 'Hotel Naveen', 6000, 4.4, 8.750434, 78.114542);
INSERT INTO hotels (hotel_id, destination_id, name, price_per_night, rating, latitude, longitude) VALUES (536, 56, 'Hotel Sara', 5500, 4.3, 8.77531, 78.113784);
INSERT INTO hotels (hotel_id, destination_id, name, price_per_night, rating, latitude, longitude) VALUES (537, 56, 'Hotel Chandra', 5000, 4.2, 8.746618, 78.146129);
INSERT INTO hotels (hotel_id, destination_id, name, price_per_night, rating, latitude, longitude) VALUES (538, 56, 'Hotel Sugam', 1800, 4.1, 8.775419, 78.137245);
INSERT INTO hotels (hotel_id, destination_id, name, price_per_night, rating, latitude, longitude) VALUES (539, 56, 'Hotel Senthil', 1800, 4.0, 8.760692, 78.15014);
INSERT INTO hotels (hotel_id, destination_id, name, price_per_night, rating, latitude, longitude) VALUES (540, 56, 'Hotel Star Palace', 1800, 3.9, 8.763315, 78.131181);
INSERT INTO hotels (hotel_id, destination_id, name, price_per_night, rating, latitude, longitude) VALUES (541, 57, 'Hotel Tamil Nadu Nagapattinam', 18000, 4.8, 10.765581, 79.814648);
INSERT INTO hotels (hotel_id, destination_id, name, price_per_night, rating, latitude, longitude) VALUES (542, 57, 'Hotel Royal Park', 16500, 4.7, 10.764131, 79.867013);
INSERT INTO hotels (hotel_id, destination_id, name, price_per_night, rating, latitude, longitude) VALUES (543, 57, 'Hotel Karthik', 15000, 4.6, 10.769865, 79.834797);
INSERT INTO hotels (hotel_id, destination_id, name, price_per_night, rating, latitude, longitude) VALUES (544, 57, 'Hotel Sun City', 6500, 4.5, 10.751572, 79.863571);
INSERT INTO hotels (hotel_id, destination_id, name, price_per_night, rating, latitude, longitude) VALUES (545, 57, 'Hotel Mangrove', 6000, 4.4, 10.776458, 79.867381);
INSERT INTO hotels (hotel_id, destination_id, name, price_per_night, rating, latitude, longitude) VALUES (546, 57, 'Hotel Sea Breeze', 5500, 4.3, 10.785519, 79.819765);
INSERT INTO hotels (hotel_id, destination_id, name, price_per_night, rating, latitude, longitude) VALUES (547, 57, 'Hotel Annapoorna', 5000, 4.2, 10.779104, 79.821302);
INSERT INTO hotels (hotel_id, destination_id, name, price_per_night, rating, latitude, longitude) VALUES (548, 57, 'Hotel Star Residency', 1800, 4.1, 10.761729, 79.87139);
INSERT INTO hotels (hotel_id, destination_id, name, price_per_night, rating, latitude, longitude) VALUES (549, 57, 'Hotel Blue Bay', 1800, 4.0, 10.743104, 79.860059);
INSERT INTO hotels (hotel_id, destination_id, name, price_per_night, rating, latitude, longitude) VALUES (550, 57, 'Hotel Grand Sea', 1800, 3.9, 10.774607, 79.865154);
INSERT INTO hotels (hotel_id, destination_id, name, price_per_night, rating, latitude, longitude) VALUES (551, 58, 'Mantra Koodam', 18000, 4.8, 10.960419, 79.381303);
INSERT INTO hotels (hotel_id, destination_id, name, price_per_night, rating, latitude, longitude) VALUES (552, 58, 'Hotel Raya''s', 16500, 4.7, 10.983777, 79.39245);
INSERT INTO hotels (hotel_id, destination_id, name, price_per_night, rating, latitude, longitude) VALUES (553, 58, 'Hotel Green Park', 15000, 4.6, 10.947004, 79.402213);
INSERT INTO hotels (hotel_id, destination_id, name, price_per_night, rating, latitude, longitude) VALUES (554, 58, 'Hotel Vamsam', 6500, 4.5, 10.944193, 79.367663);
INSERT INTO hotels (hotel_id, destination_id, name, price_per_night, rating, latitude, longitude) VALUES (555, 58, 'Hotel Sivamurugan', 6000, 4.4, 10.960057, 79.400759);
INSERT INTO hotels (hotel_id, destination_id, name, price_per_night, rating, latitude, longitude) VALUES (556, 58, 'Hotel Jeyam', 5500, 4.3, 10.959968, 79.389763);
INSERT INTO hotels (hotel_id, destination_id, name, price_per_night, rating, latitude, longitude) VALUES (557, 58, 'Hotel Sara Regency', 5000, 4.2, 10.951723, 79.396557);
INSERT INTO hotels (hotel_id, destination_id, name, price_per_night, rating, latitude, longitude) VALUES (558, 58, 'Hotel Paradise', 1800, 4.1, 10.974576, 79.40001);
INSERT INTO hotels (hotel_id, destination_id, name, price_per_night, rating, latitude, longitude) VALUES (559, 58, 'Hotel Temple Towers', 1800, 4.0, 10.950425, 79.365899);
INSERT INTO hotels (hotel_id, destination_id, name, price_per_night, rating, latitude, longitude) VALUES (560, 58, 'Hotel White Palace', 1800, 3.9, 10.968657, 79.396718);
INSERT INTO hotels (hotel_id, destination_id, name, price_per_night, rating, latitude, longitude) VALUES (561, 59, 'Coco Lagoon Pollachi', 18000, 4.8, 10.654219, 77.011576);
INSERT INTO hotels (hotel_id, destination_id, name, price_per_night, rating, latitude, longitude) VALUES (562, 59, 'Topslip Resort', 16500, 4.7, 10.633421, 76.998694);
INSERT INTO hotels (hotel_id, destination_id, name, price_per_night, rating, latitude, longitude) VALUES (563, 59, 'Hotel Surya', 15000, 4.6, 10.683659, 77.006448);
INSERT INTO hotels (hotel_id, destination_id, name, price_per_night, rating, latitude, longitude) VALUES (564, 59, 'Hotel Apple Inn', 6500, 4.5, 10.651054, 77.019757);
INSERT INTO hotels (hotel_id, destination_id, name, price_per_night, rating, latitude, longitude) VALUES (565, 59, 'Hotel Mahalakshmi', 6000, 4.4, 10.685789, 77.004092);
INSERT INTO hotels (hotel_id, destination_id, name, price_per_night, rating, latitude, longitude) VALUES (566, 59, 'Hotel Sakthi', 5500, 4.3, 10.676134, 77.019291);
INSERT INTO hotels (hotel_id, destination_id, name, price_per_night, rating, latitude, longitude) VALUES (567, 59, 'Hotel Archana', 5000, 4.2, 10.635724, 77.007595);
INSERT INTO hotels (hotel_id, destination_id, name, price_per_night, rating, latitude, longitude) VALUES (568, 59, 'Hotel VVM', 1800, 4.1, 10.688591, 77.012597);
INSERT INTO hotels (hotel_id, destination_id, name, price_per_night, rating, latitude, longitude) VALUES (569, 59, 'Hotel Green Nest', 1800, 4.0, 10.644227, 77.020465);
INSERT INTO hotels (hotel_id, destination_id, name, price_per_night, rating, latitude, longitude) VALUES (570, 59, 'Hotel Crystal', 1800, 3.9, 10.656594, 77.028645);
INSERT INTO hotels (hotel_id, destination_id, name, price_per_night, rating, latitude, longitude) VALUES (571, 60, 'Stanmore Valparai', 18000, 4.8, 10.333598, 76.962207);
INSERT INTO hotels (hotel_id, destination_id, name, price_per_night, rating, latitude, longitude) VALUES (572, 60, 'Green Hill Resort', 16500, 4.7, 10.324106, 76.964649);
INSERT INTO hotels (hotel_id, destination_id, name, price_per_night, rating, latitude, longitude) VALUES (573, 60, 'Mist Valley Resort', 15000, 4.6, 10.327329, 76.942538);
INSERT INTO hotels (hotel_id, destination_id, name, price_per_night, rating, latitude, longitude) VALUES (574, 60, 'Hotel Holiday Inn', 6500, 4.5, 10.308294, 76.960694);
INSERT INTO hotels (hotel_id, destination_id, name, price_per_night, rating, latitude, longitude) VALUES (575, 60, 'Hotel Saravana', 6000, 4.4, 10.308444, 76.957624);
INSERT INTO hotels (hotel_id, destination_id, name, price_per_night, rating, latitude, longitude) VALUES (576, 60, 'Hotel Mount View', 5500, 4.3, 10.322152, 76.952283);
INSERT INTO hotels (hotel_id, destination_id, name, price_per_night, rating, latitude, longitude) VALUES (577, 60, 'Hotel Woodbriar', 5000, 4.2, 10.3091, 76.957589);
INSERT INTO hotels (hotel_id, destination_id, name, price_per_night, rating, latitude, longitude) VALUES (578, 60, 'Hotel Paradise', 1800, 4.1, 10.319971, 76.964443);
INSERT INTO hotels (hotel_id, destination_id, name, price_per_night, rating, latitude, longitude) VALUES (579, 60, 'Hotel Hill View', 1800, 4.0, 10.329184, 76.949242);
INSERT INTO hotels (hotel_id, destination_id, name, price_per_night, rating, latitude, longitude) VALUES (580, 60, 'Hotel Whispering Falls', 1800, 3.9, 10.327243, 76.947006);
INSERT INTO hotels (hotel_id, destination_id, name, price_per_night, rating, latitude, longitude) VALUES (581, 61, 'Hotel Grand Continent Hosur', 18000, 4.8, 12.746931, 77.807832);
INSERT INTO hotels (hotel_id, destination_id, name, price_per_night, rating, latitude, longitude) VALUES (582, 61, 'Hotel TGI Hosur', 16500, 4.7, 12.735015, 77.839898);
INSERT INTO hotels (hotel_id, destination_id, name, price_per_night, rating, latitude, longitude) VALUES (583, 61, 'Hotel Anantha Inn', 15000, 4.6, 12.755037, 77.808068);
INSERT INTO hotels (hotel_id, destination_id, name, price_per_night, rating, latitude, longitude) VALUES (584, 61, 'Hotel Ashoka', 6500, 4.5, 12.721705, 77.810366);
INSERT INTO hotels (hotel_id, destination_id, name, price_per_night, rating, latitude, longitude) VALUES (585, 61, 'Hotel Sri Raghavendra', 6000, 4.4, 12.721517, 77.824831);
INSERT INTO hotels (hotel_id, destination_id, name, price_per_night, rating, latitude, longitude) VALUES (586, 61, 'Hotel White Lotus', 5500, 4.3, 12.71867, 77.822236);
INSERT INTO hotels (hotel_id, destination_id, name, price_per_night, rating, latitude, longitude) VALUES (587, 61, 'Hotel Crescent', 5000, 4.2, 12.742878, 77.818993);
INSERT INTO hotels (hotel_id, destination_id, name, price_per_night, rating, latitude, longitude) VALUES (588, 61, 'Hotel Garden View', 1800, 4.1, 12.730587, 77.812215);
INSERT INTO hotels (hotel_id, destination_id, name, price_per_night, rating, latitude, longitude) VALUES (589, 61, 'Hotel Spring Valley', 1800, 4.0, 12.7553, 77.800506);
INSERT INTO hotels (hotel_id, destination_id, name, price_per_night, rating, latitude, longitude) VALUES (590, 61, 'Hotel Bliss', 1800, 3.9, 12.749705, 77.842025);
INSERT INTO hotels (hotel_id, destination_id, name, price_per_night, rating, latitude, longitude) VALUES (591, 62, 'Hotel De Gold', 18000, 4.8, 11.745426, 79.749112);
INSERT INTO hotels (hotel_id, destination_id, name, price_per_night, rating, latitude, longitude) VALUES (592, 62, 'Hotel Annamalai International', 16500, 4.7, 11.750964, 79.768128);
INSERT INTO hotels (hotel_id, destination_id, name, price_per_night, rating, latitude, longitude) VALUES (593, 62, 'Hotel Blue Moon', 15000, 4.6, 11.753907, 79.798242);
INSERT INTO hotels (hotel_id, destination_id, name, price_per_night, rating, latitude, longitude) VALUES (594, 62, 'Hotel Aishwarya', 6500, 4.5, 11.734475, 79.747772);
INSERT INTO hotels (hotel_id, destination_id, name, price_per_night, rating, latitude, longitude) VALUES (595, 62, 'Hotel Sea Breeze', 6000, 4.4, 11.724261, 79.773134);
INSERT INTO hotels (hotel_id, destination_id, name, price_per_night, rating, latitude, longitude) VALUES (596, 62, 'Hotel Samudra', 5500, 4.3, 11.764723, 79.767876);
INSERT INTO hotels (hotel_id, destination_id, name, price_per_night, rating, latitude, longitude) VALUES (597, 62, 'Hotel River View', 5000, 4.2, 11.71984, 79.774154);
INSERT INTO hotels (hotel_id, destination_id, name, price_per_night, rating, latitude, longitude) VALUES (598, 62, 'Hotel Marina', 1800, 4.1, 11.772321, 79.78293);
INSERT INTO hotels (hotel_id, destination_id, name, price_per_night, rating, latitude, longitude) VALUES (599, 62, 'Hotel Raj Residency', 1800, 4.0, 11.761057, 79.778802);
INSERT INTO hotels (hotel_id, destination_id, name, price_per_night, rating, latitude, longitude) VALUES (600, 62, 'Hotel New Classic', 1800, 3.9, 11.728454, 79.767965);

-- Insert Telangana hotels
INSERT INTO hotels (hotel_id, destination_id, name, price_per_night, rating, latitude, longitude) VALUES (601, 63, 'Taj Falaknuma Palace', 23795, 5.0, 17.405879, 78.495579);
INSERT INTO hotels (hotel_id, destination_id, name, price_per_night, rating, latitude, longitude) VALUES (602, 63, 'ITC Kohenur', 14265, 4.6, 17.345228, 78.519656);
INSERT INTO hotels (hotel_id, destination_id, name, price_per_night, rating, latitude, longitude) VALUES (603, 63, 'Novotel Hyderabad Airport', 4671, 3.6, 17.39858, 78.446777);
INSERT INTO hotels (hotel_id, destination_id, name, price_per_night, rating, latitude, longitude) VALUES (604, 63, 'Park Hyatt Hyderabad', 10433, 4.6, 17.356506, 78.469082);
INSERT INTO hotels (hotel_id, destination_id, name, price_per_night, rating, latitude, longitude) VALUES (605, 63, 'Taj Krishna', 14396, 4.7, 17.366211, 78.496767);
INSERT INTO hotels (hotel_id, destination_id, name, price_per_night, rating, latitude, longitude) VALUES (606, 63, 'Trident Hyderabad', 3547, 3.8, 17.372973, 78.482746);
INSERT INTO hotels (hotel_id, destination_id, name, price_per_night, rating, latitude, longitude) VALUES (607, 63, 'Hyderabad Marriott Hotel', 4234, 4.1, 17.374422, 78.530191);
INSERT INTO hotels (hotel_id, destination_id, name, price_per_night, rating, latitude, longitude) VALUES (608, 63, 'Sheraton Hyderabad Hotel', 3028, 3.5, 17.394679, 78.457047);
INSERT INTO hotels (hotel_id, destination_id, name, price_per_night, rating, latitude, longitude) VALUES (609, 63, 'The Westin Mindspace', 3714, 3.5, 17.424798, 78.492396);
INSERT INTO hotels (hotel_id, destination_id, name, price_per_night, rating, latitude, longitude) VALUES (610, 63, 'Lemon Tree Gachibowli', 3541, 3.8, 17.34879, 78.503281);
INSERT INTO hotels (hotel_id, destination_id, name, price_per_night, rating, latitude, longitude) VALUES (611, 64, 'Hotel Silver Cloud', 2890, 4.2, 17.9788, 79.624088);
INSERT INTO hotels (hotel_id, destination_id, name, price_per_night, rating, latitude, longitude) VALUES (612, 64, 'Lotus Residency', 1534, 4.4, 17.94719, 79.608727);
INSERT INTO hotels (hotel_id, destination_id, name, price_per_night, rating, latitude, longitude) VALUES (613, 64, 'Sneha Grand Inn', 4573, 3.9, 17.942615, 79.600193);
INSERT INTO hotels (hotel_id, destination_id, name, price_per_night, rating, latitude, longitude) VALUES (614, 64, 'Hotel Suprabha', 3000, 4.5, 17.993662, 79.633655);
INSERT INTO hotels (hotel_id, destination_id, name, price_per_night, rating, latitude, longitude) VALUES (615, 64, 'Haritha Kakatiya', 3481, 4.4, 17.989354, 79.578489);
INSERT INTO hotels (hotel_id, destination_id, name, price_per_night, rating, latitude, longitude) VALUES (616, 64, 'Hotel Ratna', 2775, 3.5, 17.95318, 79.584081);
INSERT INTO hotels (hotel_id, destination_id, name, price_per_night, rating, latitude, longitude) VALUES (617, 64, 'City Grand Hotel', 1837, 4.0, 17.976708, 79.635973);
INSERT INTO hotels (hotel_id, destination_id, name, price_per_night, rating, latitude, longitude) VALUES (618, 64, 'Hotel Shreya', 3735, 4.0, 17.936583, 79.621298);
INSERT INTO hotels (hotel_id, destination_id, name, price_per_night, rating, latitude, longitude) VALUES (619, 64, 'Vishnu Residency', 1564, 3.5, 17.962006, 79.584639);
INSERT INTO hotels (hotel_id, destination_id, name, price_per_night, rating, latitude, longitude) VALUES (620, 64, 'Landmark Hotel', 4195, 3.5, 17.997292, 79.612717);
INSERT INTO hotels (hotel_id, destination_id, name, price_per_night, rating, latitude, longitude) VALUES (621, 65, 'Hotel Nikhil Sai International', 3198, 4.3, 18.682036, 78.132467);
INSERT INTO hotels (hotel_id, destination_id, name, price_per_night, rating, latitude, longitude) VALUES (622, 65, 'Hotel Vamshee International', 4565, 3.6, 18.705179, 78.105197);
INSERT INTO hotels (hotel_id, destination_id, name, price_per_night, rating, latitude, longitude) VALUES (623, 65, 'Hotel Kapila', 4477, 3.6, 18.660874, 78.109296);
INSERT INTO hotels (hotel_id, destination_id, name, price_per_night, rating, latitude, longitude) VALUES (624, 65, 'Hotel Mayur', 2304, 4.2, 18.68488, 78.128949);
INSERT INTO hotels (hotel_id, destination_id, name, price_per_night, rating, latitude, longitude) VALUES (625, 65, 'Haritha Indur Inn', 2460, 3.9, 18.714954, 78.125502);
INSERT INTO hotels (hotel_id, destination_id, name, price_per_night, rating, latitude, longitude) VALUES (626, 65, 'Hotel Krishna', 2528, 4.1, 18.696887, 78.093542);
INSERT INTO hotels (hotel_id, destination_id, name, price_per_night, rating, latitude, longitude) VALUES (627, 65, 'Hotel Apsara', 1892, 4.2, 18.63748, 78.08864);
INSERT INTO hotels (hotel_id, destination_id, name, price_per_night, rating, latitude, longitude) VALUES (628, 65, 'Hotel City Park', 2363, 4.1, 18.655792, 78.094871);
INSERT INTO hotels (hotel_id, destination_id, name, price_per_night, rating, latitude, longitude) VALUES (629, 65, 'Hotel Swagath', 3257, 3.6, 18.681898, 78.097686);
INSERT INTO hotels (hotel_id, destination_id, name, price_per_night, rating, latitude, longitude) VALUES (630, 65, 'Hotel Nandi', 2040, 3.7, 18.634428, 78.075178);
INSERT INTO hotels (hotel_id, destination_id, name, price_per_night, rating, latitude, longitude) VALUES (631, 66, 'Hotel Swetha', 4657, 4.4, 18.449792, 79.110407);
INSERT INTO hotels (hotel_id, destination_id, name, price_per_night, rating, latitude, longitude) VALUES (632, 66, 'Maitri Residency', 4560, 4.4, 18.46593, 79.100591);
INSERT INTO hotels (hotel_id, destination_id, name, price_per_night, rating, latitude, longitude) VALUES (633, 66, 'Hotel Peacock Pride', 3481, 4.0, 18.46627, 79.164448);
INSERT INTO hotels (hotel_id, destination_id, name, price_per_night, rating, latitude, longitude) VALUES (634, 66, 'Hotel Prathima Regency', 4802, 4.4, 18.418092, 79.142092);
INSERT INTO hotels (hotel_id, destination_id, name, price_per_night, rating, latitude, longitude) VALUES (635, 66, 'Hotel Nawab''s', 4180, 4.3, 18.471066, 79.084426);
INSERT INTO hotels (hotel_id, destination_id, name, price_per_night, rating, latitude, longitude) VALUES (636, 66, 'Hotel Srinivasa', 2979, 4.0, 18.437235, 79.146119);
INSERT INTO hotels (hotel_id, destination_id, name, price_per_night, rating, latitude, longitude) VALUES (637, 66, 'Hotel Manair', 2757, 3.8, 18.478462, 79.112888);
INSERT INTO hotels (hotel_id, destination_id, name, price_per_night, rating, latitude, longitude) VALUES (638, 66, 'Hotel V Park', 3131, 4.1, 18.429945, 79.08964);
INSERT INTO hotels (hotel_id, destination_id, name, price_per_night, rating, latitude, longitude) VALUES (639, 66, 'Hotel Kalpana', 3989, 4.5, 18.41626, 79.128552);
INSERT INTO hotels (hotel_id, destination_id, name, price_per_night, rating, latitude, longitude) VALUES (640, 66, 'Hotel Tara', 4684, 3.6, 18.483397, 79.10781);
INSERT INTO hotels (hotel_id, destination_id, name, price_per_night, rating, latitude, longitude) VALUES (641, 67, 'Hotel Grand Gayathri', 1501, 4.0, 17.206933, 80.131478);
INSERT INTO hotels (hotel_id, destination_id, name, price_per_night, rating, latitude, longitude) VALUES (642, 67, 'Hotel Vishnu Residency', 4796, 4.1, 17.263563, 80.154184);
INSERT INTO hotels (hotel_id, destination_id, name, price_per_night, rating, latitude, longitude) VALUES (643, 67, 'Hotel Kaveri', 4277, 4.5, 17.224085, 80.166892);
INSERT INTO hotels (hotel_id, destination_id, name, price_per_night, rating, latitude, longitude) VALUES (644, 67, 'Hotel Sridhar', 1702, 3.9, 17.224094, 80.178683);
INSERT INTO hotels (hotel_id, destination_id, name, price_per_night, rating, latitude, longitude) VALUES (645, 67, 'Hotel Manorama', 4431, 4.5, 17.238194, 80.179879);
INSERT INTO hotels (hotel_id, destination_id, name, price_per_night, rating, latitude, longitude) VALUES (646, 67, 'Hotel Budget', 3691, 4.3, 17.23117, 80.123187);
INSERT INTO hotels (hotel_id, destination_id, name, price_per_night, rating, latitude, longitude) VALUES (647, 67, 'Hotel Park', 4920, 4.4, 17.231636, 80.126222);
INSERT INTO hotels (hotel_id, destination_id, name, price_per_night, rating, latitude, longitude) VALUES (648, 67, 'Hotel Aditya', 2869, 4.0, 17.222685, 80.164466);
INSERT INTO hotels (hotel_id, destination_id, name, price_per_night, rating, latitude, longitude) VALUES (649, 67, 'Hotel Vamshi', 3343, 4.4, 17.238081, 80.152998);
INSERT INTO hotels (hotel_id, destination_id, name, price_per_night, rating, latitude, longitude) VALUES (650, 67, 'Hotel Geetha', 4419, 3.6, 17.232996, 80.116613);
INSERT INTO hotels (hotel_id, destination_id, name, price_per_night, rating, latitude, longitude) VALUES (651, 68, 'Hotel Ravi Teja', 3698, 4.0, 19.694921, 78.50757);
INSERT INTO hotels (hotel_id, destination_id, name, price_per_night, rating, latitude, longitude) VALUES (652, 68, 'Hotel Laxmi Residency', 3691, 4.3, 19.682268, 78.534669);
INSERT INTO hotels (hotel_id, destination_id, name, price_per_night, rating, latitude, longitude) VALUES (653, 68, 'Hotel Dwaraka Residency', 3549, 4.5, 19.719188, 78.537246);
INSERT INTO hotels (hotel_id, destination_id, name, price_per_night, rating, latitude, longitude) VALUES (654, 68, 'Haritha Hotel Adilabad', 2683, 4.1, 19.662813, 78.518429);
INSERT INTO hotels (hotel_id, destination_id, name, price_per_night, rating, latitude, longitude) VALUES (655, 68, 'Hotel Panchavati', 4363, 4.3, 19.709369, 78.523406);
INSERT INTO hotels (hotel_id, destination_id, name, price_per_night, rating, latitude, longitude) VALUES (656, 68, 'Hotel Kamadhenu', 3196, 4.1, 19.639873, 78.501547);
INSERT INTO hotels (hotel_id, destination_id, name, price_per_night, rating, latitude, longitude) VALUES (657, 68, 'Hotel Tirumala', 2945, 4.2, 19.684562, 78.520505);
INSERT INTO hotels (hotel_id, destination_id, name, price_per_night, rating, latitude, longitude) VALUES (658, 68, 'Hotel Annapurna', 2996, 4.2, 19.632756, 78.501473);
INSERT INTO hotels (hotel_id, destination_id, name, price_per_night, rating, latitude, longitude) VALUES (659, 68, 'Hotel Krishna', 1837, 4.0, 19.672658, 78.576501);
INSERT INTO hotels (hotel_id, destination_id, name, price_per_night, rating, latitude, longitude) VALUES (660, 68, 'Hotel Sri Krishna', 1660, 3.5, 19.67675, 78.503094);
INSERT INTO hotels (hotel_id, destination_id, name, price_per_night, rating, latitude, longitude) VALUES (661, 69, 'Haritha Heritage Hotel', 3027, 4.1, 18.08023, 78.277985);
INSERT INTO hotels (hotel_id, destination_id, name, price_per_night, rating, latitude, longitude) VALUES (662, 69, 'Haritha Hotel Edupayala', 4604, 4.0, 18.049593, 78.27607);
INSERT INTO hotels (hotel_id, destination_id, name, price_per_night, rating, latitude, longitude) VALUES (663, 69, 'Hotel Delhiwala', 2545, 3.7, 18.091371, 78.254179);
INSERT INTO hotels (hotel_id, destination_id, name, price_per_night, rating, latitude, longitude) VALUES (664, 69, 'Hotel Alankar', 3985, 4.4, 18.042895, 78.250307);
INSERT INTO hotels (hotel_id, destination_id, name, price_per_night, rating, latitude, longitude) VALUES (665, 69, 'Hotel Balaji', 3831, 4.2, 18.081575, 78.239517);
INSERT INTO hotels (hotel_id, destination_id, name, price_per_night, rating, latitude, longitude) VALUES (666, 69, 'Hotel Swarna Palace', 2315, 3.8, 18.005988, 78.276893);
INSERT INTO hotels (hotel_id, destination_id, name, price_per_night, rating, latitude, longitude) VALUES (667, 69, 'Hotel Manjeera', 1516, 4.5, 18.046095, 78.24396);
INSERT INTO hotels (hotel_id, destination_id, name, price_per_night, rating, latitude, longitude) VALUES (668, 69, 'Hotel Vijaya', 4065, 3.9, 18.005191, 78.302349);
INSERT INTO hotels (hotel_id, destination_id, name, price_per_night, rating, latitude, longitude) VALUES (669, 69, 'Hotel Sai Ram', 4044, 4.1, 18.055306, 78.30703);
INSERT INTO hotels (hotel_id, destination_id, name, price_per_night, rating, latitude, longitude) VALUES (670, 69, 'Hotel Sri Krishna', 2639, 3.8, 18.038459, 78.295402);
INSERT INTO hotels (hotel_id, destination_id, name, price_per_night, rating, latitude, longitude) VALUES (671, 70, 'Hotel Mint Park', 4827, 4.0, 16.737342, 77.994022);
INSERT INTO hotels (hotel_id, destination_id, name, price_per_night, rating, latitude, longitude) VALUES (672, 70, 'RNS Residency', 4113, 4.2, 16.755106, 77.967246);
INSERT INTO hotels (hotel_id, destination_id, name, price_per_night, rating, latitude, longitude) VALUES (673, 70, 'Hotel Sindhu', 4859, 4.2, 16.736078, 77.981375);
INSERT INTO hotels (hotel_id, destination_id, name, price_per_night, rating, latitude, longitude) VALUES (674, 70, 'Hotel Ganesh', 4037, 4.4, 16.770469, 78.021231);
INSERT INTO hotels (hotel_id, destination_id, name, price_per_night, rating, latitude, longitude) VALUES (675, 70, 'Haritha Hotel Mahabubnagar', 1745, 3.9, 16.730223, 78.031343);
INSERT INTO hotels (hotel_id, destination_id, name, price_per_night, rating, latitude, longitude) VALUES (676, 70, 'Hotel Geetha', 3390, 3.8, 16.758836, 77.965843);
INSERT INTO hotels (hotel_id, destination_id, name, price_per_night, rating, latitude, longitude) VALUES (677, 70, 'Hotel Srinivasa', 4450, 4.0, 16.775647, 78.016997);
INSERT INTO hotels (hotel_id, destination_id, name, price_per_night, rating, latitude, longitude) VALUES (678, 70, 'Hotel Balaji', 4059, 3.9, 16.708369, 78.038296);
INSERT INTO hotels (hotel_id, destination_id, name, price_per_night, rating, latitude, longitude) VALUES (679, 70, 'Hotel Sri Laxmi', 2666, 3.9, 16.712258, 78.010545);
INSERT INTO hotels (hotel_id, destination_id, name, price_per_night, rating, latitude, longitude) VALUES (680, 70, 'Hotel Venkat', 2353, 3.8, 16.717754, 78.046866);
INSERT INTO hotels (hotel_id, destination_id, name, price_per_night, rating, latitude, longitude) VALUES (681, 71, 'Hotel Swagath', 3697, 4.1, 17.015445, 79.226761);
INSERT INTO hotels (hotel_id, destination_id, name, price_per_night, rating, latitude, longitude) VALUES (682, 71, 'Hotel Vamshee', 2337, 3.8, 17.061037, 79.252799);
INSERT INTO hotels (hotel_id, destination_id, name, price_per_night, rating, latitude, longitude) VALUES (683, 71, 'Haritha Nalgonda', 3811, 4.3, 17.032124, 79.27946);
INSERT INTO hotels (hotel_id, destination_id, name, price_per_night, rating, latitude, longitude) VALUES (684, 71, 'Hotel Balaji Grand', 2719, 4.3, 17.030194, 79.260422);
INSERT INTO hotels (hotel_id, destination_id, name, price_per_night, rating, latitude, longitude) VALUES (685, 71, 'Hotel Kanchana', 4414, 4.1, 17.078048, 79.311227);
INSERT INTO hotels (hotel_id, destination_id, name, price_per_night, rating, latitude, longitude) VALUES (686, 71, 'Hotel Sri Krishna', 2135, 4.2, 17.016396, 79.259294);
INSERT INTO hotels (hotel_id, destination_id, name, price_per_night, rating, latitude, longitude) VALUES (687, 71, 'Hotel Annapurna', 3310, 3.9, 17.019761, 79.225682);
INSERT INTO hotels (hotel_id, destination_id, name, price_per_night, rating, latitude, longitude) VALUES (688, 71, 'Hotel Vijaya', 1616, 3.6, 17.051248, 79.285365);
INSERT INTO hotels (hotel_id, destination_id, name, price_per_night, rating, latitude, longitude) VALUES (689, 71, 'Hotel Laxmi', 3164, 3.7, 17.026779, 79.245922);
INSERT INTO hotels (hotel_id, destination_id, name, price_per_night, rating, latitude, longitude) VALUES (690, 71, 'Hotel Sai', 2641, 4.2, 17.072118, 79.248594);
INSERT INTO hotels (hotel_id, destination_id, name, price_per_night, rating, latitude, longitude) VALUES (691, 72, 'Hotel Redla''s Inn', 4843, 4.0, 17.63314, 78.075911);
INSERT INTO hotels (hotel_id, destination_id, name, price_per_night, rating, latitude, longitude) VALUES (692, 72, 'CGR Manjeera Hotel', 4408, 3.9, 17.596296, 78.068738);
INSERT INTO hotels (hotel_id, destination_id, name, price_per_night, rating, latitude, longitude) VALUES (693, 72, 'Hotel Jyothi', 2496, 3.6, 17.604769, 78.044962);
INSERT INTO hotels (hotel_id, destination_id, name, price_per_night, rating, latitude, longitude) VALUES (694, 72, 'Hotel Vamshi', 4618, 3.5, 17.650991, 78.100029);
INSERT INTO hotels (hotel_id, destination_id, name, price_per_night, rating, latitude, longitude) VALUES (695, 72, 'Hotel Sri Krishna', 2727, 3.5, 17.642703, 78.109322);
INSERT INTO hotels (hotel_id, destination_id, name, price_per_night, rating, latitude, longitude) VALUES (696, 72, 'Hotel Balaji', 3135, 3.7, 17.613047, 78.072565);
INSERT INTO hotels (hotel_id, destination_id, name, price_per_night, rating, latitude, longitude) VALUES (697, 72, 'Hotel Venkateswara', 4069, 4.4, 17.653801, 78.06018);
INSERT INTO hotels (hotel_id, destination_id, name, price_per_night, rating, latitude, longitude) VALUES (698, 72, 'Hotel Sai Ram', 4309, 4.4, 17.619094, 78.085244);
INSERT INTO hotels (hotel_id, destination_id, name, price_per_night, rating, latitude, longitude) VALUES (699, 72, 'Hotel Srinivasa', 2015, 4.1, 17.65895, 78.121683);
INSERT INTO hotels (hotel_id, destination_id, name, price_per_night, rating, latitude, longitude) VALUES (700, 72, 'Hotel Annapurna', 2395, 4.1, 17.646085, 78.097645);
INSERT INTO hotels (hotel_id, destination_id, name, price_per_night, rating, latitude, longitude) VALUES (701, 73, 'Haritha Resort Ananthagiri', 19938, 4.8, 17.332843, 77.908906);
INSERT INTO hotels (hotel_id, destination_id, name, price_per_night, rating, latitude, longitude) VALUES (702, 73, 'Deccan Trails', 3136, 4.1, 17.365438, 77.918434);
INSERT INTO hotels (hotel_id, destination_id, name, price_per_night, rating, latitude, longitude) VALUES (703, 73, 'Hotel R Banquets', 2566, 3.7, 17.297843, 77.86887);
INSERT INTO hotels (hotel_id, destination_id, name, price_per_night, rating, latitude, longitude) VALUES (704, 73, 'Anantha Deluxe Lodge', 4824, 3.6, 17.353071, 77.866207);
INSERT INTO hotels (hotel_id, destination_id, name, price_per_night, rating, latitude, longitude) VALUES (705, 73, 'Hotel Prabhat', 2275, 3.9, 17.352945, 77.890456);
INSERT INTO hotels (hotel_id, destination_id, name, price_per_night, rating, latitude, longitude) VALUES (706, 73, 'Hotel Sri Krishna', 1614, 3.8, 17.302235, 77.922506);
INSERT INTO hotels (hotel_id, destination_id, name, price_per_night, rating, latitude, longitude) VALUES (707, 73, 'Hotel Balaji', 3016, 4.4, 17.295127, 77.897415);
INSERT INTO hotels (hotel_id, destination_id, name, price_per_night, rating, latitude, longitude) VALUES (708, 73, 'Hotel Sai Ram', 4568, 3.8, 17.30757, 77.927355);
INSERT INTO hotels (hotel_id, destination_id, name, price_per_night, rating, latitude, longitude) VALUES (709, 73, 'Hotel Vijaya', 3739, 4.1, 17.357448, 77.871292);
INSERT INTO hotels (hotel_id, destination_id, name, price_per_night, rating, latitude, longitude) VALUES (710, 73, 'Hotel Srinivasa', 2508, 4.3, 17.322272, 77.943568);
INSERT INTO hotels (hotel_id, destination_id, name, price_per_night, rating, latitude, longitude) VALUES (711, 74, 'Hotel NorthInn', 1536, 3.7, 18.884086, 79.485492);
INSERT INTO hotels (hotel_id, destination_id, name, price_per_night, rating, latitude, longitude) VALUES (712, 74, 'Hotel A1', 4414, 3.6, 18.90413, 79.464373);
INSERT INTO hotels (hotel_id, destination_id, name, price_per_night, rating, latitude, longitude) VALUES (713, 74, 'Hotel Ramasudha', 3403, 3.9, 18.849687, 79.427899);
INSERT INTO hotels (hotel_id, destination_id, name, price_per_night, rating, latitude, longitude) VALUES (714, 74, 'Hotel Vaibhav', 3135, 3.5, 18.904384, 79.427116);
INSERT INTO hotels (hotel_id, destination_id, name, price_per_night, rating, latitude, longitude) VALUES (715, 74, 'Hotel Sneha', 4002, 4.5, 18.883809, 79.462327);
INSERT INTO hotels (hotel_id, destination_id, name, price_per_night, rating, latitude, longitude) VALUES (716, 74, 'Hotel Sri Krishna', 2890, 3.6, 18.831153, 79.47312);
INSERT INTO hotels (hotel_id, destination_id, name, price_per_night, rating, latitude, longitude) VALUES (717, 74, 'Hotel Balaji', 4495, 4.2, 18.890614, 79.490142);
INSERT INTO hotels (hotel_id, destination_id, name, price_per_night, rating, latitude, longitude) VALUES (718, 74, 'Hotel Laxmi', 4116, 3.6, 18.906684, 79.506582);
INSERT INTO hotels (hotel_id, destination_id, name, price_per_night, rating, latitude, longitude) VALUES (719, 74, 'Hotel Sai', 3945, 4.0, 18.862638, 79.498793);
INSERT INTO hotels (hotel_id, destination_id, name, price_per_night, rating, latitude, longitude) VALUES (720, 74, 'Hotel Venkateswara', 1734, 4.2, 18.910079, 79.480823);
INSERT INTO hotels (hotel_id, destination_id, name, price_per_night, rating, latitude, longitude) VALUES (721, 75, 'Hotel PMR Grand', 2453, 4.1, 18.749101, 78.87457);
INSERT INTO hotels (hotel_id, destination_id, name, price_per_night, rating, latitude, longitude) VALUES (722, 75, 'Hotel LG Ram', 3176, 3.7, 18.775699, 78.947271);
INSERT INTO hotels (hotel_id, destination_id, name, price_per_night, rating, latitude, longitude) VALUES (723, 75, 'Hotel Swagath', 2717, 3.6, 18.747635, 78.955798);
INSERT INTO hotels (hotel_id, destination_id, name, price_per_night, rating, latitude, longitude) VALUES (724, 75, 'Hotel Annapurna', 3019, 4.4, 18.819232, 78.888302);
INSERT INTO hotels (hotel_id, destination_id, name, price_per_night, rating, latitude, longitude) VALUES (725, 75, 'Hotel Sri Krishna', 4898, 4.5, 18.807804, 78.900863);
INSERT INTO hotels (hotel_id, destination_id, name, price_per_night, rating, latitude, longitude) VALUES (726, 75, 'Hotel Balaji', 4986, 4.0, 18.774019, 78.930458);
INSERT INTO hotels (hotel_id, destination_id, name, price_per_night, rating, latitude, longitude) VALUES (727, 75, 'Hotel Laxmi', 2213, 4.4, 18.750008, 78.911336);
INSERT INTO hotels (hotel_id, destination_id, name, price_per_night, rating, latitude, longitude) VALUES (728, 75, 'Hotel Sai', 2152, 3.9, 18.791433, 78.933688);
INSERT INTO hotels (hotel_id, destination_id, name, price_per_night, rating, latitude, longitude) VALUES (729, 75, 'Hotel Venkateswara', 1955, 3.6, 18.798429, 78.934144);
INSERT INTO hotels (hotel_id, destination_id, name, price_per_night, rating, latitude, longitude) VALUES (730, 75, 'Hotel Srinivasa', 3496, 3.7, 18.77602, 78.909994);
INSERT INTO hotels (hotel_id, destination_id, name, price_per_night, rating, latitude, longitude) VALUES (731, 76, 'Hotel Sitharam Inn', 4980, 4.4, 17.643524, 80.93529);
INSERT INTO hotels (hotel_id, destination_id, name, price_per_night, rating, latitude, longitude) VALUES (732, 76, 'Haritha Hotel Bhadrachalam', 2184, 4.5, 17.627284, 80.928803);
INSERT INTO hotels (hotel_id, destination_id, name, price_per_night, rating, latitude, longitude) VALUES (733, 76, 'Hotel Bhadrachalam', 4433, 4.4, 17.70612, 80.871369);
INSERT INTO hotels (hotel_id, destination_id, name, price_per_night, rating, latitude, longitude) VALUES (734, 76, 'Hotel Geethanjali', 3182, 4.5, 17.670479, 80.905246);
INSERT INTO hotels (hotel_id, destination_id, name, price_per_night, rating, latitude, longitude) VALUES (735, 76, 'Hotel Godavari', 3049, 3.8, 17.713025, 80.911323);
INSERT INTO hotels (hotel_id, destination_id, name, price_per_night, rating, latitude, longitude) VALUES (736, 76, 'Hotel Sri Ram', 4830, 4.4, 17.62749, 80.873887);
INSERT INTO hotels (hotel_id, destination_id, name, price_per_night, rating, latitude, longitude) VALUES (737, 76, 'Hotel Balaji', 4283, 3.6, 17.658907, 80.858208);
INSERT INTO hotels (hotel_id, destination_id, name, price_per_night, rating, latitude, longitude) VALUES (738, 76, 'Hotel Laxmi', 1872, 3.8, 17.640331, 80.890333);
INSERT INTO hotels (hotel_id, destination_id, name, price_per_night, rating, latitude, longitude) VALUES (739, 76, 'Hotel Sai', 4245, 3.7, 17.647334, 80.881031);
INSERT INTO hotels (hotel_id, destination_id, name, price_per_night, rating, latitude, longitude) VALUES (740, 76, 'Hotel Venkateswara', 2239, 4.5, 17.686235, 80.896849);
INSERT INTO hotels (hotel_id, destination_id, name, price_per_night, rating, latitude, longitude) VALUES (741, 77, 'Hotel Haritha Siddipet', 2428, 3.9, 18.11105, 78.831386);
INSERT INTO hotels (hotel_id, destination_id, name, price_per_night, rating, latitude, longitude) VALUES (742, 77, 'Hotel Swarna Palace', 4456, 4.4, 18.130828, 78.892482);
INSERT INTO hotels (hotel_id, destination_id, name, price_per_night, rating, latitude, longitude) VALUES (743, 77, 'Hotel Srinivasa', 1755, 4.1, 18.139526, 78.814447);
INSERT INTO hotels (hotel_id, destination_id, name, price_per_night, rating, latitude, longitude) VALUES (744, 77, 'Hotel Balaji', 2297, 4.4, 18.06087, 78.809373);
INSERT INTO hotels (hotel_id, destination_id, name, price_per_night, rating, latitude, longitude) VALUES (745, 77, 'Hotel Laxmi', 3324, 4.3, 18.100033, 78.895676);
INSERT INTO hotels (hotel_id, destination_id, name, price_per_night, rating, latitude, longitude) VALUES (746, 77, 'Hotel Sai', 3302, 4.1, 18.09108, 78.894292);
INSERT INTO hotels (hotel_id, destination_id, name, price_per_night, rating, latitude, longitude) VALUES (747, 77, 'Hotel Venkateswara', 4342, 4.1, 18.062516, 78.810314);
INSERT INTO hotels (hotel_id, destination_id, name, price_per_night, rating, latitude, longitude) VALUES (748, 77, 'Hotel Sri Krishna', 2010, 3.8, 18.061874, 78.884825);
INSERT INTO hotels (hotel_id, destination_id, name, price_per_night, rating, latitude, longitude) VALUES (749, 77, 'Hotel Annapurna', 3500, 4.0, 18.124292, 78.889185);
INSERT INTO hotels (hotel_id, destination_id, name, price_per_night, rating, latitude, longitude) VALUES (750, 77, 'Hotel Vijaya', 4594, 4.3, 18.141829, 78.883468);
INSERT INTO hotels (hotel_id, destination_id, name, price_per_night, rating, latitude, longitude) VALUES (751, 78, 'Hotel Haritha Yadadri', 2668, 3.7, 17.492454, 78.92363);
INSERT INTO hotels (hotel_id, destination_id, name, price_per_night, rating, latitude, longitude) VALUES (752, 78, 'Hotel Yadadri', 2184, 4.1, 17.494578, 78.961453);
INSERT INTO hotels (hotel_id, destination_id, name, price_per_night, rating, latitude, longitude) VALUES (753, 78, 'Hotel Sri Lakshmi Narasimha', 3323, 3.5, 17.498181, 78.902997);
INSERT INTO hotels (hotel_id, destination_id, name, price_per_night, rating, latitude, longitude) VALUES (754, 78, 'Hotel Punnami', 1749, 4.0, 17.543509, 78.947815);
INSERT INTO hotels (hotel_id, destination_id, name, price_per_night, rating, latitude, longitude) VALUES (755, 78, 'Hotel Balaji', 1767, 4.3, 17.561118, 78.908957);
INSERT INTO hotels (hotel_id, destination_id, name, price_per_night, rating, latitude, longitude) VALUES (756, 78, 'Hotel Laxmi', 2262, 3.9, 17.486061, 78.90359);
INSERT INTO hotels (hotel_id, destination_id, name, price_per_night, rating, latitude, longitude) VALUES (757, 78, 'Hotel Sai', 4778, 4.3, 17.531543, 78.973454);
INSERT INTO hotels (hotel_id, destination_id, name, price_per_night, rating, latitude, longitude) VALUES (758, 78, 'Hotel Venkateswara', 3650, 3.6, 17.475309, 78.932553);
INSERT INTO hotels (hotel_id, destination_id, name, price_per_night, rating, latitude, longitude) VALUES (759, 78, 'Hotel Sri Krishna', 3645, 4.1, 17.523933, 78.90919);
INSERT INTO hotels (hotel_id, destination_id, name, price_per_night, rating, latitude, longitude) VALUES (760, 78, 'Hotel Annapurna', 3517, 3.8, 17.520259, 78.971529);
INSERT INTO hotels (hotel_id, destination_id, name, price_per_night, rating, latitude, longitude) VALUES (761, 79, 'Hotel Geethanjali', 2519, 3.8, 17.553824, 80.637788);
INSERT INTO hotels (hotel_id, destination_id, name, price_per_night, rating, latitude, longitude) VALUES (762, 79, 'Hotel Sitara', 2296, 3.6, 17.590093, 80.61929);
INSERT INTO hotels (hotel_id, destination_id, name, price_per_night, rating, latitude, longitude) VALUES (763, 79, 'Hotel Prameela', 3375, 4.0, 17.594903, 80.619336);
INSERT INTO hotels (hotel_id, destination_id, name, price_per_night, rating, latitude, longitude) VALUES (764, 79, 'Hotel Vamshee', 1704, 3.7, 17.558868, 80.605741);
INSERT INTO hotels (hotel_id, destination_id, name, price_per_night, rating, latitude, longitude) VALUES (765, 79, 'Hotel Sri Krishna', 3658, 3.6, 17.518224, 80.588671);
INSERT INTO hotels (hotel_id, destination_id, name, price_per_night, rating, latitude, longitude) VALUES (766, 79, 'Hotel Balaji', 4945, 4.2, 17.522906, 80.637685);
INSERT INTO hotels (hotel_id, destination_id, name, price_per_night, rating, latitude, longitude) VALUES (767, 79, 'Hotel Laxmi', 1780, 4.4, 17.549357, 80.63508);
INSERT INTO hotels (hotel_id, destination_id, name, price_per_night, rating, latitude, longitude) VALUES (768, 79, 'Hotel Sai', 3469, 4.1, 17.526846, 80.648961);
INSERT INTO hotels (hotel_id, destination_id, name, price_per_night, rating, latitude, longitude) VALUES (769, 79, 'Hotel Venkateswara', 2989, 3.8, 17.522631, 80.582983);
INSERT INTO hotels (hotel_id, destination_id, name, price_per_night, rating, latitude, longitude) VALUES (770, 79, 'Hotel Srinivasa', 4192, 4.0, 17.52527, 80.607784);
INSERT INTO hotels (hotel_id, destination_id, name, price_per_night, rating, latitude, longitude) VALUES (771, 80, 'Honey Berg Resort', 22124, 4.7, 17.593006, 78.479703);
INSERT INTO hotels (hotel_id, destination_id, name, price_per_night, rating, latitude, longitude) VALUES (772, 80, 'Aalankrita Resort', 18453, 4.5, 17.663322, 78.519279);
INSERT INTO hotels (hotel_id, destination_id, name, price_per_night, rating, latitude, longitude) VALUES (773, 80, 'Leonia Holistic Destination', 1836, 3.8, 17.657258, 78.503743);
INSERT INTO hotels (hotel_id, destination_id, name, price_per_night, rating, latitude, longitude) VALUES (774, 80, 'Celebrity Resort', 8302, 4.7, 17.628307, 78.492043);
INSERT INTO hotels (hotel_id, destination_id, name, price_per_night, rating, latitude, longitude) VALUES (775, 80, 'Summer Green Resort', 16150, 4.8, 17.649546, 78.442011);
INSERT INTO hotels (hotel_id, destination_id, name, price_per_night, rating, latitude, longitude) VALUES (776, 80, 'Hotel Sri Krishna', 4246, 3.8, 17.648901, 78.516969);
INSERT INTO hotels (hotel_id, destination_id, name, price_per_night, rating, latitude, longitude) VALUES (777, 80, 'Hotel Balaji', 4297, 4.2, 17.587442, 78.514449);
INSERT INTO hotels (hotel_id, destination_id, name, price_per_night, rating, latitude, longitude) VALUES (778, 80, 'Hotel Laxmi', 4353, 4.0, 17.606522, 78.460632);
INSERT INTO hotels (hotel_id, destination_id, name, price_per_night, rating, latitude, longitude) VALUES (779, 80, 'Hotel Sai', 1984, 3.7, 17.635457, 78.512064);
INSERT INTO hotels (hotel_id, destination_id, name, price_per_night, rating, latitude, longitude) VALUES (780, 80, 'Hotel Venkateswara', 3633, 3.8, 17.595479, 78.516547);
INSERT INTO hotels (hotel_id, destination_id, name, price_per_night, rating, latitude, longitude) VALUES (781, 81, 'Hotel Asifabad', 4783, 4.0, 19.351959, 79.287394);
INSERT INTO hotels (hotel_id, destination_id, name, price_per_night, rating, latitude, longitude) VALUES (782, 81, 'Hotel Kumram Bheem', 2669, 3.6, 19.36834, 79.281816);
INSERT INTO hotels (hotel_id, destination_id, name, price_per_night, rating, latitude, longitude) VALUES (783, 81, 'Hotel Haritha', 4940, 4.1, 19.35409, 79.25937);
INSERT INTO hotels (hotel_id, destination_id, name, price_per_night, rating, latitude, longitude) VALUES (784, 81, 'Hotel Sri Krishna', 4239, 4.1, 19.37137, 79.261049);
INSERT INTO hotels (hotel_id, destination_id, name, price_per_night, rating, latitude, longitude) VALUES (785, 81, 'Hotel Balaji', 2376, 3.8, 19.404032, 79.229678);
INSERT INTO hotels (hotel_id, destination_id, name, price_per_night, rating, latitude, longitude) VALUES (786, 81, 'Hotel Laxmi', 3824, 3.7, 19.342136, 79.243461);
INSERT INTO hotels (hotel_id, destination_id, name, price_per_night, rating, latitude, longitude) VALUES (787, 81, 'Hotel Sai', 4390, 3.6, 19.392528, 79.234009);
INSERT INTO hotels (hotel_id, destination_id, name, price_per_night, rating, latitude, longitude) VALUES (788, 81, 'Hotel Venkateswara', 2660, 3.6, 19.367206, 79.265936);
INSERT INTO hotels (hotel_id, destination_id, name, price_per_night, rating, latitude, longitude) VALUES (789, 81, 'Hotel Srinivasa', 4095, 4.5, 19.400695, 79.28084);
INSERT INTO hotels (hotel_id, destination_id, name, price_per_night, rating, latitude, longitude) VALUES (790, 81, 'Hotel Annapurna', 1574, 4.4, 19.393536, 79.252211);
INSERT INTO hotels (hotel_id, destination_id, name, price_per_night, rating, latitude, longitude) VALUES (791, 82, 'Hotel Narayanpet', 4051, 4.2, 16.773578, 77.518061);
INSERT INTO hotels (hotel_id, destination_id, name, price_per_night, rating, latitude, longitude) VALUES (792, 82, 'Hotel Sri Krishna', 4262, 4.1, 16.724898, 77.522654);
INSERT INTO hotels (hotel_id, destination_id, name, price_per_night, rating, latitude, longitude) VALUES (793, 82, 'Hotel Balaji', 3873, 4.5, 16.763686, 77.471356);
INSERT INTO hotels (hotel_id, destination_id, name, price_per_night, rating, latitude, longitude) VALUES (794, 82, 'Hotel Laxmi', 2031, 3.7, 16.710035, 77.508356);
INSERT INTO hotels (hotel_id, destination_id, name, price_per_night, rating, latitude, longitude) VALUES (795, 82, 'Hotel Sai', 1819, 3.6, 16.745249, 77.537281);
INSERT INTO hotels (hotel_id, destination_id, name, price_per_night, rating, latitude, longitude) VALUES (796, 82, 'Hotel Venkateswara', 4392, 4.0, 16.704364, 77.483694);
INSERT INTO hotels (hotel_id, destination_id, name, price_per_night, rating, latitude, longitude) VALUES (797, 82, 'Hotel Srinivasa', 1509, 4.0, 16.749103, 77.471556);
INSERT INTO hotels (hotel_id, destination_id, name, price_per_night, rating, latitude, longitude) VALUES (798, 82, 'Hotel Annapurna', 2691, 4.3, 16.722618, 77.514735);
INSERT INTO hotels (hotel_id, destination_id, name, price_per_night, rating, latitude, longitude) VALUES (799, 82, 'Hotel Vijaya', 4332, 3.6, 16.742285, 77.507949);
INSERT INTO hotels (hotel_id, destination_id, name, price_per_night, rating, latitude, longitude) VALUES (800, 82, 'Hotel Sri Ram', 4990, 3.8, 16.783358, 77.528156);

-- Insert Tamil Nadu places
INSERT INTO places (place_id, destination_id, travel_type_id, name, latitude, longitude, entry_fee, avg_visit_time) VALUES (401, 43, 3, 'Marina Beach', 13.0418, 80.285, 0, 90);
INSERT INTO places (place_id, destination_id, travel_type_id, name, latitude, longitude, entry_fee, avg_visit_time) VALUES (402, 43, 3, 'Besant Nagar Beach', 12.9996, 80.2721, 0, 60);
INSERT INTO places (place_id, destination_id, travel_type_id, name, latitude, longitude, entry_fee, avg_visit_time) VALUES (403, 43, 4, 'Kapaleeshwarar Temple', 13.0334, 80.2696, 0, 45);
INSERT INTO places (place_id, destination_id, travel_type_id, name, latitude, longitude, entry_fee, avg_visit_time) VALUES (404, 43, 4, 'Fort St George', 13.0797, 80.2872, 50, 60);
INSERT INTO places (place_id, destination_id, travel_type_id, name, latitude, longitude, entry_fee, avg_visit_time) VALUES (405, 43, 5, 'T Nagar Shopping', 13.0401, 80.2337, 0, 120);
INSERT INTO places (place_id, destination_id, travel_type_id, name, latitude, longitude, entry_fee, avg_visit_time) VALUES (406, 43, 5, 'Nungambakkam Pubs', 13.0612, 80.2458, 0, 120);
INSERT INTO places (place_id, destination_id, travel_type_id, name, latitude, longitude, entry_fee, avg_visit_time) VALUES (407, 43, 4, 'Government Museum', 13.0732, 80.2608, 15, 60);
INSERT INTO places (place_id, destination_id, travel_type_id, name, latitude, longitude, entry_fee, avg_visit_time) VALUES (408, 43, 1, 'Guindy National Park', 13.0064, 80.2206, 20, 90);
INSERT INTO places (place_id, destination_id, travel_type_id, name, latitude, longitude, entry_fee, avg_visit_time) VALUES (409, 43, 3, 'Elliots Beach', 13.0001, 80.2745, 0, 60);
INSERT INTO places (place_id, destination_id, travel_type_id, name, latitude, longitude, entry_fee, avg_visit_time) VALUES (410, 43, 5, 'OMR Night Cafes', 12.9234, 80.2312, 0, 90);
INSERT INTO places (place_id, destination_id, travel_type_id, name, latitude, longitude, entry_fee, avg_visit_time) VALUES (411, 44, 1, 'VOC Park', 11.0006, 76.9744, 0, 60);
INSERT INTO places (place_id, destination_id, travel_type_id, name, latitude, longitude, entry_fee, avg_visit_time) VALUES (412, 44, 1, 'Perur Lake', 10.9902, 76.915, 0, 45);
INSERT INTO places (place_id, destination_id, travel_type_id, name, latitude, longitude, entry_fee, avg_visit_time) VALUES (413, 44, 4, 'Perur Temple', 10.9908, 76.9135, 0, 60);
INSERT INTO places (place_id, destination_id, travel_type_id, name, latitude, longitude, entry_fee, avg_visit_time) VALUES (414, 44, 2, 'Velliangiri Hills Trek', 10.9793, 76.6896, 0, 240);
INSERT INTO places (place_id, destination_id, travel_type_id, name, latitude, longitude, entry_fee, avg_visit_time) VALUES (415, 44, 5, 'RS Puram Cafes', 11.0116, 76.9507, 0, 90);
INSERT INTO places (place_id, destination_id, travel_type_id, name, latitude, longitude, entry_fee, avg_visit_time) VALUES (416, 44, 1, 'Siruvani Dam', 10.9412, 76.6784, 0, 120);
INSERT INTO places (place_id, destination_id, travel_type_id, name, latitude, longitude, entry_fee, avg_visit_time) VALUES (417, 44, 4, 'GD Naidu Museum', 11.0051, 76.979, 30, 60);
INSERT INTO places (place_id, destination_id, travel_type_id, name, latitude, longitude, entry_fee, avg_visit_time) VALUES (418, 44, 2, 'Dhyanalinga Visit', 10.9774, 76.683, 0, 60);
INSERT INTO places (place_id, destination_id, travel_type_id, name, latitude, longitude, entry_fee, avg_visit_time) VALUES (419, 44, 1, 'Aliyar View Point', 10.4851, 76.9772, 0, 90);
INSERT INTO places (place_id, destination_id, travel_type_id, name, latitude, longitude, entry_fee, avg_visit_time) VALUES (420, 44, 5, 'Brookefields Mall', 11.008, 76.9602, 0, 120);
INSERT INTO places (place_id, destination_id, travel_type_id, name, latitude, longitude, entry_fee, avg_visit_time) VALUES (421, 45, 4, 'Meenakshi Amman Temple', 9.9195, 78.1194, 0, 120);
INSERT INTO places (place_id, destination_id, travel_type_id, name, latitude, longitude, entry_fee, avg_visit_time) VALUES (422, 45, 4, 'Thirumalai Nayakkar Palace', 9.915, 78.1228, 50, 60);
INSERT INTO places (place_id, destination_id, travel_type_id, name, latitude, longitude, entry_fee, avg_visit_time) VALUES (423, 45, 1, 'Vaigai River Walk', 9.9254, 78.1287, 0, 45);
INSERT INTO places (place_id, destination_id, travel_type_id, name, latitude, longitude, entry_fee, avg_visit_time) VALUES (424, 45, 4, 'Gandhi Museum', 9.9298, 78.1408, 20, 60);
INSERT INTO places (place_id, destination_id, travel_type_id, name, latitude, longitude, entry_fee, avg_visit_time) VALUES (425, 45, 5, 'Town Hall Road Cafes', 9.918, 78.115, 0, 90);
INSERT INTO places (place_id, destination_id, travel_type_id, name, latitude, longitude, entry_fee, avg_visit_time) VALUES (426, 45, 4, 'Koodal Azhagar Temple', 9.9159, 78.1141, 0, 45);
INSERT INTO places (place_id, destination_id, travel_type_id, name, latitude, longitude, entry_fee, avg_visit_time) VALUES (427, 45, 1, 'Samanar Hills', 9.9248, 78.0264, 0, 90);
INSERT INTO places (place_id, destination_id, travel_type_id, name, latitude, longitude, entry_fee, avg_visit_time) VALUES (428, 45, 2, 'Yanaimalai Trek', 9.9602, 78.1887, 0, 120);
INSERT INTO places (place_id, destination_id, travel_type_id, name, latitude, longitude, entry_fee, avg_visit_time) VALUES (429, 45, 5, 'Local Night Food Street', 9.9214, 78.1215, 0, 90);
INSERT INTO places (place_id, destination_id, travel_type_id, name, latitude, longitude, entry_fee, avg_visit_time) VALUES (430, 45, 4, 'Alagar Kovil', 10.0739, 78.2132, 0, 60);
INSERT INTO places (place_id, destination_id, travel_type_id, name, latitude, longitude, entry_fee, avg_visit_time) VALUES (431, 46, 1, 'Botanical Garden', 11.419, 76.7118, 30, 90);
INSERT INTO places (place_id, destination_id, travel_type_id, name, latitude, longitude, entry_fee, avg_visit_time) VALUES (432, 46, 1, 'Ooty Lake', 11.41, 76.69, 20, 60);
INSERT INTO places (place_id, destination_id, travel_type_id, name, latitude, longitude, entry_fee, avg_visit_time) VALUES (433, 46, 2, 'Doddabetta Peak', 11.401, 76.735, 10, 90);
INSERT INTO places (place_id, destination_id, travel_type_id, name, latitude, longitude, entry_fee, avg_visit_time) VALUES (434, 46, 1, 'Rose Garden', 11.4111, 76.715, 30, 60);
INSERT INTO places (place_id, destination_id, travel_type_id, name, latitude, longitude, entry_fee, avg_visit_time) VALUES (435, 46, 1, 'Pine Forest', 11.4505, 76.6711, 0, 60);
INSERT INTO places (place_id, destination_id, travel_type_id, name, latitude, longitude, entry_fee, avg_visit_time) VALUES (436, 46, 1, 'Wenlock Downs', 11.4421, 76.645, 0, 60);
INSERT INTO places (place_id, destination_id, travel_type_id, name, latitude, longitude, entry_fee, avg_visit_time) VALUES (437, 46, 2, 'Avalanche Lake', 11.298, 76.611, 0, 120);
INSERT INTO places (place_id, destination_id, travel_type_id, name, latitude, longitude, entry_fee, avg_visit_time) VALUES (438, 46, 1, 'Emerald Lake', 11.3325, 76.6189, 0, 90);
INSERT INTO places (place_id, destination_id, travel_type_id, name, latitude, longitude, entry_fee, avg_visit_time) VALUES (439, 46, 4, 'Tea Museum', 11.408, 76.732, 30, 45);
INSERT INTO places (place_id, destination_id, travel_type_id, name, latitude, longitude, entry_fee, avg_visit_time) VALUES (440, 46, 1, 'Shooting Point', 11.455, 76.665, 0, 45);
INSERT INTO places (place_id, destination_id, travel_type_id, name, latitude, longitude, entry_fee, avg_visit_time) VALUES (441, 47, 1, 'Kodaikanal Lake', 10.2348, 77.4877, 0, 90);
INSERT INTO places (place_id, destination_id, travel_type_id, name, latitude, longitude, entry_fee, avg_visit_time) VALUES (442, 47, 1, 'Coakers Walk', 10.2324, 77.4951, 0, 45);
INSERT INTO places (place_id, destination_id, travel_type_id, name, latitude, longitude, entry_fee, avg_visit_time) VALUES (443, 47, 1, 'Pillar Rocks', 10.2058, 77.4784, 0, 60);
INSERT INTO places (place_id, destination_id, travel_type_id, name, latitude, longitude, entry_fee, avg_visit_time) VALUES (444, 47, 2, 'Dolphins Nose', 10.2155, 77.5028, 0, 120);
INSERT INTO places (place_id, destination_id, travel_type_id, name, latitude, longitude, entry_fee, avg_visit_time) VALUES (445, 47, 1, 'Pine Forest', 10.2195, 77.4715, 0, 60);
INSERT INTO places (place_id, destination_id, travel_type_id, name, latitude, longitude, entry_fee, avg_visit_time) VALUES (446, 47, 1, 'Bryant Park', 10.2325, 77.4935, 30, 60);
INSERT INTO places (place_id, destination_id, travel_type_id, name, latitude, longitude, entry_fee, avg_visit_time) VALUES (447, 47, 1, 'Bear Shola Falls', 10.2435, 77.483, 0, 60);
INSERT INTO places (place_id, destination_id, travel_type_id, name, latitude, longitude, entry_fee, avg_visit_time) VALUES (448, 47, 1, 'Silver Cascade', 10.2482, 77.5115, 0, 45);
INSERT INTO places (place_id, destination_id, travel_type_id, name, latitude, longitude, entry_fee, avg_visit_time) VALUES (449, 47, 2, 'Guna Caves', 10.2154, 77.4832, 0, 45);
INSERT INTO places (place_id, destination_id, travel_type_id, name, latitude, longitude, entry_fee, avg_visit_time) VALUES (450, 47, 4, 'Solar Observatory', 10.2321, 77.4682, 20, 45);
INSERT INTO places (place_id, destination_id, travel_type_id, name, latitude, longitude, entry_fee, avg_visit_time) VALUES (451, 48, 4, 'Ramanathaswamy Temple', 9.2881, 79.3174, 0, 120);
INSERT INTO places (place_id, destination_id, travel_type_id, name, latitude, longitude, entry_fee, avg_visit_time) VALUES (452, 48, 3, 'Agni Theertham', 9.2875, 79.3214, 0, 45);
INSERT INTO places (place_id, destination_id, travel_type_id, name, latitude, longitude, entry_fee, avg_visit_time) VALUES (453, 48, 3, 'Dhanushkodi Beach', 9.1504, 79.4447, 0, 120);
INSERT INTO places (place_id, destination_id, travel_type_id, name, latitude, longitude, entry_fee, avg_visit_time) VALUES (454, 48, 4, 'APJ Abdul Kalam Memorial', 9.2785, 79.2965, 20, 60);
INSERT INTO places (place_id, destination_id, travel_type_id, name, latitude, longitude, entry_fee, avg_visit_time) VALUES (455, 48, 4, 'Pamban Bridge', 9.2804, 79.2227, 0, 30);
INSERT INTO places (place_id, destination_id, travel_type_id, name, latitude, longitude, entry_fee, avg_visit_time) VALUES (456, 48, 4, 'Lakshmana Theertham', 9.2814, 79.3082, 0, 45);
INSERT INTO places (place_id, destination_id, travel_type_id, name, latitude, longitude, entry_fee, avg_visit_time) VALUES (457, 48, 3, 'Ariyaman Beach', 9.3105, 79.1354, 0, 60);
INSERT INTO places (place_id, destination_id, travel_type_id, name, latitude, longitude, entry_fee, avg_visit_time) VALUES (458, 48, 4, 'Floating Stone Site', 9.2905, 79.315, 0, 30);
INSERT INTO places (place_id, destination_id, travel_type_id, name, latitude, longitude, entry_fee, avg_visit_time) VALUES (459, 48, 2, 'Kurusadai Island', 9.2435, 79.2084, 0, 180);
INSERT INTO places (place_id, destination_id, travel_type_id, name, latitude, longitude, entry_fee, avg_visit_time) VALUES (460, 48, 5, 'Local Market Walk', 9.2854, 79.3142, 0, 60);
INSERT INTO places (place_id, destination_id, travel_type_id, name, latitude, longitude, entry_fee, avg_visit_time) VALUES (461, 49, 4, 'Vivekananda Rock Memorial', 8.0781, 77.5555, 50, 60);
INSERT INTO places (place_id, destination_id, travel_type_id, name, latitude, longitude, entry_fee, avg_visit_time) VALUES (462, 49, 4, 'Thiruvalluvar Statue', 8.0778, 77.5568, 50, 45);
INSERT INTO places (place_id, destination_id, travel_type_id, name, latitude, longitude, entry_fee, avg_visit_time) VALUES (463, 49, 3, 'Kanyakumari Beach', 8.0792, 77.5539, 0, 60);
INSERT INTO places (place_id, destination_id, travel_type_id, name, latitude, longitude, entry_fee, avg_visit_time) VALUES (464, 49, 1, 'Sunset Point', 8.0884, 77.5385, 0, 45);
INSERT INTO places (place_id, destination_id, travel_type_id, name, latitude, longitude, entry_fee, avg_visit_time) VALUES (465, 49, 1, 'Sunrise View Point', 8.0768, 77.555, 0, 45);
INSERT INTO places (place_id, destination_id, travel_type_id, name, latitude, longitude, entry_fee, avg_visit_time) VALUES (466, 49, 4, 'Gandhi Memorial', 8.0814, 77.5542, 20, 45);
INSERT INTO places (place_id, destination_id, travel_type_id, name, latitude, longitude, entry_fee, avg_visit_time) VALUES (467, 49, 4, 'Wax Museum', 8.0932, 77.545, 50, 45);
INSERT INTO places (place_id, destination_id, travel_type_id, name, latitude, longitude, entry_fee, avg_visit_time) VALUES (468, 49, 4, 'Vattakottai Fort', 8.1258, 77.5684, 20, 60);
INSERT INTO places (place_id, destination_id, travel_type_id, name, latitude, longitude, entry_fee, avg_visit_time) VALUES (469, 49, 5, 'Baywatch Park', 8.0945, 77.5392, 50, 60);
INSERT INTO places (place_id, destination_id, travel_type_id, name, latitude, longitude, entry_fee, avg_visit_time) VALUES (470, 49, 4, 'Triveni Sangam', 8.0775, 77.5552, 0, 30);
INSERT INTO places (place_id, destination_id, travel_type_id, name, latitude, longitude, entry_fee, avg_visit_time) VALUES (471, 50, 4, 'Brihadeeswarar Temple', 10.7828, 79.1318, 0, 120);
INSERT INTO places (place_id, destination_id, travel_type_id, name, latitude, longitude, entry_fee, avg_visit_time) VALUES (472, 50, 4, 'Thanjavur Palace', 10.7925, 79.1364, 50, 60);
INSERT INTO places (place_id, destination_id, travel_type_id, name, latitude, longitude, entry_fee, avg_visit_time) VALUES (473, 50, 4, 'Saraswathi Mahal Library', 10.7928, 79.1368, 30, 45);
INSERT INTO places (place_id, destination_id, travel_type_id, name, latitude, longitude, entry_fee, avg_visit_time) VALUES (474, 50, 4, 'Art Gallery', 10.793, 79.1362, 20, 45);
INSERT INTO places (place_id, destination_id, travel_type_id, name, latitude, longitude, entry_fee, avg_visit_time) VALUES (475, 50, 1, 'Sivaganga Park', 10.785, 79.1325, 0, 45);
INSERT INTO places (place_id, destination_id, travel_type_id, name, latitude, longitude, entry_fee, avg_visit_time) VALUES (476, 50, 4, 'Schwartz Church', 10.7875, 79.134, 0, 30);
INSERT INTO places (place_id, destination_id, travel_type_id, name, latitude, longitude, entry_fee, avg_visit_time) VALUES (477, 50, 1, 'Grand Anaicut', 10.8404, 78.8132, 0, 60);
INSERT INTO places (place_id, destination_id, travel_type_id, name, latitude, longitude, entry_fee, avg_visit_time) VALUES (478, 50, 5, 'Evening Street Food', 10.7892, 79.1375, 0, 60);
INSERT INTO places (place_id, destination_id, travel_type_id, name, latitude, longitude, entry_fee, avg_visit_time) VALUES (479, 50, 4, 'Rajarajan Museum', 10.7835, 79.1312, 20, 45);
INSERT INTO places (place_id, destination_id, travel_type_id, name, latitude, longitude, entry_fee, avg_visit_time) VALUES (480, 50, 4, 'Darasuram Temple', 10.9482, 79.3564, 40, 60);
INSERT INTO places (place_id, destination_id, travel_type_id, name, latitude, longitude, entry_fee, avg_visit_time) VALUES (481, 51, 4, 'Rockfort Temple', 10.8294, 78.6974, 0, 90);
INSERT INTO places (place_id, destination_id, travel_type_id, name, latitude, longitude, entry_fee, avg_visit_time) VALUES (482, 51, 4, 'Srirangam Temple', 10.8624, 78.6902, 0, 120);
INSERT INTO places (place_id, destination_id, travel_type_id, name, latitude, longitude, entry_fee, avg_visit_time) VALUES (483, 51, 4, 'Jambukeswarar Temple', 10.8524, 78.7058, 0, 60);
INSERT INTO places (place_id, destination_id, travel_type_id, name, latitude, longitude, entry_fee, avg_visit_time) VALUES (484, 51, 4, 'St Johns Church', 10.7984, 78.6924, 0, 30);
INSERT INTO places (place_id, destination_id, travel_type_id, name, latitude, longitude, entry_fee, avg_visit_time) VALUES (485, 51, 1, 'Kallanai Dam', 10.8324, 78.8185, 0, 60);
INSERT INTO places (place_id, destination_id, travel_type_id, name, latitude, longitude, entry_fee, avg_visit_time) VALUES (486, 51, 4, 'Government Museum', 10.7925, 78.6884, 20, 45);
INSERT INTO places (place_id, destination_id, travel_type_id, name, latitude, longitude, entry_fee, avg_visit_time) VALUES (487, 51, 5, 'Chathiram Bus Stand Food', 10.8284, 78.6932, 0, 60);
INSERT INTO places (place_id, destination_id, travel_type_id, name, latitude, longitude, entry_fee, avg_visit_time) VALUES (488, 51, 4, 'Uyyakondan Canal', 10.8052, 78.6854, 0, 45);
INSERT INTO places (place_id, destination_id, travel_type_id, name, latitude, longitude, entry_fee, avg_visit_time) VALUES (489, 51, 4, 'Puliancholai', 11.2384, 78.4124, 0, 90);
INSERT INTO places (place_id, destination_id, travel_type_id, name, latitude, longitude, entry_fee, avg_visit_time) VALUES (490, 51, 5, 'Local Night Shopping', 10.8124, 78.6952, 0, 60);
INSERT INTO places (place_id, destination_id, travel_type_id, name, latitude, longitude, entry_fee, avg_visit_time) VALUES (491, 52, 1, 'Yercaud Lake View', 11.7794, 78.2034, 0, 60);
INSERT INTO places (place_id, destination_id, travel_type_id, name, latitude, longitude, entry_fee, avg_visit_time) VALUES (492, 52, 1, 'Pagoda Point', 11.7824, 78.225, 0, 45);
INSERT INTO places (place_id, destination_id, travel_type_id, name, latitude, longitude, entry_fee, avg_visit_time) VALUES (493, 52, 2, 'Kiliyur Falls Trek', 11.7912, 78.2008, 0, 120);
INSERT INTO places (place_id, destination_id, travel_type_id, name, latitude, longitude, entry_fee, avg_visit_time) VALUES (494, 52, 4, 'Salem Fort', 11.6584, 78.1524, 0, 45);
INSERT INTO places (place_id, destination_id, travel_type_id, name, latitude, longitude, entry_fee, avg_visit_time) VALUES (495, 52, 1, 'Deer Park', 11.7774, 78.2052, 0, 45);
INSERT INTO places (place_id, destination_id, travel_type_id, name, latitude, longitude, entry_fee, avg_visit_time) VALUES (496, 52, 1, 'Anna Park', 11.7785, 78.2084, 0, 45);
INSERT INTO places (place_id, destination_id, travel_type_id, name, latitude, longitude, entry_fee, avg_visit_time) VALUES (497, 52, 4, '1008 Lingam Temple', 11.6054, 78.1024, 0, 60);
INSERT INTO places (place_id, destination_id, travel_type_id, name, latitude, longitude, entry_fee, avg_visit_time) VALUES (498, 52, 5, 'Five Roads Cafes', 11.6784, 78.1352, 0, 90);
INSERT INTO places (place_id, destination_id, travel_type_id, name, latitude, longitude, entry_fee, avg_visit_time) VALUES (499, 52, 1, 'Siddhar Temple Hills', 11.6245, 78.1784, 0, 60);
INSERT INTO places (place_id, destination_id, travel_type_id, name, latitude, longitude, entry_fee, avg_visit_time) VALUES (500, 52, 1, 'Shevaroy Hills View', 11.8024, 78.2324, 0, 60);
INSERT INTO places (place_id, destination_id, travel_type_id, name, latitude, longitude, entry_fee, avg_visit_time) VALUES (501, 53, 1, 'Yercaud Lake', 11.7794, 78.2034, 30, 60);
INSERT INTO places (place_id, destination_id, travel_type_id, name, latitude, longitude, entry_fee, avg_visit_time) VALUES (502, 53, 1, 'Lady’s Seat View Point', 11.7745, 78.2078, 0, 45);
INSERT INTO places (place_id, destination_id, travel_type_id, name, latitude, longitude, entry_fee, avg_visit_time) VALUES (503, 53, 1, 'Pagoda Point', 11.7824, 78.225, 0, 45);
INSERT INTO places (place_id, destination_id, travel_type_id, name, latitude, longitude, entry_fee, avg_visit_time) VALUES (504, 53, 2, 'Kiliyur Falls Trek', 11.7912, 78.2008, 0, 120);
INSERT INTO places (place_id, destination_id, travel_type_id, name, latitude, longitude, entry_fee, avg_visit_time) VALUES (505, 53, 1, 'Deer Park', 11.7774, 78.2052, 0, 45);
INSERT INTO places (place_id, destination_id, travel_type_id, name, latitude, longitude, entry_fee, avg_visit_time) VALUES (506, 53, 1, 'Anna Park', 11.7785, 78.2084, 20, 45);
INSERT INTO places (place_id, destination_id, travel_type_id, name, latitude, longitude, entry_fee, avg_visit_time) VALUES (507, 53, 4, 'Shevaroy Temple', 11.8324, 78.2435, 0, 60);
INSERT INTO places (place_id, destination_id, travel_type_id, name, latitude, longitude, entry_fee, avg_visit_time) VALUES (508, 53, 1, 'Rose Garden', 11.7752, 78.2064, 30, 45);
INSERT INTO places (place_id, destination_id, travel_type_id, name, latitude, longitude, entry_fee, avg_visit_time) VALUES (509, 53, 1, 'Orchid Garden', 11.7765, 78.2072, 20, 45);
INSERT INTO places (place_id, destination_id, travel_type_id, name, latitude, longitude, entry_fee, avg_visit_time) VALUES (510, 53, 2, 'Servarayan Hills View', 11.8154, 78.2284, 0, 90);
INSERT INTO places (place_id, destination_id, travel_type_id, name, latitude, longitude, entry_fee, avg_visit_time) VALUES (511, 54, 4, 'Vellore Fort', 12.9242, 79.1352, 20, 90);
INSERT INTO places (place_id, destination_id, travel_type_id, name, latitude, longitude, entry_fee, avg_visit_time) VALUES (512, 54, 4, 'Jalakandeswarar Temple', 12.9238, 79.1362, 0, 60);
INSERT INTO places (place_id, destination_id, travel_type_id, name, latitude, longitude, entry_fee, avg_visit_time) VALUES (513, 54, 4, 'Vellore Govt Museum', 12.9245, 79.1348, 10, 45);
INSERT INTO places (place_id, destination_id, travel_type_id, name, latitude, longitude, entry_fee, avg_visit_time) VALUES (514, 54, 4, 'St Johns Church', 12.9252, 79.1342, 0, 30);
INSERT INTO places (place_id, destination_id, travel_type_id, name, latitude, longitude, entry_fee, avg_visit_time) VALUES (515, 54, 1, 'Yelagiri Hills View', 12.5854, 78.6384, 0, 90);
INSERT INTO places (place_id, destination_id, travel_type_id, name, latitude, longitude, entry_fee, avg_visit_time) VALUES (516, 54, 1, 'Amirthi Zoological Park', 12.7214, 79.0824, 30, 90);
INSERT INTO places (place_id, destination_id, travel_type_id, name, latitude, longitude, entry_fee, avg_visit_time) VALUES (517, 54, 1, 'Palar River Walk', 12.9354, 79.1524, 0, 45);
INSERT INTO places (place_id, destination_id, travel_type_id, name, latitude, longitude, entry_fee, avg_visit_time) VALUES (518, 54, 5, 'Katpadi Night Food', 12.9654, 79.1452, 0, 60);
INSERT INTO places (place_id, destination_id, travel_type_id, name, latitude, longitude, entry_fee, avg_visit_time) VALUES (519, 54, 5, 'Vellore City Cafes', 12.9154, 79.1324, 0, 90);
INSERT INTO places (place_id, destination_id, travel_type_id, name, latitude, longitude, entry_fee, avg_visit_time) VALUES (520, 54, 4, 'Vainu Bappu Observatory', 12.5768, 78.8252, 20, 60);
INSERT INTO places (place_id, destination_id, travel_type_id, name, latitude, longitude, entry_fee, avg_visit_time) VALUES (521, 55, 4, 'Nellaiappar Temple', 8.7284, 77.6887, 0, 120);
INSERT INTO places (place_id, destination_id, travel_type_id, name, latitude, longitude, entry_fee, avg_visit_time) VALUES (522, 55, 4, 'Kanthimathi Amman', 8.7292, 77.6894, 0, 60);
INSERT INTO places (place_id, destination_id, travel_type_id, name, latitude, longitude, entry_fee, avg_visit_time) VALUES (523, 55, 1, 'Manimuthar Dam', 8.6184, 77.4124, 0, 90);
INSERT INTO places (place_id, destination_id, travel_type_id, name, latitude, longitude, entry_fee, avg_visit_time) VALUES (524, 55, 1, 'Manimuthar Falls', 8.6054, 77.3952, 0, 90);
INSERT INTO places (place_id, destination_id, travel_type_id, name, latitude, longitude, entry_fee, avg_visit_time) VALUES (525, 55, 1, 'Agasthiyar Falls', 8.6912, 77.3712, 0, 120);
INSERT INTO places (place_id, destination_id, travel_type_id, name, latitude, longitude, entry_fee, avg_visit_time) VALUES (526, 55, 2, 'Papanasam Trek Route', 8.7054, 77.3614, 0, 150);
INSERT INTO places (place_id, destination_id, travel_type_id, name, latitude, longitude, entry_fee, avg_visit_time) VALUES (527, 55, 4, 'District Science Centre', 8.7212, 77.7124, 20, 60);
INSERT INTO places (place_id, destination_id, travel_type_id, name, latitude, longitude, entry_fee, avg_visit_time) VALUES (528, 55, 4, 'Nellaiappar Temple Street', 8.7275, 77.6882, 0, 45);
INSERT INTO places (place_id, destination_id, travel_type_id, name, latitude, longitude, entry_fee, avg_visit_time) VALUES (529, 55, 1, 'Thamirabarani Walk', 8.7312, 77.7024, 0, 60);
INSERT INTO places (place_id, destination_id, travel_type_id, name, latitude, longitude, entry_fee, avg_visit_time) VALUES (530, 55, 5, 'Local Evening Food', 8.7254, 77.6912, 0, 60);
INSERT INTO places (place_id, destination_id, travel_type_id, name, latitude, longitude, entry_fee, avg_visit_time) VALUES (531, 56, 3, 'Tuticorin Beach', 8.7874, 78.1983, 0, 60);
INSERT INTO places (place_id, destination_id, travel_type_id, name, latitude, longitude, entry_fee, avg_visit_time) VALUES (532, 56, 3, 'Hare Island', 8.7854, 78.2052, 0, 120);
INSERT INTO places (place_id, destination_id, travel_type_id, name, latitude, longitude, entry_fee, avg_visit_time) VALUES (533, 56, 4, 'Our Lady of Snows', 8.7995, 78.1565, 0, 60);
INSERT INTO places (place_id, destination_id, travel_type_id, name, latitude, longitude, entry_fee, avg_visit_time) VALUES (534, 56, 4, 'Tuticorin Port Heritage', 8.7512, 78.1924, 0, 45);
INSERT INTO places (place_id, destination_id, travel_type_id, name, latitude, longitude, entry_fee, avg_visit_time) VALUES (535, 56, 1, 'Pearl Fishing View', 8.8052, 78.2124, 0, 45);
INSERT INTO places (place_id, destination_id, travel_type_id, name, latitude, longitude, entry_fee, avg_visit_time) VALUES (536, 56, 1, 'Therespuram Eco Park', 8.8214, 78.1654, 30, 60);
INSERT INTO places (place_id, destination_id, travel_type_id, name, latitude, longitude, entry_fee, avg_visit_time) VALUES (537, 56, 5, 'Beach Road Cafes', 8.7892, 78.1952, 0, 90);
INSERT INTO places (place_id, destination_id, travel_type_id, name, latitude, longitude, entry_fee, avg_visit_time) VALUES (538, 56, 5, 'Night Seafood Street', 8.7914, 78.1924, 0, 60);
INSERT INTO places (place_id, destination_id, travel_type_id, name, latitude, longitude, entry_fee, avg_visit_time) VALUES (539, 56, 2, 'Kayaking Hare Island', 8.785, 78.206, 0, 120);
INSERT INTO places (place_id, destination_id, travel_type_id, name, latitude, longitude, entry_fee, avg_visit_time) VALUES (540, 56, 4, 'Kalugumalai Jain Beds', 9.1454, 77.7124, 20, 90);
INSERT INTO places (place_id, destination_id, travel_type_id, name, latitude, longitude, entry_fee, avg_visit_time) VALUES (541, 57, 3, 'Nagapattinam Beach', 10.7612, 79.8512, 0, 60);
INSERT INTO places (place_id, destination_id, travel_type_id, name, latitude, longitude, entry_fee, avg_visit_time) VALUES (542, 57, 3, 'Velankanni Beach', 10.6805, 79.8485, 0, 60);
INSERT INTO places (place_id, destination_id, travel_type_id, name, latitude, longitude, entry_fee, avg_visit_time) VALUES (543, 57, 4, 'Velankanni Basilica', 10.6819, 79.8437, 0, 90);
INSERT INTO places (place_id, destination_id, travel_type_id, name, latitude, longitude, entry_fee, avg_visit_time) VALUES (544, 57, 4, 'Soundararajaperumal Temple', 10.7584, 79.8412, 0, 60);
INSERT INTO places (place_id, destination_id, travel_type_id, name, latitude, longitude, entry_fee, avg_visit_time) VALUES (545, 57, 4, 'Danish Fort Tranquebar', 11.0335, 79.8542, 20, 60);
INSERT INTO places (place_id, destination_id, travel_type_id, name, latitude, longitude, entry_fee, avg_visit_time) VALUES (546, 57, 1, 'Point Calimere Sanctuary', 10.2854, 79.8524, 50, 120);
INSERT INTO places (place_id, destination_id, travel_type_id, name, latitude, longitude, entry_fee, avg_visit_time) VALUES (547, 57, 1, 'Kodiakarai Beach View', 10.2754, 79.8584, 0, 45);
INSERT INTO places (place_id, destination_id, travel_type_id, name, latitude, longitude, entry_fee, avg_visit_time) VALUES (548, 57, 4, 'Nagore Dargah', 10.8214, 79.8452, 0, 60);
INSERT INTO places (place_id, destination_id, travel_type_id, name, latitude, longitude, entry_fee, avg_visit_time) VALUES (549, 57, 5, 'Evening Beach Market', 10.7654, 79.8542, 0, 60);
INSERT INTO places (place_id, destination_id, travel_type_id, name, latitude, longitude, entry_fee, avg_visit_time) VALUES (550, 57, 4, 'Tranquebar Heritage Street', 11.0324, 79.8512, 0, 45);
INSERT INTO places (place_id, destination_id, travel_type_id, name, latitude, longitude, entry_fee, avg_visit_time) VALUES (551, 58, 4, 'Adi Kumbeswarar Temple', 10.9583, 79.3711, 0, 60);
INSERT INTO places (place_id, destination_id, travel_type_id, name, latitude, longitude, entry_fee, avg_visit_time) VALUES (552, 58, 4, 'Sarangapani Temple', 10.9592, 79.3752, 0, 60);
INSERT INTO places (place_id, destination_id, travel_type_id, name, latitude, longitude, entry_fee, avg_visit_time) VALUES (553, 58, 4, 'Nageswaran Temple', 10.9575, 79.3792, 0, 45);
INSERT INTO places (place_id, destination_id, travel_type_id, name, latitude, longitude, entry_fee, avg_visit_time) VALUES (554, 58, 4, 'Ramaswamy Temple', 10.9565, 79.3732, 0, 45);
INSERT INTO places (place_id, destination_id, travel_type_id, name, latitude, longitude, entry_fee, avg_visit_time) VALUES (555, 58, 4, 'Chakrapani Temple', 10.9624, 79.3724, 0, 45);
INSERT INTO places (place_id, destination_id, travel_type_id, name, latitude, longitude, entry_fee, avg_visit_time) VALUES (556, 58, 4, 'Darasuram Airavatesvara', 10.9482, 79.3564, 40, 90);
INSERT INTO places (place_id, destination_id, travel_type_id, name, latitude, longitude, entry_fee, avg_visit_time) VALUES (557, 58, 4, 'Mahamaham Tank', 10.9554, 79.3784, 0, 45);
INSERT INTO places (place_id, destination_id, travel_type_id, name, latitude, longitude, entry_fee, avg_visit_time) VALUES (558, 58, 1, 'Uppiliappan Garden', 10.9654, 79.4324, 0, 45);
INSERT INTO places (place_id, destination_id, travel_type_id, name, latitude, longitude, entry_fee, avg_visit_time) VALUES (559, 58, 5, 'Evening Coffee Street', 10.9584, 79.3712, 0, 60);
INSERT INTO places (place_id, destination_id, travel_type_id, name, latitude, longitude, entry_fee, avg_visit_time) VALUES (560, 58, 4, 'Kasi Viswanathar Temple', 10.9545, 79.3794, 0, 45);
INSERT INTO places (place_id, destination_id, travel_type_id, name, latitude, longitude, entry_fee, avg_visit_time) VALUES (561, 59, 1, 'Aliyar Dam', 10.48, 76.974, 0, 90);
INSERT INTO places (place_id, destination_id, travel_type_id, name, latitude, longitude, entry_fee, avg_visit_time) VALUES (562, 59, 1, 'Aliyar View Point', 10.4851, 76.9772, 0, 45);
INSERT INTO places (place_id, destination_id, travel_type_id, name, latitude, longitude, entry_fee, avg_visit_time) VALUES (563, 59, 2, 'Topslip Forest Trek', 10.4554, 76.8432, 0, 180);
INSERT INTO places (place_id, destination_id, travel_type_id, name, latitude, longitude, entry_fee, avg_visit_time) VALUES (564, 59, 1, 'Monkey Falls', 10.4654, 76.9684, 0, 60);
INSERT INTO places (place_id, destination_id, travel_type_id, name, latitude, longitude, entry_fee, avg_visit_time) VALUES (565, 59, 1, 'Anamalai Tiger Reserve', 10.3542, 76.9124, 0, 90);
INSERT INTO places (place_id, destination_id, travel_type_id, name, latitude, longitude, entry_fee, avg_visit_time) VALUES (566, 59, 1, 'Coconut Farm Trails', 10.6584, 77.0124, 0, 60);
INSERT INTO places (place_id, destination_id, travel_type_id, name, latitude, longitude, entry_fee, avg_visit_time) VALUES (567, 59, 2, 'Off-road to Valparai', 10.5542, 76.9524, 0, 120);
INSERT INTO places (place_id, destination_id, travel_type_id, name, latitude, longitude, entry_fee, avg_visit_time) VALUES (568, 59, 1, 'Amaravathi Reservoir', 10.3952, 77.2654, 0, 60);
INSERT INTO places (place_id, destination_id, travel_type_id, name, latitude, longitude, entry_fee, avg_visit_time) VALUES (569, 59, 4, 'Masani Amman Temple', 10.6124, 76.9584, 0, 45);
INSERT INTO places (place_id, destination_id, travel_type_id, name, latitude, longitude, entry_fee, avg_visit_time) VALUES (570, 59, 5, 'Evening Food Area', 10.6624, 77.0084, 0, 60);
INSERT INTO places (place_id, destination_id, travel_type_id, name, latitude, longitude, entry_fee, avg_visit_time) VALUES (571, 60, 1, 'Sholayar Dam View', 10.3154, 76.7584, 0, 90);
INSERT INTO places (place_id, destination_id, travel_type_id, name, latitude, longitude, entry_fee, avg_visit_time) VALUES (572, 60, 1, 'Upper Sholayar Dam', 10.3124, 76.7512, 0, 60);
INSERT INTO places (place_id, destination_id, travel_type_id, name, latitude, longitude, entry_fee, avg_visit_time) VALUES (573, 60, 1, 'Nallamudi View Point', 10.3235, 76.9542, 0, 45);
INSERT INTO places (place_id, destination_id, travel_type_id, name, latitude, longitude, entry_fee, avg_visit_time) VALUES (574, 60, 2, 'Grass Hills Trek Route', 10.3524, 77.0124, 0, 180);
INSERT INTO places (place_id, destination_id, travel_type_id, name, latitude, longitude, entry_fee, avg_visit_time) VALUES (575, 60, 1, 'Tea Estate Walk', 10.3254, 76.9654, 0, 60);
INSERT INTO places (place_id, destination_id, travel_type_id, name, latitude, longitude, entry_fee, avg_visit_time) VALUES (576, 60, 1, 'Monkey Falls (Upper)', 10.4554, 76.9652, 0, 45);
INSERT INTO places (place_id, destination_id, travel_type_id, name, latitude, longitude, entry_fee, avg_visit_time) VALUES (577, 60, 2, 'Off-road Forest Drive', 10.3324, 76.9124, 0, 120);
INSERT INTO places (place_id, destination_id, travel_type_id, name, latitude, longitude, entry_fee, avg_visit_time) VALUES (578, 60, 1, 'Loam’s View Point', 10.4784, 76.9782, 0, 45);
INSERT INTO places (place_id, destination_id, travel_type_id, name, latitude, longitude, entry_fee, avg_visit_time) VALUES (579, 60, 4, 'Balaji Temple Valparai', 10.3554, 76.9242, 0, 45);
INSERT INTO places (place_id, destination_id, travel_type_id, name, latitude, longitude, entry_fee, avg_visit_time) VALUES (580, 60, 5, 'Evening Cafes Valparai', 10.3242, 76.9624, 0, 60);
INSERT INTO places (place_id, destination_id, travel_type_id, name, latitude, longitude, entry_fee, avg_visit_time) VALUES (581, 61, 1, 'Chandira Choodeswarar Hill', 12.7275, 77.8282, 0, 60);
INSERT INTO places (place_id, destination_id, travel_type_id, name, latitude, longitude, entry_fee, avg_visit_time) VALUES (582, 61, 1, 'Kelavarapalli Dam', 12.7754, 77.7952, 0, 90);
INSERT INTO places (place_id, destination_id, travel_type_id, name, latitude, longitude, entry_fee, avg_visit_time) VALUES (583, 61, 1, 'Hosur Lake Park', 12.7384, 77.8252, 0, 45);
INSERT INTO places (place_id, destination_id, travel_type_id, name, latitude, longitude, entry_fee, avg_visit_time) VALUES (584, 61, 2, 'Hill Trail Trek', 12.7154, 77.8452, 0, 120);
INSERT INTO places (place_id, destination_id, travel_type_id, name, latitude, longitude, entry_fee, avg_visit_time) VALUES (585, 61, 4, 'St Peters Church', 12.7412, 77.8354, 0, 30);
INSERT INTO places (place_id, destination_id, travel_type_id, name, latitude, longitude, entry_fee, avg_visit_time) VALUES (586, 61, 4, 'Ancient Chandira Temple', 12.7278, 77.8285, 0, 60);
INSERT INTO places (place_id, destination_id, travel_type_id, name, latitude, longitude, entry_fee, avg_visit_time) VALUES (587, 61, 5, 'Cafes and Lounges', 12.7424, 77.8384, 0, 90);
INSERT INTO places (place_id, destination_id, travel_type_id, name, latitude, longitude, entry_fee, avg_visit_time) VALUES (588, 61, 5, 'Local Night Food Street', 12.7352, 77.8242, 0, 60);
INSERT INTO places (place_id, destination_id, travel_type_id, name, latitude, longitude, entry_fee, avg_visit_time) VALUES (589, 61, 1, 'Avalapalli Forest View', 12.6854, 77.8152, 0, 60);
INSERT INTO places (place_id, destination_id, travel_type_id, name, latitude, longitude, entry_fee, avg_visit_time) VALUES (590, 61, 2, 'Drive to Rayakottai', 12.5184, 78.0324, 0, 120);
INSERT INTO places (place_id, destination_id, travel_type_id, name, latitude, longitude, entry_fee, avg_visit_time) VALUES (591, 62, 3, 'Silver Beach', 11.7483, 79.7828, 0, 60);
INSERT INTO places (place_id, destination_id, travel_type_id, name, latitude, longitude, entry_fee, avg_visit_time) VALUES (592, 62, 3, 'Devanampattinam Beach', 11.7512, 79.7852, 0, 60);
INSERT INTO places (place_id, destination_id, travel_type_id, name, latitude, longitude, entry_fee, avg_visit_time) VALUES (593, 62, 3, 'Samiyarpettai Beach', 11.5542, 79.7752, 0, 60);
INSERT INTO places (place_id, destination_id, travel_type_id, name, latitude, longitude, entry_fee, avg_visit_time) VALUES (594, 62, 4, 'Padaleeswarar Temple', 11.7412, 79.7524, 0, 60);
INSERT INTO places (place_id, destination_id, travel_type_id, name, latitude, longitude, entry_fee, avg_visit_time) VALUES (595, 62, 4, 'Sri Veera Raghava Perumal', 11.7454, 79.7612, 0, 60);
INSERT INTO places (place_id, destination_id, travel_type_id, name, latitude, longitude, entry_fee, avg_visit_time) VALUES (596, 62, 4, 'Fort St. David', 11.7524, 79.7784, 20, 90);
INSERT INTO places (place_id, destination_id, travel_type_id, name, latitude, longitude, entry_fee, avg_visit_time) VALUES (597, 62, 1, 'Pichavaram Mangrove', 11.4284, 79.7852, 50, 120);
INSERT INTO places (place_id, destination_id, travel_type_id, name, latitude, longitude, entry_fee, avg_visit_time) VALUES (598, 62, 1, 'Gadilam River Backwaters', 11.7554, 79.7684, 0, 60);
INSERT INTO places (place_id, destination_id, travel_type_id, name, latitude, longitude, entry_fee, avg_visit_time) VALUES (599, 62, 5, 'Silver Beach Night Food', 11.7492, 79.7812, 0, 90);
INSERT INTO places (place_id, destination_id, travel_type_id, name, latitude, longitude, entry_fee, avg_visit_time) VALUES (600, 62, 4, 'Old Lighthouse', 11.7505, 79.7842, 20, 45);

-- Insert Telangana places
INSERT INTO places (place_id, destination_id, travel_type_id, name, latitude, longitude, entry_fee, avg_visit_time) VALUES (601, 63, 4, 'Charminar', 17.389, 78.4907, 0, 50);
INSERT INTO places (place_id, destination_id, travel_type_id, name, latitude, longitude, entry_fee, avg_visit_time) VALUES (602, 63, 4, 'Golconda Fort', 17.393, 78.4947, 0, 55);
INSERT INTO places (place_id, destination_id, travel_type_id, name, latitude, longitude, entry_fee, avg_visit_time) VALUES (603, 63, 4, 'Salar Jung Museum', 17.397, 78.4987, 20, 60);
INSERT INTO places (place_id, destination_id, travel_type_id, name, latitude, longitude, entry_fee, avg_visit_time) VALUES (604, 63, 1, 'Hussain Sagar Lake', 17.401, 78.5027, 0, 65);
INSERT INTO places (place_id, destination_id, travel_type_id, name, latitude, longitude, entry_fee, avg_visit_time) VALUES (605, 63, 4, 'Birla Mandir', 17.405, 78.5067, 0, 70);
INSERT INTO places (place_id, destination_id, travel_type_id, name, latitude, longitude, entry_fee, avg_visit_time) VALUES (606, 63, 4, 'Qutb Shahi Tombs', 17.409, 78.5107, 20, 75);
INSERT INTO places (place_id, destination_id, travel_type_id, name, latitude, longitude, entry_fee, avg_visit_time) VALUES (607, 63, 1, 'Lumbini Park', 17.413, 78.5147, 0, 80);
INSERT INTO places (place_id, destination_id, travel_type_id, name, latitude, longitude, entry_fee, avg_visit_time) VALUES (608, 63, 4, 'Ramoji Film City', 17.417, 78.5187, 0, 85);
INSERT INTO places (place_id, destination_id, travel_type_id, name, latitude, longitude, entry_fee, avg_visit_time) VALUES (609, 63, 5, 'Jubilee Hills Cafes', 17.421, 78.5227, 20, 90);
INSERT INTO places (place_id, destination_id, travel_type_id, name, latitude, longitude, entry_fee, avg_visit_time) VALUES (610, 63, 5, 'Tank Bund Night View', 17.425, 78.5267, 0, 95);
INSERT INTO places (place_id, destination_id, travel_type_id, name, latitude, longitude, entry_fee, avg_visit_time) VALUES (611, 64, 4, 'Warangal Fort', 17.9729, 79.5981, 0, 50);
INSERT INTO places (place_id, destination_id, travel_type_id, name, latitude, longitude, entry_fee, avg_visit_time) VALUES (612, 64, 4, 'Thousand Pillar Temple', 17.9769, 79.6021, 0, 55);
INSERT INTO places (place_id, destination_id, travel_type_id, name, latitude, longitude, entry_fee, avg_visit_time) VALUES (613, 64, 4, 'Bhadrakali Temple', 17.9809, 79.6061, 20, 60);
INSERT INTO places (place_id, destination_id, travel_type_id, name, latitude, longitude, entry_fee, avg_visit_time) VALUES (614, 64, 1, 'Bhadrakali Lake', 17.9849, 79.6101, 0, 65);
INSERT INTO places (place_id, destination_id, travel_type_id, name, latitude, longitude, entry_fee, avg_visit_time) VALUES (615, 64, 4, 'Ramappa Temple', 17.9889, 79.6141, 0, 70);
INSERT INTO places (place_id, destination_id, travel_type_id, name, latitude, longitude, entry_fee, avg_visit_time) VALUES (616, 64, 1, 'Pakhal Lake', 17.9929, 79.6181, 20, 75);
INSERT INTO places (place_id, destination_id, travel_type_id, name, latitude, longitude, entry_fee, avg_visit_time) VALUES (617, 64, 1, 'Laknavaram Lake', 17.9969, 79.6221, 0, 80);
INSERT INTO places (place_id, destination_id, travel_type_id, name, latitude, longitude, entry_fee, avg_visit_time) VALUES (618, 64, 1, 'Ekashila Rock Garden', 18.0009, 79.6261, 0, 85);
INSERT INTO places (place_id, destination_id, travel_type_id, name, latitude, longitude, entry_fee, avg_visit_time) VALUES (619, 64, 1, 'Kakatiya Musical Garden', 18.0049, 79.6301, 20, 90);
INSERT INTO places (place_id, destination_id, travel_type_id, name, latitude, longitude, entry_fee, avg_visit_time) VALUES (620, 64, 5, 'Warangal Night Food Street', 18.0089, 79.6341, 0, 95);
INSERT INTO places (place_id, destination_id, travel_type_id, name, latitude, longitude, entry_fee, avg_visit_time) VALUES (621, 65, 4, 'Nizamabad Fort', 18.6765, 78.0981, 0, 50);
INSERT INTO places (place_id, destination_id, travel_type_id, name, latitude, longitude, entry_fee, avg_visit_time) VALUES (622, 65, 1, 'Ali Sagar Reservoir', 18.6805, 78.1021, 0, 55);
INSERT INTO places (place_id, destination_id, travel_type_id, name, latitude, longitude, entry_fee, avg_visit_time) VALUES (623, 65, 4, 'Kanteshwar Temple', 18.6845, 78.1061, 20, 60);
INSERT INTO places (place_id, destination_id, travel_type_id, name, latitude, longitude, entry_fee, avg_visit_time) VALUES (624, 65, 1, 'Nizam Sagar Dam', 18.6885, 78.1101, 0, 65);
INSERT INTO places (place_id, destination_id, travel_type_id, name, latitude, longitude, entry_fee, avg_visit_time) VALUES (625, 65, 1, 'Pocharam Wildlife Sanctuary', 18.6925, 78.1141, 0, 70);
INSERT INTO places (place_id, destination_id, travel_type_id, name, latitude, longitude, entry_fee, avg_visit_time) VALUES (626, 65, 1, 'Ashok Sagar Lake', 18.6965, 78.1181, 20, 75);
INSERT INTO places (place_id, destination_id, travel_type_id, name, latitude, longitude, entry_fee, avg_visit_time) VALUES (627, 65, 4, 'Armoor Jain Temple', 18.7005, 78.1221, 0, 80);
INSERT INTO places (place_id, destination_id, travel_type_id, name, latitude, longitude, entry_fee, avg_visit_time) VALUES (628, 65, 4, 'Local Heritage Streets', 18.7045, 78.1261, 0, 85);
INSERT INTO places (place_id, destination_id, travel_type_id, name, latitude, longitude, entry_fee, avg_visit_time) VALUES (629, 65, 1, 'City Central Park', 18.7085, 78.1301, 20, 90);
INSERT INTO places (place_id, destination_id, travel_type_id, name, latitude, longitude, entry_fee, avg_visit_time) VALUES (630, 65, 5, 'Nizamabad Night Market', 18.7125, 78.1341, 0, 95);
INSERT INTO places (place_id, destination_id, travel_type_id, name, latitude, longitude, entry_fee, avg_visit_time) VALUES (631, 66, 4, 'Elgandal Fort', 18.4426, 79.1328, 0, 50);
INSERT INTO places (place_id, destination_id, travel_type_id, name, latitude, longitude, entry_fee, avg_visit_time) VALUES (632, 66, 1, 'Lower Manair Dam', 18.4466, 79.1368, 0, 55);
INSERT INTO places (place_id, destination_id, travel_type_id, name, latitude, longitude, entry_fee, avg_visit_time) VALUES (633, 66, 1, 'Rajiv Gandhi Deer Park', 18.4506, 79.1408, 20, 60);
INSERT INTO places (place_id, destination_id, travel_type_id, name, latitude, longitude, entry_fee, avg_visit_time) VALUES (634, 66, 4, 'Vemulawada Temple', 18.4546, 79.1448, 0, 65);
INSERT INTO places (place_id, destination_id, travel_type_id, name, latitude, longitude, entry_fee, avg_visit_time) VALUES (635, 66, 1, 'Ujjwala Park', 18.4586, 79.1488, 0, 70);
INSERT INTO places (place_id, destination_id, travel_type_id, name, latitude, longitude, entry_fee, avg_visit_time) VALUES (636, 66, 4, 'Archaeological Museum', 18.4626, 79.1528, 20, 75);
INSERT INTO places (place_id, destination_id, travel_type_id, name, latitude, longitude, entry_fee, avg_visit_time) VALUES (637, 66, 1, 'River Walk Area', 18.4666, 79.1568, 0, 80);
INSERT INTO places (place_id, destination_id, travel_type_id, name, latitude, longitude, entry_fee, avg_visit_time) VALUES (638, 66, 1, 'Boat Club Area', 18.4706, 79.1608, 0, 85);
INSERT INTO places (place_id, destination_id, travel_type_id, name, latitude, longitude, entry_fee, avg_visit_time) VALUES (639, 66, 5, 'Evening Food Street', 18.4746, 79.1648, 20, 90);
INSERT INTO places (place_id, destination_id, travel_type_id, name, latitude, longitude, entry_fee, avg_visit_time) VALUES (640, 66, 4, 'Handicrafts Market', 18.4786, 79.1688, 0, 95);
INSERT INTO places (place_id, destination_id, travel_type_id, name, latitude, longitude, entry_fee, avg_visit_time) VALUES (641, 67, 4, 'Khammam Fort', 17.2513, 80.1554, 0, 50);
INSERT INTO places (place_id, destination_id, travel_type_id, name, latitude, longitude, entry_fee, avg_visit_time) VALUES (642, 67, 1, 'Lakaram Lake', 17.2553, 80.1594, 0, 55);
INSERT INTO places (place_id, destination_id, travel_type_id, name, latitude, longitude, entry_fee, avg_visit_time) VALUES (643, 67, 1, 'Papi Hills View', 17.2593, 80.1634, 20, 60);
INSERT INTO places (place_id, destination_id, travel_type_id, name, latitude, longitude, entry_fee, avg_visit_time) VALUES (644, 67, 1, 'Kinnerasani Sanctuary', 17.2633, 80.1674, 0, 65);
INSERT INTO places (place_id, destination_id, travel_type_id, name, latitude, longitude, entry_fee, avg_visit_time) VALUES (645, 67, 4, 'Sri Venkateswara Temple', 17.2673, 80.1714, 0, 70);
INSERT INTO places (place_id, destination_id, travel_type_id, name, latitude, longitude, entry_fee, avg_visit_time) VALUES (646, 67, 1, 'River Boating Area', 17.2713, 80.1754, 20, 75);
INSERT INTO places (place_id, destination_id, travel_type_id, name, latitude, longitude, entry_fee, avg_visit_time) VALUES (647, 67, 1, 'Forest View Point', 17.2753, 80.1794, 0, 80);
INSERT INTO places (place_id, destination_id, travel_type_id, name, latitude, longitude, entry_fee, avg_visit_time) VALUES (648, 67, 4, 'Local Museum', 17.2793, 80.1834, 0, 85);
INSERT INTO places (place_id, destination_id, travel_type_id, name, latitude, longitude, entry_fee, avg_visit_time) VALUES (649, 67, 5, 'Night Food Street', 17.2833, 80.1874, 20, 90);
INSERT INTO places (place_id, destination_id, travel_type_id, name, latitude, longitude, entry_fee, avg_visit_time) VALUES (650, 67, 4, 'Historic Town Area', 17.2873, 80.1914, 0, 95);
INSERT INTO places (place_id, destination_id, travel_type_id, name, latitude, longitude, entry_fee, avg_visit_time) VALUES (651, 68, 1, 'Kuntala Waterfalls', 19.0844, 78.3478, 0, 50);
INSERT INTO places (place_id, destination_id, travel_type_id, name, latitude, longitude, entry_fee, avg_visit_time) VALUES (652, 68, 1, 'Pochera Waterfalls', 19.0884, 78.3518, 0, 55);
INSERT INTO places (place_id, destination_id, travel_type_id, name, latitude, longitude, entry_fee, avg_visit_time) VALUES (653, 68, 1, 'Kawal Tiger Reserve', 19.0924, 78.3558, 20, 60);
INSERT INTO places (place_id, destination_id, travel_type_id, name, latitude, longitude, entry_fee, avg_visit_time) VALUES (654, 68, 4, 'Basar Saraswati Temple', 19.0964, 78.3598, 0, 65);
INSERT INTO places (place_id, destination_id, travel_type_id, name, latitude, longitude, entry_fee, avg_visit_time) VALUES (655, 68, 1, 'Godavari River View', 19.1004, 78.3638, 0, 70);
INSERT INTO places (place_id, destination_id, travel_type_id, name, latitude, longitude, entry_fee, avg_visit_time) VALUES (656, 68, 2, 'Forest Trek Route', 19.1044, 78.3678, 20, 75);
INSERT INTO places (place_id, destination_id, travel_type_id, name, latitude, longitude, entry_fee, avg_visit_time) VALUES (657, 68, 1, 'Hill View Point', 19.1084, 78.3718, 0, 80);
INSERT INTO places (place_id, destination_id, travel_type_id, name, latitude, longitude, entry_fee, avg_visit_time) VALUES (658, 68, 4, 'Tribal Museum', 19.1124, 78.3758, 0, 85);
INSERT INTO places (place_id, destination_id, travel_type_id, name, latitude, longitude, entry_fee, avg_visit_time) VALUES (659, 68, 1, 'Eco Park', 19.1164, 78.3798, 20, 90);
INSERT INTO places (place_id, destination_id, travel_type_id, name, latitude, longitude, entry_fee, avg_visit_time) VALUES (660, 68, 5, 'Local Evening Market', 19.1204, 78.3838, 0, 95);
INSERT INTO places (place_id, destination_id, travel_type_id, name, latitude, longitude, entry_fee, avg_visit_time) VALUES (661, 69, 4, 'Medak Cathedral', 18.0493, 78.2687, 0, 50);
INSERT INTO places (place_id, destination_id, travel_type_id, name, latitude, longitude, entry_fee, avg_visit_time) VALUES (662, 69, 4, 'Medak Fort Hill', 18.0533, 78.2727, 0, 55);
INSERT INTO places (place_id, destination_id, travel_type_id, name, latitude, longitude, entry_fee, avg_visit_time) VALUES (663, 69, 1, 'Pocharam Sanctuary', 18.0573, 78.2767, 20, 60);
INSERT INTO places (place_id, destination_id, travel_type_id, name, latitude, longitude, entry_fee, avg_visit_time) VALUES (664, 69, 4, 'Edupayala Temple', 18.0613, 78.2807, 0, 65);
INSERT INTO places (place_id, destination_id, travel_type_id, name, latitude, longitude, entry_fee, avg_visit_time) VALUES (665, 69, 1, 'Lake View Point', 18.0653, 78.2847, 0, 70);
INSERT INTO places (place_id, destination_id, travel_type_id, name, latitude, longitude, entry_fee, avg_visit_time) VALUES (666, 69, 4, 'Heritage Streets', 18.0693, 78.2887, 20, 75);
INSERT INTO places (place_id, destination_id, travel_type_id, name, latitude, longitude, entry_fee, avg_visit_time) VALUES (667, 69, 1, 'Boating Spot', 18.0733, 78.2927, 0, 80);
INSERT INTO places (place_id, destination_id, travel_type_id, name, latitude, longitude, entry_fee, avg_visit_time) VALUES (668, 69, 1, 'Sunset View Point', 18.0773, 78.2967, 0, 85);
INSERT INTO places (place_id, destination_id, travel_type_id, name, latitude, longitude, entry_fee, avg_visit_time) VALUES (669, 69, 5, 'Night Food Area', 18.0813, 78.3007, 20, 90);
INSERT INTO places (place_id, destination_id, travel_type_id, name, latitude, longitude, entry_fee, avg_visit_time) VALUES (670, 69, 4, 'Ancient Rock Formations', 18.0853, 78.3047, 0, 95);
INSERT INTO places (place_id, destination_id, travel_type_id, name, latitude, longitude, entry_fee, avg_visit_time) VALUES (671, 70, 4, 'Gadwal Fort', 16.7479, 77.9896, 0, 50);
INSERT INTO places (place_id, destination_id, travel_type_id, name, latitude, longitude, entry_fee, avg_visit_time) VALUES (672, 70, 1, 'Koilsagar Reservoir', 16.7519, 77.9936, 0, 55);
INSERT INTO places (place_id, destination_id, travel_type_id, name, latitude, longitude, entry_fee, avg_visit_time) VALUES (673, 70, 1, 'Jurala Dam', 16.7559, 77.9976, 20, 60);
INSERT INTO places (place_id, destination_id, travel_type_id, name, latitude, longitude, entry_fee, avg_visit_time) VALUES (674, 70, 4, 'Pillalamarri Banyan Tree', 16.7599, 78.0016, 0, 65);
INSERT INTO places (place_id, destination_id, travel_type_id, name, latitude, longitude, entry_fee, avg_visit_time) VALUES (675, 70, 4, 'Local Museum', 16.7639, 78.0056, 0, 70);
INSERT INTO places (place_id, destination_id, travel_type_id, name, latitude, longitude, entry_fee, avg_visit_time) VALUES (676, 70, 1, 'Nature Park', 16.7679, 78.0096, 20, 75);
INSERT INTO places (place_id, destination_id, travel_type_id, name, latitude, longitude, entry_fee, avg_visit_time) VALUES (677, 70, 4, 'Ancient Temple Area', 16.7719, 78.0136, 0, 80);
INSERT INTO places (place_id, destination_id, travel_type_id, name, latitude, longitude, entry_fee, avg_visit_time) VALUES (678, 70, 5, 'Evening Food Street', 16.7759, 78.0176, 0, 85);
INSERT INTO places (place_id, destination_id, travel_type_id, name, latitude, longitude, entry_fee, avg_visit_time) VALUES (679, 70, 1, 'River View Area', 16.7799, 78.0216, 20, 90);
INSERT INTO places (place_id, destination_id, travel_type_id, name, latitude, longitude, entry_fee, avg_visit_time) VALUES (680, 70, 4, 'Handloom Market', 16.7839, 78.0256, 0, 95);
INSERT INTO places (place_id, destination_id, travel_type_id, name, latitude, longitude, entry_fee, avg_visit_time) VALUES (681, 71, 4, 'Bhongir Fort', 17.0615, 79.2724, 0, 50);
INSERT INTO places (place_id, destination_id, travel_type_id, name, latitude, longitude, entry_fee, avg_visit_time) VALUES (682, 71, 4, 'Panagal Jain Temple', 17.0655, 79.2764, 0, 55);
INSERT INTO places (place_id, destination_id, travel_type_id, name, latitude, longitude, entry_fee, avg_visit_time) VALUES (683, 71, 1, 'Nagarjuna Sagar Dam', 17.0695, 79.2804, 20, 60);
INSERT INTO places (place_id, destination_id, travel_type_id, name, latitude, longitude, entry_fee, avg_visit_time) VALUES (684, 71, 1, 'Ethipothala Waterfalls', 17.0735, 79.2844, 0, 65);
INSERT INTO places (place_id, destination_id, travel_type_id, name, latitude, longitude, entry_fee, avg_visit_time) VALUES (685, 71, 4, 'Buddhist Museum', 17.0775, 79.2884, 0, 70);
INSERT INTO places (place_id, destination_id, travel_type_id, name, latitude, longitude, entry_fee, avg_visit_time) VALUES (686, 71, 1, 'Hill View Point', 17.0815, 79.2924, 20, 75);
INSERT INTO places (place_id, destination_id, travel_type_id, name, latitude, longitude, entry_fee, avg_visit_time) VALUES (687, 71, 1, 'River View Area', 17.0855, 79.2964, 0, 80);
INSERT INTO places (place_id, destination_id, travel_type_id, name, latitude, longitude, entry_fee, avg_visit_time) VALUES (688, 71, 4, 'Heritage Street Walk', 17.0895, 79.3004, 0, 85);
INSERT INTO places (place_id, destination_id, travel_type_id, name, latitude, longitude, entry_fee, avg_visit_time) VALUES (689, 71, 1, 'Sunset Point', 17.0935, 79.3044, 20, 90);
INSERT INTO places (place_id, destination_id, travel_type_id, name, latitude, longitude, entry_fee, avg_visit_time) VALUES (690, 71, 5, 'Local Evening Market', 17.0975, 79.3084, 0, 95);
INSERT INTO places (place_id, destination_id, travel_type_id, name, latitude, longitude, entry_fee, avg_visit_time) VALUES (691, 72, 1, 'Singur Dam', 17.6288, 78.0906, 0, 50);
INSERT INTO places (place_id, destination_id, travel_type_id, name, latitude, longitude, entry_fee, avg_visit_time) VALUES (692, 72, 1, 'Manjeera Sanctuary', 17.6328, 78.0946, 0, 55);
INSERT INTO places (place_id, destination_id, travel_type_id, name, latitude, longitude, entry_fee, avg_visit_time) VALUES (693, 72, 1, 'Lake View Park', 17.6368, 78.0986, 20, 60);
INSERT INTO places (place_id, destination_id, travel_type_id, name, latitude, longitude, entry_fee, avg_visit_time) VALUES (694, 72, 4, 'Heritage Temple Area', 17.6408, 78.1026, 0, 65);
INSERT INTO places (place_id, destination_id, travel_type_id, name, latitude, longitude, entry_fee, avg_visit_time) VALUES (695, 72, 4, 'Old Fort Ruins', 17.6448, 78.1066, 0, 70);
INSERT INTO places (place_id, destination_id, travel_type_id, name, latitude, longitude, entry_fee, avg_visit_time) VALUES (696, 72, 1, 'Nature Walk Trail', 17.6488, 78.1106, 20, 75);
INSERT INTO places (place_id, destination_id, travel_type_id, name, latitude, longitude, entry_fee, avg_visit_time) VALUES (697, 72, 1, 'Sunset Point', 17.6528, 78.1146, 0, 80);
INSERT INTO places (place_id, destination_id, travel_type_id, name, latitude, longitude, entry_fee, avg_visit_time) VALUES (698, 72, 4, 'Local Museum', 17.6568, 78.1186, 0, 85);
INSERT INTO places (place_id, destination_id, travel_type_id, name, latitude, longitude, entry_fee, avg_visit_time) VALUES (699, 72, 5, 'Night Food Area', 17.6608, 78.1226, 20, 90);
INSERT INTO places (place_id, destination_id, travel_type_id, name, latitude, longitude, entry_fee, avg_visit_time) VALUES (700, 72, 4, 'Town Heritage Streets', 17.6648, 78.1266, 0, 95);
INSERT INTO places (place_id, destination_id, travel_type_id, name, latitude, longitude, entry_fee, avg_visit_time) VALUES (701, 73, 1, 'Ananthagiri Hills', 17.342, 77.9084, 0, 50);
INSERT INTO places (place_id, destination_id, travel_type_id, name, latitude, longitude, entry_fee, avg_visit_time) VALUES (702, 73, 1, 'Kotepally Reservoir', 17.346, 77.9124, 0, 55);
INSERT INTO places (place_id, destination_id, travel_type_id, name, latitude, longitude, entry_fee, avg_visit_time) VALUES (703, 73, 4, 'Anantha Padmanabha Temple', 17.35, 77.9164, 20, 60);
INSERT INTO places (place_id, destination_id, travel_type_id, name, latitude, longitude, entry_fee, avg_visit_time) VALUES (704, 73, 2, 'Forest Trek Route', 17.354, 77.9204, 0, 65);
INSERT INTO places (place_id, destination_id, travel_type_id, name, latitude, longitude, entry_fee, avg_visit_time) VALUES (705, 73, 1, 'Sunrise View Point', 17.358, 77.9244, 0, 70);
INSERT INTO places (place_id, destination_id, travel_type_id, name, latitude, longitude, entry_fee, avg_visit_time) VALUES (706, 73, 1, 'River Side Camping Area', 17.362, 77.9284, 20, 75);
INSERT INTO places (place_id, destination_id, travel_type_id, name, latitude, longitude, entry_fee, avg_visit_time) VALUES (707, 73, 1, 'Nature Park', 17.366, 77.9324, 0, 80);
INSERT INTO places (place_id, destination_id, travel_type_id, name, latitude, longitude, entry_fee, avg_visit_time) VALUES (708, 73, 1, 'Hill Top View', 17.37, 77.9364, 0, 85);
INSERT INTO places (place_id, destination_id, travel_type_id, name, latitude, longitude, entry_fee, avg_visit_time) VALUES (709, 73, 5, 'Evening Cafes', 17.374, 77.9404, 20, 90);
INSERT INTO places (place_id, destination_id, travel_type_id, name, latitude, longitude, entry_fee, avg_visit_time) VALUES (710, 73, 4, 'Local Market', 17.378, 77.9444, 0, 95);
INSERT INTO places (place_id, destination_id, travel_type_id, name, latitude, longitude, entry_fee, avg_visit_time) VALUES (711, 74, 1, 'Pranahita River View', 18.8766, 79.4483, 0, 50);
INSERT INTO places (place_id, destination_id, travel_type_id, name, latitude, longitude, entry_fee, avg_visit_time) VALUES (712, 74, 1, 'Forest Walk Area', 18.8806, 79.4523, 0, 55);
INSERT INTO places (place_id, destination_id, travel_type_id, name, latitude, longitude, entry_fee, avg_visit_time) VALUES (713, 74, 4, 'Local Tribal Museum', 18.8846, 79.4563, 20, 60);
INSERT INTO places (place_id, destination_id, travel_type_id, name, latitude, longitude, entry_fee, avg_visit_time) VALUES (714, 74, 1, 'Eco Tourism Park', 18.8886, 79.4603, 0, 65);
INSERT INTO places (place_id, destination_id, travel_type_id, name, latitude, longitude, entry_fee, avg_visit_time) VALUES (715, 74, 1, 'River Side Camping', 18.8926, 79.4643, 0, 70);
INSERT INTO places (place_id, destination_id, travel_type_id, name, latitude, longitude, entry_fee, avg_visit_time) VALUES (716, 74, 1, 'Nature View Point', 18.8966, 79.4683, 20, 75);
INSERT INTO places (place_id, destination_id, travel_type_id, name, latitude, longitude, entry_fee, avg_visit_time) VALUES (717, 74, 4, 'Temple Area', 18.9006, 79.4723, 0, 80);
INSERT INTO places (place_id, destination_id, travel_type_id, name, latitude, longitude, entry_fee, avg_visit_time) VALUES (718, 74, 4, 'Heritage Streets', 18.9046, 79.4763, 0, 85);
INSERT INTO places (place_id, destination_id, travel_type_id, name, latitude, longitude, entry_fee, avg_visit_time) VALUES (719, 74, 5, 'Local Night Market', 18.9086, 79.4803, 20, 90);
INSERT INTO places (place_id, destination_id, travel_type_id, name, latitude, longitude, entry_fee, avg_visit_time) VALUES (720, 74, 1, 'Sunset View Point', 18.9126, 79.4843, 0, 95);
INSERT INTO places (place_id, destination_id, travel_type_id, name, latitude, longitude, entry_fee, avg_visit_time) VALUES (721, 75, 4, 'Jagtial Fort', 18.7987, 78.9201, 0, 50);
INSERT INTO places (place_id, destination_id, travel_type_id, name, latitude, longitude, entry_fee, avg_visit_time) VALUES (722, 75, 1, 'Sri Ram Sagar Project', 18.8027, 78.9241, 0, 55);
INSERT INTO places (place_id, destination_id, travel_type_id, name, latitude, longitude, entry_fee, avg_visit_time) VALUES (723, 75, 4, 'Anjaneya Temple', 18.8067, 78.9281, 20, 60);
INSERT INTO places (place_id, destination_id, travel_type_id, name, latitude, longitude, entry_fee, avg_visit_time) VALUES (724, 75, 1, 'River View Point', 18.8107, 78.9321, 0, 65);
INSERT INTO places (place_id, destination_id, travel_type_id, name, latitude, longitude, entry_fee, avg_visit_time) VALUES (725, 75, 1, 'Nature Park', 18.8147, 78.9361, 0, 70);
INSERT INTO places (place_id, destination_id, travel_type_id, name, latitude, longitude, entry_fee, avg_visit_time) VALUES (726, 75, 4, 'Temple Street Area', 18.8187, 78.9401, 20, 75);
INSERT INTO places (place_id, destination_id, travel_type_id, name, latitude, longitude, entry_fee, avg_visit_time) VALUES (727, 75, 4, 'Local Museum', 18.8227, 78.9441, 0, 80);
INSERT INTO places (place_id, destination_id, travel_type_id, name, latitude, longitude, entry_fee, avg_visit_time) VALUES (728, 75, 1, 'Sunset Point', 18.8267, 78.9481, 0, 85);
INSERT INTO places (place_id, destination_id, travel_type_id, name, latitude, longitude, entry_fee, avg_visit_time) VALUES (729, 75, 5, 'Evening Food Street', 18.8307, 78.9521, 20, 90);
INSERT INTO places (place_id, destination_id, travel_type_id, name, latitude, longitude, entry_fee, avg_visit_time) VALUES (730, 75, 4, 'Handloom Market', 18.8347, 78.9561, 0, 95);
INSERT INTO places (place_id, destination_id, travel_type_id, name, latitude, longitude, entry_fee, avg_visit_time) VALUES (731, 76, 4, 'Bhadrachalam Temple', 17.6724, 80.8928, 0, 50);
INSERT INTO places (place_id, destination_id, travel_type_id, name, latitude, longitude, entry_fee, avg_visit_time) VALUES (732, 76, 1, 'Godavari River Cruise', 17.6764, 80.8968, 0, 55);
INSERT INTO places (place_id, destination_id, travel_type_id, name, latitude, longitude, entry_fee, avg_visit_time) VALUES (733, 76, 1, 'Papi Hills', 17.6804, 80.9008, 20, 60);
INSERT INTO places (place_id, destination_id, travel_type_id, name, latitude, longitude, entry_fee, avg_visit_time) VALUES (734, 76, 1, 'Ramappa Ghat', 17.6844, 80.9048, 0, 65);
INSERT INTO places (place_id, destination_id, travel_type_id, name, latitude, longitude, entry_fee, avg_visit_time) VALUES (735, 76, 4, 'Museum of Tribal Culture', 17.6884, 80.9088, 0, 70);
INSERT INTO places (place_id, destination_id, travel_type_id, name, latitude, longitude, entry_fee, avg_visit_time) VALUES (736, 76, 1, 'River Side Walk', 17.6924, 80.9128, 20, 75);
INSERT INTO places (place_id, destination_id, travel_type_id, name, latitude, longitude, entry_fee, avg_visit_time) VALUES (737, 76, 1, 'Nature View Point', 17.6964, 80.9168, 0, 80);
INSERT INTO places (place_id, destination_id, travel_type_id, name, latitude, longitude, entry_fee, avg_visit_time) VALUES (738, 76, 4, 'Heritage Streets', 17.7004, 80.9208, 0, 85);
INSERT INTO places (place_id, destination_id, travel_type_id, name, latitude, longitude, entry_fee, avg_visit_time) VALUES (739, 76, 5, 'Night Market', 17.7044, 80.9248, 20, 90);
INSERT INTO places (place_id, destination_id, travel_type_id, name, latitude, longitude, entry_fee, avg_visit_time) VALUES (740, 76, 1, 'Sunrise View Point', 17.7084, 80.9288, 0, 95);
INSERT INTO places (place_id, destination_id, travel_type_id, name, latitude, longitude, entry_fee, avg_visit_time) VALUES (741, 77, 1, 'Komati Cheruvu', 18.1059, 78.856, 0, 50);
INSERT INTO places (place_id, destination_id, travel_type_id, name, latitude, longitude, entry_fee, avg_visit_time) VALUES (742, 77, 4, 'Siddipet Fort Area', 18.1099, 78.86, 0, 55);
INSERT INTO places (place_id, destination_id, travel_type_id, name, latitude, longitude, entry_fee, avg_visit_time) VALUES (743, 77, 4, 'Local Temple', 18.1139, 78.864, 20, 60);
INSERT INTO places (place_id, destination_id, travel_type_id, name, latitude, longitude, entry_fee, avg_visit_time) VALUES (744, 77, 1, 'Nature Park', 18.1179, 78.868, 0, 65);
INSERT INTO places (place_id, destination_id, travel_type_id, name, latitude, longitude, entry_fee, avg_visit_time) VALUES (745, 77, 1, 'Sunset Point', 18.1219, 78.872, 0, 70);
INSERT INTO places (place_id, destination_id, travel_type_id, name, latitude, longitude, entry_fee, avg_visit_time) VALUES (746, 77, 1, 'River Side Walk', 18.1259, 78.876, 20, 75);
INSERT INTO places (place_id, destination_id, travel_type_id, name, latitude, longitude, entry_fee, avg_visit_time) VALUES (747, 77, 4, 'Handloom Market', 18.1299, 78.88, 0, 80);
INSERT INTO places (place_id, destination_id, travel_type_id, name, latitude, longitude, entry_fee, avg_visit_time) VALUES (748, 77, 5, 'Evening Food Street', 18.1339, 78.884, 0, 85);
INSERT INTO places (place_id, destination_id, travel_type_id, name, latitude, longitude, entry_fee, avg_visit_time) VALUES (749, 77, 1, 'Boating Area', 18.1379, 78.888, 20, 90);
INSERT INTO places (place_id, destination_id, travel_type_id, name, latitude, longitude, entry_fee, avg_visit_time) VALUES (750, 77, 4, 'Heritage Streets', 18.1419, 78.892, 0, 95);
INSERT INTO places (place_id, destination_id, travel_type_id, name, latitude, longitude, entry_fee, avg_visit_time) VALUES (751, 78, 4, 'Yadadri Temple', 17.5893, 78.9475, 0, 50);
INSERT INTO places (place_id, destination_id, travel_type_id, name, latitude, longitude, entry_fee, avg_visit_time) VALUES (752, 78, 1, 'Hill Top View Point', 17.5933, 78.9515, 0, 55);
INSERT INTO places (place_id, destination_id, travel_type_id, name, latitude, longitude, entry_fee, avg_visit_time) VALUES (753, 78, 1, 'Temple Gardens', 17.5973, 78.9555, 20, 60);
INSERT INTO places (place_id, destination_id, travel_type_id, name, latitude, longitude, entry_fee, avg_visit_time) VALUES (754, 78, 1, 'Sunrise Point', 17.6013, 78.9595, 0, 65);
INSERT INTO places (place_id, destination_id, travel_type_id, name, latitude, longitude, entry_fee, avg_visit_time) VALUES (755, 78, 4, 'Heritage Streets', 17.6053, 78.9635, 0, 70);
INSERT INTO places (place_id, destination_id, travel_type_id, name, latitude, longitude, entry_fee, avg_visit_time) VALUES (756, 78, 4, 'Local Museum', 17.6093, 78.9675, 20, 75);
INSERT INTO places (place_id, destination_id, travel_type_id, name, latitude, longitude, entry_fee, avg_visit_time) VALUES (757, 78, 1, 'Nature Walk Area', 17.6133, 78.9715, 0, 80);
INSERT INTO places (place_id, destination_id, travel_type_id, name, latitude, longitude, entry_fee, avg_visit_time) VALUES (758, 78, 5, 'Evening Cafes', 17.6173, 78.9755, 0, 85);
INSERT INTO places (place_id, destination_id, travel_type_id, name, latitude, longitude, entry_fee, avg_visit_time) VALUES (759, 78, 4, 'Spiritual Center', 17.6213, 78.9795, 20, 90);
INSERT INTO places (place_id, destination_id, travel_type_id, name, latitude, longitude, entry_fee, avg_visit_time) VALUES (760, 78, 4, 'Temple Market Area', 17.6253, 78.9835, 0, 95);
INSERT INTO places (place_id, destination_id, travel_type_id, name, latitude, longitude, entry_fee, avg_visit_time) VALUES (761, 79, 1, 'Kinnerasani Dam', 17.5575, 80.6236, 0, 50);
INSERT INTO places (place_id, destination_id, travel_type_id, name, latitude, longitude, entry_fee, avg_visit_time) VALUES (762, 79, 1, 'Kothagudem Lake', 17.5615, 80.6276, 0, 55);
INSERT INTO places (place_id, destination_id, travel_type_id, name, latitude, longitude, entry_fee, avg_visit_time) VALUES (763, 79, 1, 'Forest View Point', 17.5655, 80.6316, 20, 60);
INSERT INTO places (place_id, destination_id, travel_type_id, name, latitude, longitude, entry_fee, avg_visit_time) VALUES (764, 79, 1, 'Nature Park', 17.5695, 80.6356, 0, 65);
INSERT INTO places (place_id, destination_id, travel_type_id, name, latitude, longitude, entry_fee, avg_visit_time) VALUES (765, 79, 1, 'River Side Walk', 17.5735, 80.6396, 0, 70);
INSERT INTO places (place_id, destination_id, travel_type_id, name, latitude, longitude, entry_fee, avg_visit_time) VALUES (766, 79, 4, 'Local Museum', 17.5775, 80.6436, 20, 75);
INSERT INTO places (place_id, destination_id, travel_type_id, name, latitude, longitude, entry_fee, avg_visit_time) VALUES (767, 79, 4, 'Heritage Streets', 17.5815, 80.6476, 0, 80);
INSERT INTO places (place_id, destination_id, travel_type_id, name, latitude, longitude, entry_fee, avg_visit_time) VALUES (768, 79, 5, 'Evening Food Street', 17.5855, 80.6516, 0, 85);
INSERT INTO places (place_id, destination_id, travel_type_id, name, latitude, longitude, entry_fee, avg_visit_time) VALUES (769, 79, 1, 'Sunset Point', 17.5895, 80.6556, 20, 90);
INSERT INTO places (place_id, destination_id, travel_type_id, name, latitude, longitude, entry_fee, avg_visit_time) VALUES (770, 79, 1, 'Eco Tourism Area', 17.5935, 80.6596, 0, 95);
INSERT INTO places (place_id, destination_id, travel_type_id, name, latitude, longitude, entry_fee, avg_visit_time) VALUES (771, 80, 1, 'Medchal Lake', 17.6337, 78.485, 0, 50);
INSERT INTO places (place_id, destination_id, travel_type_id, name, latitude, longitude, entry_fee, avg_visit_time) VALUES (772, 80, 4, 'Local Temple', 17.6377, 78.489, 0, 55);
INSERT INTO places (place_id, destination_id, travel_type_id, name, latitude, longitude, entry_fee, avg_visit_time) VALUES (773, 80, 1, 'Nature Park', 17.6417, 78.493, 20, 60);
INSERT INTO places (place_id, destination_id, travel_type_id, name, latitude, longitude, entry_fee, avg_visit_time) VALUES (774, 80, 1, 'Hill View Area', 17.6457, 78.497, 0, 65);
INSERT INTO places (place_id, destination_id, travel_type_id, name, latitude, longitude, entry_fee, avg_visit_time) VALUES (775, 80, 4, 'Heritage Streets', 17.6497, 78.501, 0, 70);
INSERT INTO places (place_id, destination_id, travel_type_id, name, latitude, longitude, entry_fee, avg_visit_time) VALUES (776, 80, 1, 'Sunset Point', 17.6537, 78.505, 20, 75);
INSERT INTO places (place_id, destination_id, travel_type_id, name, latitude, longitude, entry_fee, avg_visit_time) VALUES (777, 80, 4, 'Local Museum', 17.6577, 78.509, 0, 80);
INSERT INTO places (place_id, destination_id, travel_type_id, name, latitude, longitude, entry_fee, avg_visit_time) VALUES (778, 80, 5, 'Evening Cafes', 17.6617, 78.513, 0, 85);
INSERT INTO places (place_id, destination_id, travel_type_id, name, latitude, longitude, entry_fee, avg_visit_time) VALUES (779, 80, 1, 'Lake Side Walk', 17.6657, 78.517, 20, 90);
INSERT INTO places (place_id, destination_id, travel_type_id, name, latitude, longitude, entry_fee, avg_visit_time) VALUES (780, 80, 4, 'Town Market Area', 17.6697, 78.521, 0, 95);
INSERT INTO places (place_id, destination_id, travel_type_id, name, latitude, longitude, entry_fee, avg_visit_time) VALUES (781, 81, 1, 'Kawal Forest Area', 19.362, 79.289, 0, 50);
INSERT INTO places (place_id, destination_id, travel_type_id, name, latitude, longitude, entry_fee, avg_visit_time) VALUES (782, 81, 4, 'Tribal Village Walk', 19.366, 79.293, 0, 55);
INSERT INTO places (place_id, destination_id, travel_type_id, name, latitude, longitude, entry_fee, avg_visit_time) VALUES (783, 81, 1, 'Waterfall View Point', 19.37, 79.297, 20, 60);
INSERT INTO places (place_id, destination_id, travel_type_id, name, latitude, longitude, entry_fee, avg_visit_time) VALUES (784, 81, 2, 'Forest Trek Route', 19.374, 79.301, 0, 65);
INSERT INTO places (place_id, destination_id, travel_type_id, name, latitude, longitude, entry_fee, avg_visit_time) VALUES (785, 81, 1, 'River Side Walk', 19.378, 79.305, 0, 70);
INSERT INTO places (place_id, destination_id, travel_type_id, name, latitude, longitude, entry_fee, avg_visit_time) VALUES (786, 81, 1, 'Nature Park', 19.382, 79.309, 20, 75);
INSERT INTO places (place_id, destination_id, travel_type_id, name, latitude, longitude, entry_fee, avg_visit_time) VALUES (787, 81, 4, 'Local Museum', 19.386, 79.313, 0, 80);
INSERT INTO places (place_id, destination_id, travel_type_id, name, latitude, longitude, entry_fee, avg_visit_time) VALUES (788, 81, 1, 'Sunset Point', 19.39, 79.317, 0, 85);
INSERT INTO places (place_id, destination_id, travel_type_id, name, latitude, longitude, entry_fee, avg_visit_time) VALUES (789, 81, 5, 'Evening Market', 19.394, 79.321, 20, 90);
INSERT INTO places (place_id, destination_id, travel_type_id, name, latitude, longitude, entry_fee, avg_visit_time) VALUES (790, 81, 1, 'Eco Tourism Area', 19.398, 79.325, 0, 95);
INSERT INTO places (place_id, destination_id, travel_type_id, name, latitude, longitude, entry_fee, avg_visit_time) VALUES (791, 82, 4, 'Narayanpet Fort', 16.8664, 77.4334, 0, 50);
INSERT INTO places (place_id, destination_id, travel_type_id, name, latitude, longitude, entry_fee, avg_visit_time) VALUES (792, 82, 4, 'Handloom Weaving Center', 16.8704, 77.4374, 0, 55);
INSERT INTO places (place_id, destination_id, travel_type_id, name, latitude, longitude, entry_fee, avg_visit_time) VALUES (793, 82, 4, 'Local Temple', 16.8744, 77.4414, 20, 60);
INSERT INTO places (place_id, destination_id, travel_type_id, name, latitude, longitude, entry_fee, avg_visit_time) VALUES (794, 82, 1, 'River View Area', 16.8784, 77.4454, 0, 65);
INSERT INTO places (place_id, destination_id, travel_type_id, name, latitude, longitude, entry_fee, avg_visit_time) VALUES (795, 82, 1, 'Nature Park', 16.8824, 77.4494, 0, 70);
INSERT INTO places (place_id, destination_id, travel_type_id, name, latitude, longitude, entry_fee, avg_visit_time) VALUES (796, 82, 4, 'Heritage Streets', 16.8864, 77.4534, 20, 75);
INSERT INTO places (place_id, destination_id, travel_type_id, name, latitude, longitude, entry_fee, avg_visit_time) VALUES (797, 82, 1, 'Sunset Point', 16.8904, 77.4574, 0, 80);
INSERT INTO places (place_id, destination_id, travel_type_id, name, latitude, longitude, entry_fee, avg_visit_time) VALUES (798, 82, 4, 'Local Museum', 16.8944, 77.4614, 0, 85);
INSERT INTO places (place_id, destination_id, travel_type_id, name, latitude, longitude, entry_fee, avg_visit_time) VALUES (799, 82, 5, 'Evening Food Street', 16.8984, 77.4654, 20, 90);
INSERT INTO places (place_id, destination_id, travel_type_id, name, latitude, longitude, entry_fee, avg_visit_time) VALUES (800, 82, 4, 'Town Market Area', 16.9024, 77.4694, 0, 95);

-- Reset sequences
SELECT setval('destinations_destination_id_seq', 83);
SELECT setval('hotels_hotel_id_seq', 801);
SELECT setval('places_place_id_seq', 801);

-- Seed roles
INSERT INTO roles (role_id, role_name) VALUES (1, 'admin') ON CONFLICT (role_id) DO NOTHING;
INSERT INTO roles (role_id, role_name) VALUES (2, 'traveler') ON CONFLICT (role_id) DO NOTHING;
INSERT INTO roles (role_id, role_name) VALUES (3, 'host') ON CONFLICT (role_id) DO NOTHING;

-- Seed admin user (email: admin@timetotravel.com, password: 123456)
INSERT INTO users (name, email, password_hash, phone, gender, role_id, is_active)
VALUES ('Admin', 'admin@timetotravel.com', '123456', '9000000000', 'OTHER', 1, true);

-- Seed group types
INSERT INTO group_types (group_type_id, type_name) VALUES (1, 'Solo') ON CONFLICT (group_type_id) DO NOTHING;
INSERT INTO group_types (group_type_id, type_name) VALUES (2, 'Duo') ON CONFLICT (group_type_id) DO NOTHING;
INSERT INTO group_types (group_type_id, type_name) VALUES (3, 'Family') ON CONFLICT (group_type_id) DO NOTHING;
INSERT INTO group_types (group_type_id, type_name) VALUES (4, 'Friends') ON CONFLICT (group_type_id) DO NOTHING;

SET session_replication_role = DEFAULT;
