SET session_replication_role = replica;

-- Clear existing data
TRUNCATE TABLE places, hotels, destinations CASCADE;

-- Insert destinations
INSERT INTO destinations (destination_id, name, state) VALUES (1, 'Bengaluru', 'Karnataka');
INSERT INTO destinations (destination_id, name, state) VALUES (2, 'Mysuru', 'Karnataka');
INSERT INTO destinations (destination_id, name, state) VALUES (3, 'Hampi', 'Karnataka');
INSERT INTO destinations (destination_id, name, state) VALUES (4, 'Gokarna', 'Karnataka');
INSERT INTO destinations (destination_id, name, state) VALUES (5, 'Coorg', 'Karnataka');
INSERT INTO destinations (destination_id, name, state) VALUES (6, 'Munnar', 'Kerala');
INSERT INTO destinations (destination_id, name, state) VALUES (7, 'Kochi', 'Kerala');
INSERT INTO destinations (destination_id, name, state) VALUES (8, 'Alleppey', 'Kerala');
INSERT INTO destinations (destination_id, name, state) VALUES (9, 'Wayanad', 'Kerala');
INSERT INTO destinations (destination_id, name, state) VALUES (10, 'Thiruvananthapuram', 'Kerala');

-- Insert hotels
INSERT INTO hotels (hotel_id, destination_id, name, price_per_night, rating, latitude, longitude) VALUES (1, 1, 'Heritage Suites Bengaluru', 5029, 4.3, 12.955265, 77.581437);
INSERT INTO hotels (hotel_id, destination_id, name, price_per_night, rating, latitude, longitude) VALUES (2, 1, 'Emerald Lodge Bengaluru', 2674, 4.0, 12.964017, 77.56658);
INSERT INTO hotels (hotel_id, destination_id, name, price_per_night, rating, latitude, longitude) VALUES (3, 1, 'Grand Hotel Bengaluru', 1495, 3.9, 12.945433, 77.581262);
INSERT INTO hotels (hotel_id, destination_id, name, price_per_night, rating, latitude, longitude) VALUES (4, 1, 'Palm Retreat Bengaluru', 1127, 3.1, 12.943865, 77.575979);
INSERT INTO hotels (hotel_id, destination_id, name, price_per_night, rating, latitude, longitude) VALUES (5, 1, 'Emerald Resort Bengaluru', 4153, 3.8, 12.965411, 77.604482);
INSERT INTO hotels (hotel_id, destination_id, name, price_per_night, rating, latitude, longitude) VALUES (6, 1, 'Ocean Hotel Bengaluru', 2039, 4.3, 12.955208, 77.587577);
INSERT INTO hotels (hotel_id, destination_id, name, price_per_night, rating, latitude, longitude) VALUES (7, 1, 'Boutique Retreat Bengaluru', 5905, 4.2, 12.958401, 77.599626);
INSERT INTO hotels (hotel_id, destination_id, name, price_per_night, rating, latitude, longitude) VALUES (8, 1, 'Ocean Suites Bengaluru', 1489, 3.0, 12.950574, 77.574215);
INSERT INTO hotels (hotel_id, destination_id, name, price_per_night, rating, latitude, longitude) VALUES (9, 1, 'Premium Lodge Bengaluru', 14811, 4.8, 12.932492, 77.569988);
INSERT INTO hotels (hotel_id, destination_id, name, price_per_night, rating, latitude, longitude) VALUES (10, 1, 'Mountain Resort Bengaluru', 1346, 3.1, 12.964366, 77.591696);
INSERT INTO hotels (hotel_id, destination_id, name, price_per_night, rating, latitude, longitude) VALUES (11, 1, 'Palm Suites Bengaluru', 1731, 4.0, 12.992862, 77.610564);
INSERT INTO hotels (hotel_id, destination_id, name, price_per_night, rating, latitude, longitude) VALUES (12, 1, 'Premium Inn Bengaluru', 5777, 4.1, 12.974356, 77.584485);
INSERT INTO hotels (hotel_id, destination_id, name, price_per_night, rating, latitude, longitude) VALUES (13, 1, 'Heritage Resort Bengaluru', 544, 3.5, 12.988021, 77.594566);
INSERT INTO hotels (hotel_id, destination_id, name, price_per_night, rating, latitude, longitude) VALUES (14, 1, 'Grand Lodge Bengaluru', 1790, 3.9, 12.972251, 77.597092);
INSERT INTO hotels (hotel_id, destination_id, name, price_per_night, rating, latitude, longitude) VALUES (15, 1, 'Emerald Resort Bengaluru', 11698, 4.7, 12.995358, 77.614151);
INSERT INTO hotels (hotel_id, destination_id, name, price_per_night, rating, latitude, longitude) VALUES (16, 1, 'Classic Retreat Bengaluru', 1671, 3.2, 12.983685, 77.586331);
INSERT INTO hotels (hotel_id, destination_id, name, price_per_night, rating, latitude, longitude) VALUES (17, 1, 'Majestic Suites Bengaluru', 3635, 4.3, 12.970988, 77.60311);
INSERT INTO hotels (hotel_id, destination_id, name, price_per_night, rating, latitude, longitude) VALUES (18, 1, 'Valley Hotel Bengaluru', 1272, 3.6, 12.984305, 77.608648);
INSERT INTO hotels (hotel_id, destination_id, name, price_per_night, rating, latitude, longitude) VALUES (19, 1, 'Imperial Retreat Bengaluru', 7483, 4.7, 12.986433, 77.578221);
INSERT INTO hotels (hotel_id, destination_id, name, price_per_night, rating, latitude, longitude) VALUES (20, 1, 'Valley Suites Bengaluru', 3588, 4.4, 12.971456, 77.605263);
INSERT INTO hotels (hotel_id, destination_id, name, price_per_night, rating, latitude, longitude) VALUES (21, 1, 'Sunset Hotel Bengaluru', 5999, 4.5, 12.993934, 77.584521);
INSERT INTO hotels (hotel_id, destination_id, name, price_per_night, rating, latitude, longitude) VALUES (22, 1, 'Blue Inn Bengaluru', 2461, 4.3, 13.008159, 77.574443);
INSERT INTO hotels (hotel_id, destination_id, name, price_per_night, rating, latitude, longitude) VALUES (23, 1, 'Premium Resort Bengaluru', 1179, 3.2, 12.998406, 77.598881);
INSERT INTO hotels (hotel_id, destination_id, name, price_per_night, rating, latitude, longitude) VALUES (24, 1, 'Classic Inn Bengaluru', 1143, 3.3, 12.979644, 77.598582);
INSERT INTO hotels (hotel_id, destination_id, name, price_per_night, rating, latitude, longitude) VALUES (25, 1, 'Blue Suites Bengaluru', 11608, 4.3, 12.998013, 77.594863);
INSERT INTO hotels (hotel_id, destination_id, name, price_per_night, rating, latitude, longitude) VALUES (26, 1, 'Blue Suites Bengaluru', 2863, 3.5, 12.987876, 77.609696);
INSERT INTO hotels (hotel_id, destination_id, name, price_per_night, rating, latitude, longitude) VALUES (27, 1, 'Emerald Lodge Bengaluru', 13214, 4.9, 12.994037, 77.597805);
INSERT INTO hotels (hotel_id, destination_id, name, price_per_night, rating, latitude, longitude) VALUES (28, 1, 'Majestic Hotel Bengaluru', 13515, 4.2, 13.00649, 77.593076);
INSERT INTO hotels (hotel_id, destination_id, name, price_per_night, rating, latitude, longitude) VALUES (29, 1, 'Classic Suites Bengaluru', 2069, 3.9, 12.995809, 77.585904);
INSERT INTO hotels (hotel_id, destination_id, name, price_per_night, rating, latitude, longitude) VALUES (30, 1, 'Imperial Resort Bengaluru', 660, 3.5, 13.009738, 77.610766);
INSERT INTO hotels (hotel_id, destination_id, name, price_per_night, rating, latitude, longitude) VALUES (31, 1, 'Boutique Resort Bengaluru', 9506, 4.4, 13.354845, 77.693072);
INSERT INTO hotels (hotel_id, destination_id, name, price_per_night, rating, latitude, longitude) VALUES (32, 1, 'Ocean Retreat Bengaluru', 1068, 3.9, 13.373175, 77.671467);
INSERT INTO hotels (hotel_id, destination_id, name, price_per_night, rating, latitude, longitude) VALUES (33, 1, 'Grand Hotel Bengaluru', 6516, 4.8, 13.374661, 77.673722);
INSERT INTO hotels (hotel_id, destination_id, name, price_per_night, rating, latitude, longitude) VALUES (34, 1, 'Royal Retreat Bengaluru', 1628, 3.2, 13.373736, 77.686279);
INSERT INTO hotels (hotel_id, destination_id, name, price_per_night, rating, latitude, longitude) VALUES (35, 1, 'Mountain Lodge Bengaluru', 1721, 3.4, 13.354541, 77.686343);
INSERT INTO hotels (hotel_id, destination_id, name, price_per_night, rating, latitude, longitude) VALUES (36, 1, 'Palm Suites Bengaluru', 1561, 3.8, 13.375745, 77.680862);
INSERT INTO hotels (hotel_id, destination_id, name, price_per_night, rating, latitude, longitude) VALUES (37, 1, 'Ocean Resort Bengaluru', 8850, 5.0, 13.36455, 77.674126);
INSERT INTO hotels (hotel_id, destination_id, name, price_per_night, rating, latitude, longitude) VALUES (38, 1, 'Mountain Resort Bengaluru', 2459, 4.4, 13.353781, 77.701139);
INSERT INTO hotels (hotel_id, destination_id, name, price_per_night, rating, latitude, longitude) VALUES (39, 1, 'Premium Resort Bengaluru', 1607, 3.0, 13.379352, 77.685479);
INSERT INTO hotels (hotel_id, destination_id, name, price_per_night, rating, latitude, longitude) VALUES (40, 1, 'Grand Hotel Bengaluru', 4820, 3.9, 13.384419, 77.670097);
INSERT INTO hotels (hotel_id, destination_id, name, price_per_night, rating, latitude, longitude) VALUES (41, 1, 'Valley Hotel Bengaluru', 14083, 4.7, 12.969575, 77.571453);
INSERT INTO hotels (hotel_id, destination_id, name, price_per_night, rating, latitude, longitude) VALUES (42, 1, 'Sunset Retreat Bengaluru', 11293, 4.1, 12.994477, 77.57987);
INSERT INTO hotels (hotel_id, destination_id, name, price_per_night, rating, latitude, longitude) VALUES (43, 1, 'Blue Lodge Bengaluru', 504, 3.9, 12.976016, 77.60764);
INSERT INTO hotels (hotel_id, destination_id, name, price_per_night, rating, latitude, longitude) VALUES (44, 1, 'Grand Resort Bengaluru', 742, 3.5, 12.97419, 77.57261);
INSERT INTO hotels (hotel_id, destination_id, name, price_per_night, rating, latitude, longitude) VALUES (45, 1, 'Grand Inn Bengaluru', 1676, 3.5, 12.983603, 77.588171);
INSERT INTO hotels (hotel_id, destination_id, name, price_per_night, rating, latitude, longitude) VALUES (46, 1, 'Ocean Lodge Bengaluru', 14079, 4.7, 12.979722, 77.59005);
INSERT INTO hotels (hotel_id, destination_id, name, price_per_night, rating, latitude, longitude) VALUES (47, 1, 'Grand Resort Bengaluru', 4526, 3.7, 12.9766, 77.592025);
INSERT INTO hotels (hotel_id, destination_id, name, price_per_night, rating, latitude, longitude) VALUES (48, 1, 'Majestic Resort Bengaluru', 680, 3.6, 12.997877, 77.586752);
INSERT INTO hotels (hotel_id, destination_id, name, price_per_night, rating, latitude, longitude) VALUES (49, 1, 'Heritage Suites Bengaluru', 7491, 4.3, 12.992239, 77.60864);
INSERT INTO hotels (hotel_id, destination_id, name, price_per_night, rating, latitude, longitude) VALUES (50, 1, 'Emerald Hotel Bengaluru', 4318, 4.0, 12.976272, 77.575187);
INSERT INTO hotels (hotel_id, destination_id, name, price_per_night, rating, latitude, longitude) VALUES (51, 2, 'Blue Inn Mysuru', 808, 3.4, 12.304203, 76.654435);
INSERT INTO hotels (hotel_id, destination_id, name, price_per_night, rating, latitude, longitude) VALUES (52, 2, 'Boutique Retreat Mysuru', 4135, 3.7, 12.32129, 76.635209);
INSERT INTO hotels (hotel_id, destination_id, name, price_per_night, rating, latitude, longitude) VALUES (53, 2, 'Sunset Suites Mysuru', 12360, 4.2, 12.294738, 76.635121);
INSERT INTO hotels (hotel_id, destination_id, name, price_per_night, rating, latitude, longitude) VALUES (54, 2, 'Heritage Lodge Mysuru', 6494, 4.6, 12.301188, 76.656024);
INSERT INTO hotels (hotel_id, destination_id, name, price_per_night, rating, latitude, longitude) VALUES (55, 2, 'Majestic Inn Mysuru', 1777, 3.8, 12.318053, 76.637115);
INSERT INTO hotels (hotel_id, destination_id, name, price_per_night, rating, latitude, longitude) VALUES (56, 2, 'Classic Lodge Mysuru', 14714, 4.5, 12.294998, 76.646743);
INSERT INTO hotels (hotel_id, destination_id, name, price_per_night, rating, latitude, longitude) VALUES (57, 2, 'Ocean Hotel Mysuru', 10486, 4.6, 12.297089, 76.656303);
INSERT INTO hotels (hotel_id, destination_id, name, price_per_night, rating, latitude, longitude) VALUES (58, 2, 'Grand Resort Mysuru', 1493, 3.5, 12.323653, 76.67015);
INSERT INTO hotels (hotel_id, destination_id, name, price_per_night, rating, latitude, longitude) VALUES (59, 2, 'Majestic Lodge Mysuru', 734, 3.3, 12.304157, 76.660317);
INSERT INTO hotels (hotel_id, destination_id, name, price_per_night, rating, latitude, longitude) VALUES (60, 2, 'Sunset Resort Mysuru', 4129, 4.1, 12.313092, 76.647263);
INSERT INTO hotels (hotel_id, destination_id, name, price_per_night, rating, latitude, longitude) VALUES (61, 2, 'Imperial Lodge Mysuru', 12868, 4.4, 12.291655, 76.654877);
INSERT INTO hotels (hotel_id, destination_id, name, price_per_night, rating, latitude, longitude) VALUES (62, 2, 'Sunrise Retreat Mysuru', 2892, 3.8, 12.278662, 76.671281);
INSERT INTO hotels (hotel_id, destination_id, name, price_per_night, rating, latitude, longitude) VALUES (63, 2, 'Boutique Lodge Mysuru', 4219, 3.9, 12.282993, 76.656341);
INSERT INTO hotels (hotel_id, destination_id, name, price_per_night, rating, latitude, longitude) VALUES (64, 2, 'Boutique Inn Mysuru', 3062, 4.0, 12.257524, 76.65272);
INSERT INTO hotels (hotel_id, destination_id, name, price_per_night, rating, latitude, longitude) VALUES (65, 2, 'Boutique Resort Mysuru', 4880, 3.8, 12.258342, 76.666554);
INSERT INTO hotels (hotel_id, destination_id, name, price_per_night, rating, latitude, longitude) VALUES (66, 2, 'Emerald Hotel Mysuru', 1323, 3.5, 12.281066, 76.655801);
INSERT INTO hotels (hotel_id, destination_id, name, price_per_night, rating, latitude, longitude) VALUES (67, 2, 'Valley Lodge Mysuru', 4241, 3.7, 12.280409, 76.669748);
INSERT INTO hotels (hotel_id, destination_id, name, price_per_night, rating, latitude, longitude) VALUES (68, 2, 'Blue Suites Mysuru', 11033, 4.7, 12.26855, 76.676257);
INSERT INTO hotels (hotel_id, destination_id, name, price_per_night, rating, latitude, longitude) VALUES (69, 2, 'Royal Lodge Mysuru', 3625, 4.1, 12.282129, 76.665933);
INSERT INTO hotels (hotel_id, destination_id, name, price_per_night, rating, latitude, longitude) VALUES (70, 2, 'Ocean Suites Mysuru', 4457, 3.8, 12.281434, 76.655196);
INSERT INTO hotels (hotel_id, destination_id, name, price_per_night, rating, latitude, longitude) VALUES (71, 2, 'Emerald Inn Mysuru', 1534, 3.7, 12.434628, 76.578266);
INSERT INTO hotels (hotel_id, destination_id, name, price_per_night, rating, latitude, longitude) VALUES (72, 2, 'Sunrise Hotel Mysuru', 13906, 4.6, 12.44253, 76.563628);
INSERT INTO hotels (hotel_id, destination_id, name, price_per_night, rating, latitude, longitude) VALUES (73, 2, 'Sunset Inn Mysuru', 1304, 3.1, 12.405818, 76.561843);
INSERT INTO hotels (hotel_id, destination_id, name, price_per_night, rating, latitude, longitude) VALUES (74, 2, 'Heritage Inn Mysuru', 1571, 4.0, 12.405821, 76.591491);
INSERT INTO hotels (hotel_id, destination_id, name, price_per_night, rating, latitude, longitude) VALUES (75, 2, 'Boutique Resort Mysuru', 8103, 4.9, 12.413694, 76.560303);
INSERT INTO hotels (hotel_id, destination_id, name, price_per_night, rating, latitude, longitude) VALUES (76, 2, 'Palm Suites Mysuru', 2988, 4.0, 12.412273, 76.589611);
INSERT INTO hotels (hotel_id, destination_id, name, price_per_night, rating, latitude, longitude) VALUES (77, 2, 'Sunset Lodge Mysuru', 10669, 4.9, 12.409354, 76.58002);
INSERT INTO hotels (hotel_id, destination_id, name, price_per_night, rating, latitude, longitude) VALUES (78, 2, 'Sunrise Resort Mysuru', 2903, 4.0, 12.416659, 76.588506);
INSERT INTO hotels (hotel_id, destination_id, name, price_per_night, rating, latitude, longitude) VALUES (79, 2, 'Classic Hotel Mysuru', 13562, 4.9, 12.436738, 76.58567);
INSERT INTO hotels (hotel_id, destination_id, name, price_per_night, rating, latitude, longitude) VALUES (80, 2, 'Classic Lodge Mysuru', 2705, 3.7, 12.426191, 76.590994);
INSERT INTO hotels (hotel_id, destination_id, name, price_per_night, rating, latitude, longitude) VALUES (81, 2, 'Sunrise Lodge Mysuru', 745, 3.2, 12.317626, 76.668363);
INSERT INTO hotels (hotel_id, destination_id, name, price_per_night, rating, latitude, longitude) VALUES (82, 2, 'Blue Inn Mysuru', 3282, 3.6, 12.294415, 76.681748);
INSERT INTO hotels (hotel_id, destination_id, name, price_per_night, rating, latitude, longitude) VALUES (83, 2, 'Majestic Hotel Mysuru', 4446, 4.1, 12.318256, 76.664222);
INSERT INTO hotels (hotel_id, destination_id, name, price_per_night, rating, latitude, longitude) VALUES (84, 2, 'Boutique Lodge Mysuru', 4869, 4.1, 12.289478, 76.646252);
INSERT INTO hotels (hotel_id, destination_id, name, price_per_night, rating, latitude, longitude) VALUES (85, 2, 'Sunset Suites Mysuru', 1659, 3.2, 12.287277, 76.660119);
INSERT INTO hotels (hotel_id, destination_id, name, price_per_night, rating, latitude, longitude) VALUES (86, 2, 'Palm Inn Mysuru', 11276, 4.2, 12.30763, 76.652759);
INSERT INTO hotels (hotel_id, destination_id, name, price_per_night, rating, latitude, longitude) VALUES (87, 2, 'Sunset Suites Mysuru', 13675, 5.0, 12.30409, 76.668728);
INSERT INTO hotels (hotel_id, destination_id, name, price_per_night, rating, latitude, longitude) VALUES (88, 2, 'Sunrise Retreat Mysuru', 1882, 3.7, 12.299961, 76.656077);
INSERT INTO hotels (hotel_id, destination_id, name, price_per_night, rating, latitude, longitude) VALUES (89, 2, 'Heritage Inn Mysuru', 1629, 3.8, 12.291356, 76.659163);
INSERT INTO hotels (hotel_id, destination_id, name, price_per_night, rating, latitude, longitude) VALUES (90, 2, 'Sunset Retreat Mysuru', 4413, 4.2, 12.322005, 76.658228);
INSERT INTO hotels (hotel_id, destination_id, name, price_per_night, rating, latitude, longitude) VALUES (91, 3, 'Premium Retreat Hampi', 1732, 3.4, 15.340974, 76.464926);
INSERT INTO hotels (hotel_id, destination_id, name, price_per_night, rating, latitude, longitude) VALUES (92, 3, 'Mountain Retreat Hampi', 3422, 4.2, 15.350821, 76.468524);
INSERT INTO hotels (hotel_id, destination_id, name, price_per_night, rating, latitude, longitude) VALUES (93, 3, 'Classic Hotel Hampi', 9096, 4.8, 15.328654, 76.46873);
INSERT INTO hotels (hotel_id, destination_id, name, price_per_night, rating, latitude, longitude) VALUES (94, 3, 'Sunset Resort Hampi', 4274, 3.8, 15.329579, 76.474025);
INSERT INTO hotels (hotel_id, destination_id, name, price_per_night, rating, latitude, longitude) VALUES (95, 3, 'Sunrise Hotel Hampi', 973, 3.2, 15.31656, 76.44169);
INSERT INTO hotels (hotel_id, destination_id, name, price_per_night, rating, latitude, longitude) VALUES (96, 3, 'Valley Lodge Hampi', 1393, 3.9, 15.321694, 76.443889);
INSERT INTO hotels (hotel_id, destination_id, name, price_per_night, rating, latitude, longitude) VALUES (97, 3, 'Imperial Retreat Hampi', 1186, 3.2, 15.337349, 76.448559);
INSERT INTO hotels (hotel_id, destination_id, name, price_per_night, rating, latitude, longitude) VALUES (98, 3, 'Mountain Hotel Hampi', 9598, 4.7, 15.334905, 76.477743);
INSERT INTO hotels (hotel_id, destination_id, name, price_per_night, rating, latitude, longitude) VALUES (99, 3, 'Boutique Suites Hampi', 2160, 3.7, 15.343779, 76.474731);
INSERT INTO hotels (hotel_id, destination_id, name, price_per_night, rating, latitude, longitude) VALUES (100, 3, 'Premium Hotel Hampi', 887, 3.0, 15.338046, 76.447292);
INSERT INTO hotels (hotel_id, destination_id, name, price_per_night, rating, latitude, longitude) VALUES (101, 3, 'Blue Suites Hampi', 6044, 4.8, 15.345669, 76.465858);
INSERT INTO hotels (hotel_id, destination_id, name, price_per_night, rating, latitude, longitude) VALUES (102, 3, 'Premium Hotel Hampi', 10238, 4.8, 15.344595, 76.462854);
INSERT INTO hotels (hotel_id, destination_id, name, price_per_night, rating, latitude, longitude) VALUES (103, 3, 'Imperial Resort Hampi', 2807, 4.2, 15.334648, 76.458743);
INSERT INTO hotels (hotel_id, destination_id, name, price_per_night, rating, latitude, longitude) VALUES (104, 3, 'Blue Hotel Hampi', 14857, 4.2, 15.324849, 76.474275);
INSERT INTO hotels (hotel_id, destination_id, name, price_per_night, rating, latitude, longitude) VALUES (105, 3, 'Ocean Suites Hampi', 3294, 4.2, 15.326661, 76.485204);
INSERT INTO hotels (hotel_id, destination_id, name, price_per_night, rating, latitude, longitude) VALUES (106, 3, 'Premium Lodge Hampi', 1565, 3.4, 15.352165, 76.464371);
INSERT INTO hotels (hotel_id, destination_id, name, price_per_night, rating, latitude, longitude) VALUES (107, 3, 'Mountain Lodge Hampi', 13699, 4.0, 15.321497, 76.475112);
INSERT INTO hotels (hotel_id, destination_id, name, price_per_night, rating, latitude, longitude) VALUES (108, 3, 'Imperial Resort Hampi', 9114, 4.1, 15.345535, 76.487643);
INSERT INTO hotels (hotel_id, destination_id, name, price_per_night, rating, latitude, longitude) VALUES (109, 3, 'Palm Retreat Hampi', 11174, 4.9, 15.357042, 76.484921);
INSERT INTO hotels (hotel_id, destination_id, name, price_per_night, rating, latitude, longitude) VALUES (110, 3, 'Sunset Suites Hampi', 4246, 4.3, 15.324898, 76.488524);
INSERT INTO hotels (hotel_id, destination_id, name, price_per_night, rating, latitude, longitude) VALUES (111, 3, 'Sunset Retreat Hampi', 11759, 4.9, 15.3412, 76.479375);
INSERT INTO hotels (hotel_id, destination_id, name, price_per_night, rating, latitude, longitude) VALUES (112, 3, 'Sunset Lodge Hampi', 10647, 4.7, 15.330347, 76.452957);
INSERT INTO hotels (hotel_id, destination_id, name, price_per_night, rating, latitude, longitude) VALUES (113, 3, 'Majestic Retreat Hampi', 647, 3.2, 15.333757, 76.451257);
INSERT INTO hotels (hotel_id, destination_id, name, price_per_night, rating, latitude, longitude) VALUES (114, 3, 'Palm Hotel Hampi', 5421, 4.0, 15.334631, 76.452801);
INSERT INTO hotels (hotel_id, destination_id, name, price_per_night, rating, latitude, longitude) VALUES (115, 3, 'Grand Resort Hampi', 10368, 4.8, 15.327072, 76.475282);
INSERT INTO hotels (hotel_id, destination_id, name, price_per_night, rating, latitude, longitude) VALUES (116, 3, 'Majestic Resort Hampi', 1130, 3.4, 15.348024, 76.480813);
INSERT INTO hotels (hotel_id, destination_id, name, price_per_night, rating, latitude, longitude) VALUES (117, 3, 'Imperial Suites Hampi', 5501, 4.5, 15.33464, 76.475928);
INSERT INTO hotels (hotel_id, destination_id, name, price_per_night, rating, latitude, longitude) VALUES (118, 3, 'Classic Inn Hampi', 4776, 4.3, 15.31753, 76.478389);
INSERT INTO hotels (hotel_id, destination_id, name, price_per_night, rating, latitude, longitude) VALUES (119, 3, 'Premium Hotel Hampi', 857, 3.9, 15.333132, 76.458773);
INSERT INTO hotels (hotel_id, destination_id, name, price_per_night, rating, latitude, longitude) VALUES (120, 3, 'Royal Suites Hampi', 14132, 4.5, 15.32353, 76.477771);
INSERT INTO hotels (hotel_id, destination_id, name, price_per_night, rating, latitude, longitude) VALUES (121, 3, 'Grand Inn Hampi', 7027, 4.2, 15.353178, 76.449374);
INSERT INTO hotels (hotel_id, destination_id, name, price_per_night, rating, latitude, longitude) VALUES (122, 3, 'Ocean Resort Hampi', 2019, 4.1, 15.317709, 76.479703);
INSERT INTO hotels (hotel_id, destination_id, name, price_per_night, rating, latitude, longitude) VALUES (123, 3, 'Mountain Hotel Hampi', 1811, 3.1, 15.334902, 76.45654);
INSERT INTO hotels (hotel_id, destination_id, name, price_per_night, rating, latitude, longitude) VALUES (124, 3, 'Blue Hotel Hampi', 4898, 4.4, 15.34536, 76.467662);
INSERT INTO hotels (hotel_id, destination_id, name, price_per_night, rating, latitude, longitude) VALUES (125, 3, 'Classic Resort Hampi', 3737, 3.8, 15.34936, 76.462165);
INSERT INTO hotels (hotel_id, destination_id, name, price_per_night, rating, latitude, longitude) VALUES (126, 3, 'Classic Resort Hampi', 921, 3.4, 15.350052, 76.469895);
INSERT INTO hotels (hotel_id, destination_id, name, price_per_night, rating, latitude, longitude) VALUES (127, 3, 'Grand Lodge Hampi', 5064, 4.1, 15.335926, 76.449039);
INSERT INTO hotels (hotel_id, destination_id, name, price_per_night, rating, latitude, longitude) VALUES (128, 3, 'Grand Resort Hampi', 10707, 4.9, 15.333554, 76.447425);
INSERT INTO hotels (hotel_id, destination_id, name, price_per_night, rating, latitude, longitude) VALUES (129, 3, 'Emerald Lodge Hampi', 2767, 3.5, 15.336642, 76.45201);
INSERT INTO hotels (hotel_id, destination_id, name, price_per_night, rating, latitude, longitude) VALUES (130, 3, 'Imperial Hotel Hampi', 2217, 3.9, 15.344863, 76.474915);
INSERT INTO hotels (hotel_id, destination_id, name, price_per_night, rating, latitude, longitude) VALUES (131, 4, 'Heritage Retreat Gokarna', 1452, 3.7, 14.499916, 74.307681);
INSERT INTO hotels (hotel_id, destination_id, name, price_per_night, rating, latitude, longitude) VALUES (132, 4, 'Emerald Suites Gokarna', 12057, 4.9, 14.521328, 74.334114);
INSERT INTO hotels (hotel_id, destination_id, name, price_per_night, rating, latitude, longitude) VALUES (133, 4, 'Emerald Lodge Gokarna', 3837, 4.1, 14.523163, 74.324557);
INSERT INTO hotels (hotel_id, destination_id, name, price_per_night, rating, latitude, longitude) VALUES (134, 4, 'Ocean Retreat Gokarna', 1620, 3.2, 14.527536, 74.316192);
INSERT INTO hotels (hotel_id, destination_id, name, price_per_night, rating, latitude, longitude) VALUES (135, 4, 'Classic Lodge Gokarna', 12917, 4.3, 14.505771, 74.316104);
INSERT INTO hotels (hotel_id, destination_id, name, price_per_night, rating, latitude, longitude) VALUES (136, 4, 'Boutique Resort Gokarna', 14257, 4.6, 14.501755, 74.305323);
INSERT INTO hotels (hotel_id, destination_id, name, price_per_night, rating, latitude, longitude) VALUES (137, 4, 'Grand Suites Gokarna', 2095, 3.7, 14.5162, 74.31892);
INSERT INTO hotels (hotel_id, destination_id, name, price_per_night, rating, latitude, longitude) VALUES (138, 4, 'Valley Lodge Gokarna', 5141, 4.5, 14.534222, 74.300482);
INSERT INTO hotels (hotel_id, destination_id, name, price_per_night, rating, latitude, longitude) VALUES (139, 4, 'Emerald Hotel Gokarna', 2647, 3.6, 14.509538, 74.326028);
INSERT INTO hotels (hotel_id, destination_id, name, price_per_night, rating, latitude, longitude) VALUES (140, 4, 'Imperial Resort Gokarna', 1238, 3.1, 14.504152, 74.334098);
INSERT INTO hotels (hotel_id, destination_id, name, price_per_night, rating, latitude, longitude) VALUES (141, 4, 'Blue Resort Gokarna', 3024, 3.6, 14.536757, 74.317662);
INSERT INTO hotels (hotel_id, destination_id, name, price_per_night, rating, latitude, longitude) VALUES (142, 4, 'Eco Retreat Gokarna', 13657, 4.1, 14.545051, 74.309469);
INSERT INTO hotels (hotel_id, destination_id, name, price_per_night, rating, latitude, longitude) VALUES (143, 4, 'Emerald Inn Gokarna', 987, 3.6, 14.540253, 74.300105);
INSERT INTO hotels (hotel_id, destination_id, name, price_per_night, rating, latitude, longitude) VALUES (144, 4, 'Valley Retreat Gokarna', 7106, 4.7, 14.510716, 74.315061);
INSERT INTO hotels (hotel_id, destination_id, name, price_per_night, rating, latitude, longitude) VALUES (145, 4, 'Classic Suites Gokarna', 1232, 3.9, 14.510954, 74.311214);
INSERT INTO hotels (hotel_id, destination_id, name, price_per_night, rating, latitude, longitude) VALUES (146, 4, 'Heritage Resort Gokarna', 2548, 3.9, 14.524099, 74.333391);
INSERT INTO hotels (hotel_id, destination_id, name, price_per_night, rating, latitude, longitude) VALUES (147, 4, 'Blue Suites Gokarna', 643, 3.2, 14.540602, 74.327259);
INSERT INTO hotels (hotel_id, destination_id, name, price_per_night, rating, latitude, longitude) VALUES (148, 4, 'Classic Retreat Gokarna', 3651, 3.7, 14.509717, 74.328863);
INSERT INTO hotels (hotel_id, destination_id, name, price_per_night, rating, latitude, longitude) VALUES (149, 4, 'Sunrise Inn Gokarna', 2369, 4.1, 14.52518, 74.297438);
INSERT INTO hotels (hotel_id, destination_id, name, price_per_night, rating, latitude, longitude) VALUES (150, 4, 'Emerald Inn Gokarna', 3787, 3.9, 14.520664, 74.327247);
INSERT INTO hotels (hotel_id, destination_id, name, price_per_night, rating, latitude, longitude) VALUES (151, 4, 'Emerald Retreat Gokarna', 11046, 4.7, 14.5241, 74.335538);
INSERT INTO hotels (hotel_id, destination_id, name, price_per_night, rating, latitude, longitude) VALUES (152, 4, 'Mountain Hotel Gokarna', 2185, 3.6, 14.539519, 74.337899);
INSERT INTO hotels (hotel_id, destination_id, name, price_per_night, rating, latitude, longitude) VALUES (153, 4, 'Classic Hotel Gokarna', 4396, 4.0, 14.557168, 74.310548);
INSERT INTO hotels (hotel_id, destination_id, name, price_per_night, rating, latitude, longitude) VALUES (154, 4, 'Royal Resort Gokarna', 1834, 3.2, 14.535827, 74.305363);
INSERT INTO hotels (hotel_id, destination_id, name, price_per_night, rating, latitude, longitude) VALUES (155, 4, 'Premium Resort Gokarna', 6456, 4.6, 14.518638, 74.3008);
INSERT INTO hotels (hotel_id, destination_id, name, price_per_night, rating, latitude, longitude) VALUES (156, 4, 'Ocean Inn Gokarna', 6789, 4.7, 14.536607, 74.304459);
INSERT INTO hotels (hotel_id, destination_id, name, price_per_night, rating, latitude, longitude) VALUES (157, 4, 'Eco Resort Gokarna', 1399, 3.9, 14.54976, 74.313226);
INSERT INTO hotels (hotel_id, destination_id, name, price_per_night, rating, latitude, longitude) VALUES (158, 4, 'Eco Inn Gokarna', 1164, 3.3, 14.546891, 74.325167);
INSERT INTO hotels (hotel_id, destination_id, name, price_per_night, rating, latitude, longitude) VALUES (159, 4, 'Mountain Lodge Gokarna', 4053, 3.9, 14.533291, 74.304585);
INSERT INTO hotels (hotel_id, destination_id, name, price_per_night, rating, latitude, longitude) VALUES (160, 4, 'Sunset Suites Gokarna', 4137, 4.5, 14.539143, 74.312107);
INSERT INTO hotels (hotel_id, destination_id, name, price_per_night, rating, latitude, longitude) VALUES (161, 5, 'Grand Hotel Coorg', 906, 3.6, 12.471323, 75.733286);
INSERT INTO hotels (hotel_id, destination_id, name, price_per_night, rating, latitude, longitude) VALUES (162, 5, 'Ocean Retreat Coorg', 3918, 4.4, 12.450476, 75.700019);
INSERT INTO hotels (hotel_id, destination_id, name, price_per_night, rating, latitude, longitude) VALUES (163, 5, 'Boutique Suites Coorg', 743, 3.9, 12.463641, 75.733337);
INSERT INTO hotels (hotel_id, destination_id, name, price_per_night, rating, latitude, longitude) VALUES (164, 5, 'Emerald Retreat Coorg', 3330, 4.3, 12.448002, 75.722314);
INSERT INTO hotels (hotel_id, destination_id, name, price_per_night, rating, latitude, longitude) VALUES (165, 5, 'Imperial Inn Coorg', 2185, 4.1, 12.460901, 75.698235);
INSERT INTO hotels (hotel_id, destination_id, name, price_per_night, rating, latitude, longitude) VALUES (166, 5, 'Grand Suites Coorg', 10641, 4.4, 12.480595, 75.720426);
INSERT INTO hotels (hotel_id, destination_id, name, price_per_night, rating, latitude, longitude) VALUES (167, 5, 'Palm Resort Coorg', 7518, 4.5, 12.463864, 75.717664);
INSERT INTO hotels (hotel_id, destination_id, name, price_per_night, rating, latitude, longitude) VALUES (168, 5, 'Boutique Resort Coorg', 8669, 4.8, 12.471529, 75.718786);
INSERT INTO hotels (hotel_id, destination_id, name, price_per_night, rating, latitude, longitude) VALUES (169, 5, 'Classic Retreat Coorg', 3209, 4.0, 12.460052, 75.701504);
INSERT INTO hotels (hotel_id, destination_id, name, price_per_night, rating, latitude, longitude) VALUES (170, 5, 'Mountain Retreat Coorg', 5687, 4.2, 12.45116, 75.736684);
INSERT INTO hotels (hotel_id, destination_id, name, price_per_night, rating, latitude, longitude) VALUES (171, 5, 'Classic Resort Coorg', 8960, 4.9, 12.436568, 75.729832);
INSERT INTO hotels (hotel_id, destination_id, name, price_per_night, rating, latitude, longitude) VALUES (172, 5, 'Blue Hotel Coorg', 13413, 4.8, 12.428927, 75.737695);
INSERT INTO hotels (hotel_id, destination_id, name, price_per_night, rating, latitude, longitude) VALUES (173, 5, 'Emerald Inn Coorg', 3618, 3.7, 12.436988, 75.750279);
INSERT INTO hotels (hotel_id, destination_id, name, price_per_night, rating, latitude, longitude) VALUES (174, 5, 'Classic Retreat Coorg', 2977, 3.9, 12.43089, 75.722036);
INSERT INTO hotels (hotel_id, destination_id, name, price_per_night, rating, latitude, longitude) VALUES (175, 5, 'Sunset Hotel Coorg', 1703, 3.3, 12.414664, 75.746385);
INSERT INTO hotels (hotel_id, destination_id, name, price_per_night, rating, latitude, longitude) VALUES (176, 5, 'Boutique Lodge Coorg', 12285, 4.4, 12.424196, 75.735152);
INSERT INTO hotels (hotel_id, destination_id, name, price_per_night, rating, latitude, longitude) VALUES (177, 5, 'Classic Suites Coorg', 3908, 3.5, 12.411724, 75.726621);
INSERT INTO hotels (hotel_id, destination_id, name, price_per_night, rating, latitude, longitude) VALUES (178, 5, 'Mountain Lodge Coorg', 4821, 4.1, 12.4239, 75.753527);
INSERT INTO hotels (hotel_id, destination_id, name, price_per_night, rating, latitude, longitude) VALUES (179, 5, 'Valley Hotel Coorg', 718, 3.4, 12.414419, 75.7478);
INSERT INTO hotels (hotel_id, destination_id, name, price_per_night, rating, latitude, longitude) VALUES (180, 5, 'Classic Suites Coorg', 2182, 4.2, 12.427785, 75.741049);
INSERT INTO hotels (hotel_id, destination_id, name, price_per_night, rating, latitude, longitude) VALUES (181, 5, 'Sunset Inn Coorg', 5154, 4.7, 12.381934, 75.842242);
INSERT INTO hotels (hotel_id, destination_id, name, price_per_night, rating, latitude, longitude) VALUES (182, 5, 'Royal Inn Coorg', 1095, 3.2, 12.373002, 75.84497);
INSERT INTO hotels (hotel_id, destination_id, name, price_per_night, rating, latitude, longitude) VALUES (183, 5, 'Boutique Suites Coorg', 8486, 4.4, 12.386132, 75.862668);
INSERT INTO hotels (hotel_id, destination_id, name, price_per_night, rating, latitude, longitude) VALUES (184, 5, 'Ocean Retreat Coorg', 6186, 4.7, 12.359398, 75.855514);
INSERT INTO hotels (hotel_id, destination_id, name, price_per_night, rating, latitude, longitude) VALUES (185, 5, 'Heritage Lodge Coorg', 1627, 3.4, 12.347624, 75.836941);
INSERT INTO hotels (hotel_id, destination_id, name, price_per_night, rating, latitude, longitude) VALUES (186, 5, 'Premium Hotel Coorg', 4703, 4.5, 12.346732, 75.863519);
INSERT INTO hotels (hotel_id, destination_id, name, price_per_night, rating, latitude, longitude) VALUES (187, 5, 'Sunset Retreat Coorg', 13296, 4.7, 12.384532, 75.830837);
INSERT INTO hotels (hotel_id, destination_id, name, price_per_night, rating, latitude, longitude) VALUES (188, 5, 'Royal Suites Coorg', 2719, 4.3, 12.34851, 75.854276);
INSERT INTO hotels (hotel_id, destination_id, name, price_per_night, rating, latitude, longitude) VALUES (189, 5, 'Mountain Resort Coorg', 4954, 3.9, 12.381173, 75.847117);
INSERT INTO hotels (hotel_id, destination_id, name, price_per_night, rating, latitude, longitude) VALUES (190, 5, 'Ocean Retreat Coorg', 11246, 4.7, 12.379542, 75.853193);
INSERT INTO hotels (hotel_id, destination_id, name, price_per_night, rating, latitude, longitude) VALUES (191, 5, 'Valley Hotel Coorg', 2350, 4.2, 12.380425, 75.503094);
INSERT INTO hotels (hotel_id, destination_id, name, price_per_night, rating, latitude, longitude) VALUES (192, 5, 'Mountain Hotel Coorg', 3454, 3.6, 12.373773, 75.479912);
INSERT INTO hotels (hotel_id, destination_id, name, price_per_night, rating, latitude, longitude) VALUES (193, 5, 'Imperial Inn Coorg', 742, 4.0, 12.371947, 75.478631);
INSERT INTO hotels (hotel_id, destination_id, name, price_per_night, rating, latitude, longitude) VALUES (194, 5, 'Premium Inn Coorg', 4344, 4.4, 12.381812, 75.48043);
INSERT INTO hotels (hotel_id, destination_id, name, price_per_night, rating, latitude, longitude) VALUES (195, 5, 'Ocean Resort Coorg', 8682, 4.3, 12.394834, 75.500837);
INSERT INTO hotels (hotel_id, destination_id, name, price_per_night, rating, latitude, longitude) VALUES (196, 5, 'Heritage Retreat Coorg', 3662, 4.3, 12.396897, 75.482836);
INSERT INTO hotels (hotel_id, destination_id, name, price_per_night, rating, latitude, longitude) VALUES (197, 5, 'Classic Retreat Coorg', 10187, 4.4, 12.401456, 75.473071);
INSERT INTO hotels (hotel_id, destination_id, name, price_per_night, rating, latitude, longitude) VALUES (198, 5, 'Mountain Inn Coorg', 3421, 3.9, 12.383941, 75.499287);
INSERT INTO hotels (hotel_id, destination_id, name, price_per_night, rating, latitude, longitude) VALUES (199, 5, 'Grand Retreat Coorg', 3849, 4.0, 12.374324, 75.495679);
INSERT INTO hotels (hotel_id, destination_id, name, price_per_night, rating, latitude, longitude) VALUES (200, 5, 'Emerald Resort Coorg', 12110, 4.1, 12.373674, 75.473475);
INSERT INTO hotels (hotel_id, destination_id, name, price_per_night, rating, latitude, longitude) VALUES (201, 6, 'Grand Inn Munnar', 13728, 4.2, 10.106365, 77.032621);
INSERT INTO hotels (hotel_id, destination_id, name, price_per_night, rating, latitude, longitude) VALUES (202, 6, 'Valley Lodge Munnar', 1949, 3.7, 10.116195, 77.048828);
INSERT INTO hotels (hotel_id, destination_id, name, price_per_night, rating, latitude, longitude) VALUES (203, 6, 'Royal Suites Munnar', 4481, 3.9, 10.110591, 77.06664);
INSERT INTO hotels (hotel_id, destination_id, name, price_per_night, rating, latitude, longitude) VALUES (204, 6, 'Sunset Suites Munnar', 13041, 4.3, 10.087863, 77.035703);
INSERT INTO hotels (hotel_id, destination_id, name, price_per_night, rating, latitude, longitude) VALUES (205, 6, 'Royal Inn Munnar', 14534, 5.0, 10.108268, 77.053269);
INSERT INTO hotels (hotel_id, destination_id, name, price_per_night, rating, latitude, longitude) VALUES (206, 6, 'Heritage Hotel Munnar', 8685, 5.0, 10.090141, 77.043449);
INSERT INTO hotels (hotel_id, destination_id, name, price_per_night, rating, latitude, longitude) VALUES (207, 6, 'Boutique Inn Munnar', 3977, 4.3, 10.079278, 77.040653);
INSERT INTO hotels (hotel_id, destination_id, name, price_per_night, rating, latitude, longitude) VALUES (208, 6, 'Mountain Inn Munnar', 4682, 4.3, 10.115583, 77.031447);
INSERT INTO hotels (hotel_id, destination_id, name, price_per_night, rating, latitude, longitude) VALUES (209, 6, 'Palm Retreat Munnar', 2910, 4.4, 10.102658, 77.035972);
INSERT INTO hotels (hotel_id, destination_id, name, price_per_night, rating, latitude, longitude) VALUES (210, 6, 'Eco Suites Munnar', 541, 3.3, 10.095005, 77.064766);
INSERT INTO hotels (hotel_id, destination_id, name, price_per_night, rating, latitude, longitude) VALUES (211, 6, 'Palm Retreat Munnar', 4744, 4.2, 10.097, 77.140489);
INSERT INTO hotels (hotel_id, destination_id, name, price_per_night, rating, latitude, longitude) VALUES (212, 6, 'Sunrise Suites Munnar', 679, 3.3, 10.090367, 77.140856);
INSERT INTO hotels (hotel_id, destination_id, name, price_per_night, rating, latitude, longitude) VALUES (213, 6, 'Grand Resort Munnar', 1132, 3.3, 10.092523, 77.109703);
INSERT INTO hotels (hotel_id, destination_id, name, price_per_night, rating, latitude, longitude) VALUES (214, 6, 'Sunrise Lodge Munnar', 3966, 4.1, 10.111395, 77.129202);
INSERT INTO hotels (hotel_id, destination_id, name, price_per_night, rating, latitude, longitude) VALUES (215, 6, 'Mountain Retreat Munnar', 4027, 3.5, 10.109598, 77.109105);
INSERT INTO hotels (hotel_id, destination_id, name, price_per_night, rating, latitude, longitude) VALUES (216, 6, 'Boutique Retreat Munnar', 2663, 3.8, 10.090106, 77.131359);
INSERT INTO hotels (hotel_id, destination_id, name, price_per_night, rating, latitude, longitude) VALUES (217, 6, 'Majestic Retreat Munnar', 4980, 4.5, 10.12375, 77.110744);
INSERT INTO hotels (hotel_id, destination_id, name, price_per_night, rating, latitude, longitude) VALUES (218, 6, 'Classic Resort Munnar', 4454, 3.7, 10.11777, 77.133545);
INSERT INTO hotels (hotel_id, destination_id, name, price_per_night, rating, latitude, longitude) VALUES (219, 6, 'Mountain Suites Munnar', 8559, 4.6, 10.087691, 77.134241);
INSERT INTO hotels (hotel_id, destination_id, name, price_per_night, rating, latitude, longitude) VALUES (220, 6, 'Heritage Suites Munnar', 1400, 3.7, 10.094188, 77.106758);
INSERT INTO hotels (hotel_id, destination_id, name, price_per_night, rating, latitude, longitude) VALUES (221, 6, 'Mountain Resort Munnar', 1300, 3.1, 10.149928, 77.079242);
INSERT INTO hotels (hotel_id, destination_id, name, price_per_night, rating, latitude, longitude) VALUES (222, 6, 'Classic Inn Munnar', 10986, 4.8, 10.158768, 77.06334);
INSERT INTO hotels (hotel_id, destination_id, name, price_per_night, rating, latitude, longitude) VALUES (223, 6, 'Majestic Lodge Munnar', 12249, 4.0, 10.13095, 77.076557);
INSERT INTO hotels (hotel_id, destination_id, name, price_per_night, rating, latitude, longitude) VALUES (224, 6, 'Heritage Lodge Munnar', 7405, 4.5, 10.144772, 77.064096);
INSERT INTO hotels (hotel_id, destination_id, name, price_per_night, rating, latitude, longitude) VALUES (225, 6, 'Royal Lodge Munnar', 4678, 4.3, 10.136067, 77.089233);
INSERT INTO hotels (hotel_id, destination_id, name, price_per_night, rating, latitude, longitude) VALUES (226, 6, 'Premium Suites Munnar', 10020, 4.3, 10.128901, 77.086614);
INSERT INTO hotels (hotel_id, destination_id, name, price_per_night, rating, latitude, longitude) VALUES (227, 6, 'Boutique Hotel Munnar', 12741, 4.2, 10.158847, 77.095954);
INSERT INTO hotels (hotel_id, destination_id, name, price_per_night, rating, latitude, longitude) VALUES (228, 6, 'Premium Hotel Munnar', 1118, 3.8, 10.142071, 77.078316);
INSERT INTO hotels (hotel_id, destination_id, name, price_per_night, rating, latitude, longitude) VALUES (229, 6, 'Heritage Suites Munnar', 5773, 4.1, 10.134293, 77.077864);
INSERT INTO hotels (hotel_id, destination_id, name, price_per_night, rating, latitude, longitude) VALUES (230, 6, 'Emerald Inn Munnar', 12449, 4.8, 10.135999, 77.058848);
INSERT INTO hotels (hotel_id, destination_id, name, price_per_night, rating, latitude, longitude) VALUES (231, 6, 'Palm Resort Munnar', 7767, 4.9, 10.113672, 77.148115);
INSERT INTO hotels (hotel_id, destination_id, name, price_per_night, rating, latitude, longitude) VALUES (232, 6, 'Grand Retreat Munnar', 749, 3.6, 10.121824, 77.165102);
INSERT INTO hotels (hotel_id, destination_id, name, price_per_night, rating, latitude, longitude) VALUES (233, 6, 'Ocean Retreat Munnar', 11815, 5.0, 10.112909, 77.151669);
INSERT INTO hotels (hotel_id, destination_id, name, price_per_night, rating, latitude, longitude) VALUES (234, 6, 'Ocean Resort Munnar', 6914, 4.3, 10.125168, 77.165398);
INSERT INTO hotels (hotel_id, destination_id, name, price_per_night, rating, latitude, longitude) VALUES (235, 6, 'Sunrise Resort Munnar', 7834, 4.4, 10.123519, 77.176671);
INSERT INTO hotels (hotel_id, destination_id, name, price_per_night, rating, latitude, longitude) VALUES (236, 6, 'Premium Retreat Munnar', 5329, 4.7, 10.129649, 77.178355);
INSERT INTO hotels (hotel_id, destination_id, name, price_per_night, rating, latitude, longitude) VALUES (237, 6, 'Emerald Hotel Munnar', 2952, 4.4, 10.108143, 77.171549);
INSERT INTO hotels (hotel_id, destination_id, name, price_per_night, rating, latitude, longitude) VALUES (238, 6, 'Boutique Resort Munnar', 665, 3.0, 10.097044, 77.183147);
INSERT INTO hotels (hotel_id, destination_id, name, price_per_night, rating, latitude, longitude) VALUES (239, 6, 'Eco Lodge Munnar', 11023, 4.5, 10.104162, 77.162246);
INSERT INTO hotels (hotel_id, destination_id, name, price_per_night, rating, latitude, longitude) VALUES (240, 6, 'Valley Retreat Munnar', 2780, 4.1, 10.123664, 77.160832);
INSERT INTO hotels (hotel_id, destination_id, name, price_per_night, rating, latitude, longitude) VALUES (241, 6, 'Majestic Suites Munnar', 9450, 4.5, 10.132635, 77.248468);
INSERT INTO hotels (hotel_id, destination_id, name, price_per_night, rating, latitude, longitude) VALUES (242, 6, 'Royal Suites Munnar', 3280, 4.5, 10.122298, 77.249585);
INSERT INTO hotels (hotel_id, destination_id, name, price_per_night, rating, latitude, longitude) VALUES (243, 6, 'Premium Inn Munnar', 12822, 4.1, 10.140942, 77.258126);
INSERT INTO hotels (hotel_id, destination_id, name, price_per_night, rating, latitude, longitude) VALUES (244, 6, 'Premium Suites Munnar', 895, 3.8, 10.121237, 77.246471);
INSERT INTO hotels (hotel_id, destination_id, name, price_per_night, rating, latitude, longitude) VALUES (245, 6, 'Mountain Retreat Munnar', 1578, 3.1, 10.119067, 77.263486);
INSERT INTO hotels (hotel_id, destination_id, name, price_per_night, rating, latitude, longitude) VALUES (246, 6, 'Ocean Suites Munnar', 12867, 4.6, 10.126092, 77.24827);
INSERT INTO hotels (hotel_id, destination_id, name, price_per_night, rating, latitude, longitude) VALUES (247, 6, 'Eco Retreat Munnar', 8666, 4.1, 10.134568, 77.240882);
INSERT INTO hotels (hotel_id, destination_id, name, price_per_night, rating, latitude, longitude) VALUES (248, 6, 'Ocean Suites Munnar', 3699, 4.2, 10.136262, 77.259694);
INSERT INTO hotels (hotel_id, destination_id, name, price_per_night, rating, latitude, longitude) VALUES (249, 6, 'Imperial Inn Munnar', 8718, 4.7, 10.140906, 77.26224);
INSERT INTO hotels (hotel_id, destination_id, name, price_per_night, rating, latitude, longitude) VALUES (250, 6, 'Blue Hotel Munnar', 9685, 4.8, 10.12348, 77.237213);
INSERT INTO hotels (hotel_id, destination_id, name, price_per_night, rating, latitude, longitude) VALUES (251, 7, 'Premium Resort Kochi', 3506, 4.1, 9.947071, 76.256213);
INSERT INTO hotels (hotel_id, destination_id, name, price_per_night, rating, latitude, longitude) VALUES (252, 7, 'Blue Hotel Kochi', 1776, 3.9, 9.957959, 76.223534);
INSERT INTO hotels (hotel_id, destination_id, name, price_per_night, rating, latitude, longitude) VALUES (253, 7, 'Sunrise Resort Kochi', 5895, 4.5, 9.955556, 76.236615);
INSERT INTO hotels (hotel_id, destination_id, name, price_per_night, rating, latitude, longitude) VALUES (254, 7, 'Grand Lodge Kochi', 1840, 3.4, 9.948808, 76.22838);
INSERT INTO hotels (hotel_id, destination_id, name, price_per_night, rating, latitude, longitude) VALUES (255, 7, 'Palm Suites Kochi', 9458, 4.2, 9.960193, 76.260394);
INSERT INTO hotels (hotel_id, destination_id, name, price_per_night, rating, latitude, longitude) VALUES (256, 7, 'Classic Lodge Kochi', 1015, 3.5, 9.958836, 76.234942);
INSERT INTO hotels (hotel_id, destination_id, name, price_per_night, rating, latitude, longitude) VALUES (257, 7, 'Blue Resort Kochi', 1575, 3.4, 9.953738, 76.247089);
INSERT INTO hotels (hotel_id, destination_id, name, price_per_night, rating, latitude, longitude) VALUES (258, 7, 'Sunset Hotel Kochi', 11110, 4.8, 9.982378, 76.245157);
INSERT INTO hotels (hotel_id, destination_id, name, price_per_night, rating, latitude, longitude) VALUES (259, 7, 'Grand Retreat Kochi', 1352, 3.0, 9.949383, 76.247817);
INSERT INTO hotels (hotel_id, destination_id, name, price_per_night, rating, latitude, longitude) VALUES (260, 7, 'Eco Suites Kochi', 4821, 3.7, 9.963822, 76.222592);
INSERT INTO hotels (hotel_id, destination_id, name, price_per_night, rating, latitude, longitude) VALUES (261, 7, 'Sunrise Hotel Kochi', 4283, 3.7, 9.962554, 76.247616);
INSERT INTO hotels (hotel_id, destination_id, name, price_per_night, rating, latitude, longitude) VALUES (262, 7, 'Classic Suites Kochi', 11933, 4.5, 9.973184, 76.260315);
INSERT INTO hotels (hotel_id, destination_id, name, price_per_night, rating, latitude, longitude) VALUES (263, 7, 'Sunset Retreat Kochi', 1328, 3.9, 9.965398, 76.250669);
INSERT INTO hotels (hotel_id, destination_id, name, price_per_night, rating, latitude, longitude) VALUES (264, 7, 'Emerald Hotel Kochi', 1011, 3.8, 9.975507, 76.26092);
INSERT INTO hotels (hotel_id, destination_id, name, price_per_night, rating, latitude, longitude) VALUES (265, 7, 'Boutique Retreat Kochi', 3945, 4.5, 9.976343, 76.254229);
INSERT INTO hotels (hotel_id, destination_id, name, price_per_night, rating, latitude, longitude) VALUES (266, 7, 'Ocean Resort Kochi', 1647, 4.0, 9.952856, 76.267739);
INSERT INTO hotels (hotel_id, destination_id, name, price_per_night, rating, latitude, longitude) VALUES (267, 7, 'Classic Hotel Kochi', 1389, 3.4, 9.949728, 76.274811);
INSERT INTO hotels (hotel_id, destination_id, name, price_per_night, rating, latitude, longitude) VALUES (268, 7, 'Eco Retreat Kochi', 12811, 4.7, 9.9687, 76.266843);
INSERT INTO hotels (hotel_id, destination_id, name, price_per_night, rating, latitude, longitude) VALUES (269, 7, 'Grand Inn Kochi', 6126, 4.6, 9.972083, 76.262787);
INSERT INTO hotels (hotel_id, destination_id, name, price_per_night, rating, latitude, longitude) VALUES (270, 7, 'Blue Suites Kochi', 942, 3.9, 9.977544, 76.273363);
INSERT INTO hotels (hotel_id, destination_id, name, price_per_night, rating, latitude, longitude) VALUES (271, 7, 'Palm Lodge Kochi', 1424, 3.2, 9.978189, 76.232553);
INSERT INTO hotels (hotel_id, destination_id, name, price_per_night, rating, latitude, longitude) VALUES (272, 7, 'Royal Hotel Kochi', 5986, 4.7, 9.972007, 76.22949);
INSERT INTO hotels (hotel_id, destination_id, name, price_per_night, rating, latitude, longitude) VALUES (273, 7, 'Mountain Lodge Kochi', 1763, 3.2, 9.963792, 76.249828);
INSERT INTO hotels (hotel_id, destination_id, name, price_per_night, rating, latitude, longitude) VALUES (274, 7, 'Valley Lodge Kochi', 1167, 3.5, 9.971709, 76.256033);
INSERT INTO hotels (hotel_id, destination_id, name, price_per_night, rating, latitude, longitude) VALUES (275, 7, 'Boutique Inn Kochi', 9062, 4.8, 9.967589, 76.254552);
INSERT INTO hotels (hotel_id, destination_id, name, price_per_night, rating, latitude, longitude) VALUES (276, 7, 'Ocean Lodge Kochi', 2069, 4.3, 9.951883, 76.222718);
INSERT INTO hotels (hotel_id, destination_id, name, price_per_night, rating, latitude, longitude) VALUES (277, 7, 'Eco Inn Kochi', 1628, 3.8, 9.969584, 76.253085);
INSERT INTO hotels (hotel_id, destination_id, name, price_per_night, rating, latitude, longitude) VALUES (278, 7, 'Imperial Retreat Kochi', 786, 4.0, 9.965324, 76.247205);
INSERT INTO hotels (hotel_id, destination_id, name, price_per_night, rating, latitude, longitude) VALUES (279, 7, 'Valley Hotel Kochi', 2833, 4.1, 9.948824, 76.237209);
INSERT INTO hotels (hotel_id, destination_id, name, price_per_night, rating, latitude, longitude) VALUES (280, 7, 'Emerald Lodge Kochi', 9568, 4.9, 9.956983, 76.252887);
INSERT INTO hotels (hotel_id, destination_id, name, price_per_night, rating, latitude, longitude) VALUES (281, 7, 'Premium Resort Kochi', 2376, 3.7, 9.972529, 76.276172);
INSERT INTO hotels (hotel_id, destination_id, name, price_per_night, rating, latitude, longitude) VALUES (282, 7, 'Grand Resort Kochi', 3741, 4.1, 9.945728, 76.254354);
INSERT INTO hotels (hotel_id, destination_id, name, price_per_night, rating, latitude, longitude) VALUES (283, 7, 'Royal Inn Kochi', 10127, 4.3, 9.963869, 76.245212);
INSERT INTO hotels (hotel_id, destination_id, name, price_per_night, rating, latitude, longitude) VALUES (284, 7, 'Classic Inn Kochi', 1319, 3.2, 9.972099, 76.245794);
INSERT INTO hotels (hotel_id, destination_id, name, price_per_night, rating, latitude, longitude) VALUES (285, 7, 'Premium Hotel Kochi', 3967, 4.3, 9.951699, 76.251511);
INSERT INTO hotels (hotel_id, destination_id, name, price_per_night, rating, latitude, longitude) VALUES (286, 7, 'Imperial Hotel Kochi', 2350, 4.4, 9.972594, 76.259766);
INSERT INTO hotels (hotel_id, destination_id, name, price_per_night, rating, latitude, longitude) VALUES (287, 7, 'Premium Lodge Kochi', 1217, 3.3, 9.938511, 76.246063);
INSERT INTO hotels (hotel_id, destination_id, name, price_per_night, rating, latitude, longitude) VALUES (288, 7, 'Sunrise Suites Kochi', 2850, 4.2, 9.959127, 76.273476);
INSERT INTO hotels (hotel_id, destination_id, name, price_per_night, rating, latitude, longitude) VALUES (289, 7, 'Valley Retreat Kochi', 1228, 3.6, 9.940368, 76.278562);
INSERT INTO hotels (hotel_id, destination_id, name, price_per_night, rating, latitude, longitude) VALUES (290, 7, 'Emerald Lodge Kochi', 3188, 3.8, 9.939926, 76.276343);
INSERT INTO hotels (hotel_id, destination_id, name, price_per_night, rating, latitude, longitude) VALUES (291, 7, 'Palm Lodge Kochi', 12160, 4.3, 9.964964, 76.294219);
INSERT INTO hotels (hotel_id, destination_id, name, price_per_night, rating, latitude, longitude) VALUES (292, 7, 'Imperial Lodge Kochi', 1135, 3.9, 9.974386, 76.28744);
INSERT INTO hotels (hotel_id, destination_id, name, price_per_night, rating, latitude, longitude) VALUES (293, 7, 'Palm Resort Kochi', 1522, 3.9, 9.997769, 76.272796);
INSERT INTO hotels (hotel_id, destination_id, name, price_per_night, rating, latitude, longitude) VALUES (294, 7, 'Emerald Lodge Kochi', 1991, 3.3, 9.98247, 76.265662);
INSERT INTO hotels (hotel_id, destination_id, name, price_per_night, rating, latitude, longitude) VALUES (295, 7, 'Boutique Resort Kochi', 1013, 3.4, 9.98079, 76.290371);
INSERT INTO hotels (hotel_id, destination_id, name, price_per_night, rating, latitude, longitude) VALUES (296, 7, 'Classic Hotel Kochi', 1337, 3.7, 9.987308, 76.282776);
INSERT INTO hotels (hotel_id, destination_id, name, price_per_night, rating, latitude, longitude) VALUES (297, 7, 'Heritage Inn Kochi', 4689, 4.2, 9.963114, 76.290222);
INSERT INTO hotels (hotel_id, destination_id, name, price_per_night, rating, latitude, longitude) VALUES (298, 7, 'Majestic Inn Kochi', 1496, 3.8, 9.991763, 76.285246);
INSERT INTO hotels (hotel_id, destination_id, name, price_per_night, rating, latitude, longitude) VALUES (299, 7, 'Palm Resort Kochi', 12723, 4.5, 9.971993, 76.295053);
INSERT INTO hotels (hotel_id, destination_id, name, price_per_night, rating, latitude, longitude) VALUES (300, 7, 'Valley Suites Kochi', 1393, 3.9, 9.990122, 76.258074);
INSERT INTO hotels (hotel_id, destination_id, name, price_per_night, rating, latitude, longitude) VALUES (301, 8, 'Sunrise Lodge Alleppey', 10196, 5.0, 9.495037, 76.340567);
INSERT INTO hotels (hotel_id, destination_id, name, price_per_night, rating, latitude, longitude) VALUES (302, 8, 'Majestic Suites Alleppey', 855, 3.2, 9.479649, 76.323647);
INSERT INTO hotels (hotel_id, destination_id, name, price_per_night, rating, latitude, longitude) VALUES (303, 8, 'Emerald Inn Alleppey', 4260, 4.3, 9.485117, 76.339636);
INSERT INTO hotels (hotel_id, destination_id, name, price_per_night, rating, latitude, longitude) VALUES (304, 8, 'Valley Retreat Alleppey', 13991, 4.8, 9.508145, 76.319792);
INSERT INTO hotels (hotel_id, destination_id, name, price_per_night, rating, latitude, longitude) VALUES (305, 8, 'Emerald Retreat Alleppey', 4913, 4.5, 9.487413, 76.354251);
INSERT INTO hotels (hotel_id, destination_id, name, price_per_night, rating, latitude, longitude) VALUES (306, 8, 'Majestic Hotel Alleppey', 2017, 3.7, 9.501543, 76.356472);
INSERT INTO hotels (hotel_id, destination_id, name, price_per_night, rating, latitude, longitude) VALUES (307, 8, 'Premium Resort Alleppey', 3557, 4.1, 9.512761, 76.325674);
INSERT INTO hotels (hotel_id, destination_id, name, price_per_night, rating, latitude, longitude) VALUES (308, 8, 'Royal Resort Alleppey', 3298, 4.4, 9.478773, 76.339292);
INSERT INTO hotels (hotel_id, destination_id, name, price_per_night, rating, latitude, longitude) VALUES (309, 8, 'Imperial Lodge Alleppey', 549, 3.5, 9.498523, 76.347276);
INSERT INTO hotels (hotel_id, destination_id, name, price_per_night, rating, latitude, longitude) VALUES (310, 8, 'Valley Lodge Alleppey', 6457, 4.6, 9.489756, 76.347271);
INSERT INTO hotels (hotel_id, destination_id, name, price_per_night, rating, latitude, longitude) VALUES (311, 8, 'Eco Resort Alleppey', 10619, 4.6, 9.593755, 76.294935);
INSERT INTO hotels (hotel_id, destination_id, name, price_per_night, rating, latitude, longitude) VALUES (312, 8, 'Boutique Inn Alleppey', 7590, 4.2, 9.616032, 76.280208);
INSERT INTO hotels (hotel_id, destination_id, name, price_per_night, rating, latitude, longitude) VALUES (313, 8, 'Eco Lodge Alleppey', 2267, 4.4, 9.584683, 76.288103);
INSERT INTO hotels (hotel_id, destination_id, name, price_per_night, rating, latitude, longitude) VALUES (314, 8, 'Majestic Retreat Alleppey', 3831, 4.3, 9.579118, 76.30038);
INSERT INTO hotels (hotel_id, destination_id, name, price_per_night, rating, latitude, longitude) VALUES (315, 8, 'Classic Hotel Alleppey', 4494, 4.5, 9.614657, 76.299452);
INSERT INTO hotels (hotel_id, destination_id, name, price_per_night, rating, latitude, longitude) VALUES (316, 8, 'Palm Resort Alleppey', 3201, 4.5, 9.577509, 76.282981);
INSERT INTO hotels (hotel_id, destination_id, name, price_per_night, rating, latitude, longitude) VALUES (317, 8, 'Grand Resort Alleppey', 7972, 4.8, 9.588935, 76.287464);
INSERT INTO hotels (hotel_id, destination_id, name, price_per_night, rating, latitude, longitude) VALUES (318, 8, 'Boutique Suites Alleppey', 8229, 4.4, 9.605829, 76.299348);
INSERT INTO hotels (hotel_id, destination_id, name, price_per_night, rating, latitude, longitude) VALUES (319, 8, 'Premium Inn Alleppey', 8572, 4.9, 9.600155, 76.29785);
INSERT INTO hotels (hotel_id, destination_id, name, price_per_night, rating, latitude, longitude) VALUES (320, 8, 'Blue Suites Alleppey', 8440, 4.9, 9.584373, 76.304279);
INSERT INTO hotels (hotel_id, destination_id, name, price_per_night, rating, latitude, longitude) VALUES (321, 8, 'Premium Suites Alleppey', 3386, 3.7, 9.480771, 76.318347);
INSERT INTO hotels (hotel_id, destination_id, name, price_per_night, rating, latitude, longitude) VALUES (322, 8, 'Grand Hotel Alleppey', 12715, 4.6, 9.49487, 76.300375);
INSERT INTO hotels (hotel_id, destination_id, name, price_per_night, rating, latitude, longitude) VALUES (323, 8, 'Grand Retreat Alleppey', 1622, 3.1, 9.490966, 76.330479);
INSERT INTO hotels (hotel_id, destination_id, name, price_per_night, rating, latitude, longitude) VALUES (324, 8, 'Boutique Suites Alleppey', 8305, 4.3, 9.479046, 76.327124);
INSERT INTO hotels (hotel_id, destination_id, name, price_per_night, rating, latitude, longitude) VALUES (325, 8, 'Boutique Retreat Alleppey', 9248, 5.0, 9.477821, 76.326824);
INSERT INTO hotels (hotel_id, destination_id, name, price_per_night, rating, latitude, longitude) VALUES (326, 8, 'Mountain Retreat Alleppey', 10275, 4.4, 9.479844, 76.332831);
INSERT INTO hotels (hotel_id, destination_id, name, price_per_night, rating, latitude, longitude) VALUES (327, 8, 'Sunset Hotel Alleppey', 2036, 3.6, 9.485858, 76.312311);
INSERT INTO hotels (hotel_id, destination_id, name, price_per_night, rating, latitude, longitude) VALUES (328, 8, 'Grand Hotel Alleppey', 6451, 4.1, 9.501465, 76.31325);
INSERT INTO hotels (hotel_id, destination_id, name, price_per_night, rating, latitude, longitude) VALUES (329, 8, 'Majestic Suites Alleppey', 6066, 4.7, 9.495549, 76.311502);
INSERT INTO hotels (hotel_id, destination_id, name, price_per_night, rating, latitude, longitude) VALUES (330, 8, 'Blue Suites Alleppey', 998, 3.4, 9.476409, 76.316966);
INSERT INTO hotels (hotel_id, destination_id, name, price_per_night, rating, latitude, longitude) VALUES (331, 8, 'Ocean Lodge Alleppey', 9271, 4.1, 9.590324, 76.401694);
INSERT INTO hotels (hotel_id, destination_id, name, price_per_night, rating, latitude, longitude) VALUES (332, 8, 'Premium Lodge Alleppey', 2011, 3.6, 9.587434, 76.431197);
INSERT INTO hotels (hotel_id, destination_id, name, price_per_night, rating, latitude, longitude) VALUES (333, 8, 'Mountain Inn Alleppey', 1339, 3.9, 9.573791, 76.429924);
INSERT INTO hotels (hotel_id, destination_id, name, price_per_night, rating, latitude, longitude) VALUES (334, 8, 'Emerald Retreat Alleppey', 1589, 4.0, 9.591441, 76.397543);
INSERT INTO hotels (hotel_id, destination_id, name, price_per_night, rating, latitude, longitude) VALUES (335, 8, 'Premium Hotel Alleppey', 1070, 3.2, 9.567392, 76.412737);
INSERT INTO hotels (hotel_id, destination_id, name, price_per_night, rating, latitude, longitude) VALUES (336, 8, 'Grand Retreat Alleppey', 8791, 5.0, 9.597897, 76.43117);
INSERT INTO hotels (hotel_id, destination_id, name, price_per_night, rating, latitude, longitude) VALUES (337, 8, 'Eco Inn Alleppey', 4140, 3.7, 9.60277, 76.431797);
INSERT INTO hotels (hotel_id, destination_id, name, price_per_night, rating, latitude, longitude) VALUES (338, 8, 'Ocean Hotel Alleppey', 1872, 3.8, 9.567296, 76.3968);
INSERT INTO hotels (hotel_id, destination_id, name, price_per_night, rating, latitude, longitude) VALUES (339, 8, 'Imperial Retreat Alleppey', 3326, 4.1, 9.566221, 76.414382);
INSERT INTO hotels (hotel_id, destination_id, name, price_per_night, rating, latitude, longitude) VALUES (340, 8, 'Royal Inn Alleppey', 10742, 4.3, 9.579344, 76.422084);
INSERT INTO hotels (hotel_id, destination_id, name, price_per_night, rating, latitude, longitude) VALUES (341, 9, 'Eco Inn Wayanad', 2393, 3.9, 11.619253, 76.243474);
INSERT INTO hotels (hotel_id, destination_id, name, price_per_night, rating, latitude, longitude) VALUES (342, 9, 'Emerald Hotel Wayanad', 4063, 3.8, 11.636605, 76.236969);
INSERT INTO hotels (hotel_id, destination_id, name, price_per_night, rating, latitude, longitude) VALUES (343, 9, 'Boutique Suites Wayanad', 12023, 4.6, 11.646048, 76.246786);
INSERT INTO hotels (hotel_id, destination_id, name, price_per_night, rating, latitude, longitude) VALUES (344, 9, 'Premium Retreat Wayanad', 3325, 4.1, 11.626835, 76.253342);
INSERT INTO hotels (hotel_id, destination_id, name, price_per_night, rating, latitude, longitude) VALUES (345, 9, 'Boutique Hotel Wayanad', 2570, 3.8, 11.617986, 76.2197);
INSERT INTO hotels (hotel_id, destination_id, name, price_per_night, rating, latitude, longitude) VALUES (346, 9, 'Ocean Suites Wayanad', 12067, 4.9, 11.610278, 76.243782);
INSERT INTO hotels (hotel_id, destination_id, name, price_per_night, rating, latitude, longitude) VALUES (347, 9, 'Heritage Retreat Wayanad', 3219, 4.3, 11.630127, 76.236215);
INSERT INTO hotels (hotel_id, destination_id, name, price_per_night, rating, latitude, longitude) VALUES (348, 9, 'Grand Inn Wayanad', 2561, 3.8, 11.618093, 76.226337);
INSERT INTO hotels (hotel_id, destination_id, name, price_per_night, rating, latitude, longitude) VALUES (349, 9, 'Imperial Lodge Wayanad', 6149, 4.1, 11.636776, 76.228407);
INSERT INTO hotels (hotel_id, destination_id, name, price_per_night, rating, latitude, longitude) VALUES (350, 9, 'Imperial Hotel Wayanad', 1943, 3.4, 11.618295, 76.235653);
INSERT INTO hotels (hotel_id, destination_id, name, price_per_night, rating, latitude, longitude) VALUES (351, 9, 'Royal Inn Wayanad', 7903, 4.8, 11.664345, 75.973685);
INSERT INTO hotels (hotel_id, destination_id, name, price_per_night, rating, latitude, longitude) VALUES (352, 9, 'Ocean Resort Wayanad', 11010, 4.4, 11.656127, 75.958862);
INSERT INTO hotels (hotel_id, destination_id, name, price_per_night, rating, latitude, longitude) VALUES (353, 9, 'Grand Suites Wayanad', 553, 3.3, 11.666272, 75.936062);
INSERT INTO hotels (hotel_id, destination_id, name, price_per_night, rating, latitude, longitude) VALUES (354, 9, 'Grand Resort Wayanad', 2612, 4.2, 11.656109, 75.962535);
INSERT INTO hotels (hotel_id, destination_id, name, price_per_night, rating, latitude, longitude) VALUES (355, 9, 'Mountain Retreat Wayanad', 4624, 3.8, 11.686744, 75.943215);
INSERT INTO hotels (hotel_id, destination_id, name, price_per_night, rating, latitude, longitude) VALUES (356, 9, 'Ocean Hotel Wayanad', 3055, 4.1, 11.651854, 75.971177);
INSERT INTO hotels (hotel_id, destination_id, name, price_per_night, rating, latitude, longitude) VALUES (357, 9, 'Royal Resort Wayanad', 12365, 4.7, 11.680888, 75.945976);
INSERT INTO hotels (hotel_id, destination_id, name, price_per_night, rating, latitude, longitude) VALUES (358, 9, 'Valley Lodge Wayanad', 1078, 3.3, 11.662007, 75.975251);
INSERT INTO hotels (hotel_id, destination_id, name, price_per_night, rating, latitude, longitude) VALUES (359, 9, 'Grand Suites Wayanad', 5406, 4.6, 11.669944, 75.94138);
INSERT INTO hotels (hotel_id, destination_id, name, price_per_night, rating, latitude, longitude) VALUES (360, 9, 'Valley Resort Wayanad', 14457, 4.6, 11.686505, 75.947742);
INSERT INTO hotels (hotel_id, destination_id, name, price_per_night, rating, latitude, longitude) VALUES (361, 9, 'Mountain Inn Wayanad', 8658, 4.4, 11.542964, 76.086508);
INSERT INTO hotels (hotel_id, destination_id, name, price_per_night, rating, latitude, longitude) VALUES (362, 9, 'Royal Retreat Wayanad', 11830, 4.0, 11.548183, 76.073671);
INSERT INTO hotels (hotel_id, destination_id, name, price_per_night, rating, latitude, longitude) VALUES (363, 9, 'Palm Suites Wayanad', 656, 3.9, 11.549361, 76.08273);
INSERT INTO hotels (hotel_id, destination_id, name, price_per_night, rating, latitude, longitude) VALUES (364, 9, 'Blue Suites Wayanad', 2340, 4.2, 11.567745, 76.103915);
INSERT INTO hotels (hotel_id, destination_id, name, price_per_night, rating, latitude, longitude) VALUES (365, 9, 'Valley Hotel Wayanad', 5333, 4.8, 11.566805, 76.091617);
INSERT INTO hotels (hotel_id, destination_id, name, price_per_night, rating, latitude, longitude) VALUES (366, 9, 'Premium Inn Wayanad', 14096, 4.5, 11.534473, 76.103044);
INSERT INTO hotels (hotel_id, destination_id, name, price_per_night, rating, latitude, longitude) VALUES (367, 9, 'Blue Inn Wayanad', 8486, 4.5, 11.571257, 76.082164);
INSERT INTO hotels (hotel_id, destination_id, name, price_per_night, rating, latitude, longitude) VALUES (368, 9, 'Grand Lodge Wayanad', 4215, 4.2, 11.536364, 76.088313);
INSERT INTO hotels (hotel_id, destination_id, name, price_per_night, rating, latitude, longitude) VALUES (369, 9, 'Premium Retreat Wayanad', 10481, 4.0, 11.549673, 76.071192);
INSERT INTO hotels (hotel_id, destination_id, name, price_per_night, rating, latitude, longitude) VALUES (370, 9, 'Imperial Lodge Wayanad', 13967, 4.4, 11.56641, 76.077742);
INSERT INTO hotels (hotel_id, destination_id, name, price_per_night, rating, latitude, longitude) VALUES (371, 10, 'Sunset Resort Thiruvananthapuram', 1860, 3.3, 8.502605, 76.925602);
INSERT INTO hotels (hotel_id, destination_id, name, price_per_night, rating, latitude, longitude) VALUES (372, 10, 'Valley Retreat Thiruvananthapuram', 1965, 3.7, 8.474427, 76.961235);
INSERT INTO hotels (hotel_id, destination_id, name, price_per_night, rating, latitude, longitude) VALUES (373, 10, 'Boutique Resort Thiruvananthapuram', 14465, 4.6, 8.502324, 76.963024);
INSERT INTO hotels (hotel_id, destination_id, name, price_per_night, rating, latitude, longitude) VALUES (374, 10, 'Classic Hotel Thiruvananthapuram', 1997, 3.6, 8.48096, 76.930309);
INSERT INTO hotels (hotel_id, destination_id, name, price_per_night, rating, latitude, longitude) VALUES (375, 10, 'Majestic Lodge Thiruvananthapuram', 1026, 3.8, 8.487254, 76.92907);
INSERT INTO hotels (hotel_id, destination_id, name, price_per_night, rating, latitude, longitude) VALUES (376, 10, 'Valley Lodge Thiruvananthapuram', 1576, 3.2, 8.463391, 76.935469);
INSERT INTO hotels (hotel_id, destination_id, name, price_per_night, rating, latitude, longitude) VALUES (377, 10, 'Emerald Resort Thiruvananthapuram', 816, 3.1, 8.483512, 76.923602);
INSERT INTO hotels (hotel_id, destination_id, name, price_per_night, rating, latitude, longitude) VALUES (378, 10, 'Boutique Hotel Thiruvananthapuram', 3895, 3.7, 8.497273, 76.928916);
INSERT INTO hotels (hotel_id, destination_id, name, price_per_night, rating, latitude, longitude) VALUES (379, 10, 'Valley Suites Thiruvananthapuram', 3545, 4.4, 8.470668, 76.951758);
INSERT INTO hotels (hotel_id, destination_id, name, price_per_night, rating, latitude, longitude) VALUES (380, 10, 'Emerald Hotel Thiruvananthapuram', 1128, 3.1, 8.483889, 76.941269);
INSERT INTO hotels (hotel_id, destination_id, name, price_per_night, rating, latitude, longitude) VALUES (381, 10, 'Eco Hotel Thiruvananthapuram', 1018, 3.6, 8.506641, 76.973705);
INSERT INTO hotels (hotel_id, destination_id, name, price_per_night, rating, latitude, longitude) VALUES (382, 10, 'Palm Lodge Thiruvananthapuram', 609, 3.8, 8.490344, 76.945094);
INSERT INTO hotels (hotel_id, destination_id, name, price_per_night, rating, latitude, longitude) VALUES (383, 10, 'Heritage Inn Thiruvananthapuram', 861, 3.7, 8.498468, 76.947846);
INSERT INTO hotels (hotel_id, destination_id, name, price_per_night, rating, latitude, longitude) VALUES (384, 10, 'Majestic Inn Thiruvananthapuram', 8319, 4.7, 8.520157, 76.957148);
INSERT INTO hotels (hotel_id, destination_id, name, price_per_night, rating, latitude, longitude) VALUES (385, 10, 'Sunset Hotel Thiruvananthapuram', 7636, 4.7, 8.524943, 76.968138);
INSERT INTO hotels (hotel_id, destination_id, name, price_per_night, rating, latitude, longitude) VALUES (386, 10, 'Imperial Lodge Thiruvananthapuram', 3602, 3.6, 8.519331, 76.966945);
INSERT INTO hotels (hotel_id, destination_id, name, price_per_night, rating, latitude, longitude) VALUES (387, 10, 'Sunset Suites Thiruvananthapuram', 1411, 3.1, 8.50624, 76.958499);
INSERT INTO hotels (hotel_id, destination_id, name, price_per_night, rating, latitude, longitude) VALUES (388, 10, 'Emerald Lodge Thiruvananthapuram', 3159, 4.4, 8.496942, 76.966977);
INSERT INTO hotels (hotel_id, destination_id, name, price_per_night, rating, latitude, longitude) VALUES (389, 10, 'Valley Retreat Thiruvananthapuram', 2061, 4.5, 8.514248, 76.954975);
INSERT INTO hotels (hotel_id, destination_id, name, price_per_night, rating, latitude, longitude) VALUES (390, 10, 'Classic Lodge Thiruvananthapuram', 6045, 5.0, 8.516801, 76.938014);
INSERT INTO hotels (hotel_id, destination_id, name, price_per_night, rating, latitude, longitude) VALUES (391, 10, 'Majestic Retreat Thiruvananthapuram', 13814, 4.6, 8.402467, 76.992751);
INSERT INTO hotels (hotel_id, destination_id, name, price_per_night, rating, latitude, longitude) VALUES (392, 10, 'Majestic Retreat Thiruvananthapuram', 1963, 4.0, 8.414742, 76.990529);
INSERT INTO hotels (hotel_id, destination_id, name, price_per_night, rating, latitude, longitude) VALUES (393, 10, 'Blue Suites Thiruvananthapuram', 723, 3.7, 8.411892, 76.993056);
INSERT INTO hotels (hotel_id, destination_id, name, price_per_night, rating, latitude, longitude) VALUES (394, 10, 'Valley Lodge Thiruvananthapuram', 2144, 4.2, 8.38683, 76.972237);
INSERT INTO hotels (hotel_id, destination_id, name, price_per_night, rating, latitude, longitude) VALUES (395, 10, 'Imperial Resort Thiruvananthapuram', 11757, 4.6, 8.40561, 76.972991);
INSERT INTO hotels (hotel_id, destination_id, name, price_per_night, rating, latitude, longitude) VALUES (396, 10, 'Boutique Resort Thiruvananthapuram', 2434, 4.0, 8.385177, 76.983207);
INSERT INTO hotels (hotel_id, destination_id, name, price_per_night, rating, latitude, longitude) VALUES (397, 10, 'Eco Lodge Thiruvananthapuram', 3110, 4.3, 8.399124, 76.999095);
INSERT INTO hotels (hotel_id, destination_id, name, price_per_night, rating, latitude, longitude) VALUES (398, 10, 'Ocean Retreat Thiruvananthapuram', 2292, 4.1, 8.409686, 76.975551);
INSERT INTO hotels (hotel_id, destination_id, name, price_per_night, rating, latitude, longitude) VALUES (399, 10, 'Boutique Retreat Thiruvananthapuram', 11444, 5.0, 8.387974, 76.990219);
INSERT INTO hotels (hotel_id, destination_id, name, price_per_night, rating, latitude, longitude) VALUES (400, 10, 'Eco Inn Thiruvananthapuram', 1436, 3.9, 8.402986, 76.961681);

-- Insert places
INSERT INTO places (place_id, destination_id, name, latitude, longitude, entry_fee, avg_visit_time) VALUES (1, 1, 'Lalbagh Botanical Garden', 12.9507, 77.5848, 25, 120);
INSERT INTO places (place_id, destination_id, name, latitude, longitude, entry_fee, avg_visit_time) VALUES (2, 1, 'Cubbon Park', 12.9779, 77.5952, 0, 90);
INSERT INTO places (place_id, destination_id, name, latitude, longitude, entry_fee, avg_visit_time) VALUES (3, 1, 'Bangalore Palace', 12.9988, 77.5921, 230, 120);
INSERT INTO places (place_id, destination_id, name, latitude, longitude, entry_fee, avg_visit_time) VALUES (4, 1, 'Nandi Hills', 13.3702, 77.6828, 20, 180);
INSERT INTO places (place_id, destination_id, name, latitude, longitude, entry_fee, avg_visit_time) VALUES (5, 1, 'Vidhana Soudha', 12.9796, 77.5906, 0, 60);
INSERT INTO places (place_id, destination_id, name, latitude, longitude, entry_fee, avg_visit_time) VALUES (6, 2, 'Mysore Palace', 12.3051, 76.6551, 70, 150);
INSERT INTO places (place_id, destination_id, name, latitude, longitude, entry_fee, avg_visit_time) VALUES (7, 2, 'Chamundi Hills', 12.2741, 76.6713, 0, 120);
INSERT INTO places (place_id, destination_id, name, latitude, longitude, entry_fee, avg_visit_time) VALUES (8, 2, 'Brindavan Gardens', 12.4244, 76.5746, 50, 120);
INSERT INTO places (place_id, destination_id, name, latitude, longitude, entry_fee, avg_visit_time) VALUES (9, 2, 'Mysore Zoo', 12.3023, 76.6644, 100, 180);
INSERT INTO places (place_id, destination_id, name, latitude, longitude, entry_fee, avg_visit_time) VALUES (10, 3, 'Virupaksha Temple', 15.336, 76.4593, 0, 90);
INSERT INTO places (place_id, destination_id, name, latitude, longitude, entry_fee, avg_visit_time) VALUES (11, 3, 'Vittala Temple', 15.3396, 76.4727, 40, 120);
INSERT INTO places (place_id, destination_id, name, latitude, longitude, entry_fee, avg_visit_time) VALUES (12, 3, 'Matanga Hill', 15.333, 76.4673, 0, 120);
INSERT INTO places (place_id, destination_id, name, latitude, longitude, entry_fee, avg_visit_time) VALUES (13, 3, 'Hampi Bazaar', 15.3355, 76.461, 0, 60);
INSERT INTO places (place_id, destination_id, name, latitude, longitude, entry_fee, avg_visit_time) VALUES (14, 4, 'Om Beach', 14.519, 74.3168, 0, 180);
INSERT INTO places (place_id, destination_id, name, latitude, longitude, entry_fee, avg_visit_time) VALUES (15, 4, 'Kudle Beach', 14.5262, 74.315, 0, 180);
INSERT INTO places (place_id, destination_id, name, latitude, longitude, entry_fee, avg_visit_time) VALUES (16, 4, 'Mahabaleshwar Temple', 14.5376, 74.3181, 0, 60);
INSERT INTO places (place_id, destination_id, name, latitude, longitude, entry_fee, avg_visit_time) VALUES (17, 5, 'Abbey Falls', 12.4633, 75.718, 15, 60);
INSERT INTO places (place_id, destination_id, name, latitude, longitude, entry_fee, avg_visit_time) VALUES (18, 5, 'Raja''s Seat', 12.4172, 75.7364, 20, 60);
INSERT INTO places (place_id, destination_id, name, latitude, longitude, entry_fee, avg_visit_time) VALUES (19, 5, 'Dubare Elephant Camp', 12.3667, 75.85, 100, 150);
INSERT INTO places (place_id, destination_id, name, latitude, longitude, entry_fee, avg_visit_time) VALUES (20, 5, 'Talakaveri', 12.3842, 75.4912, 0, 90);
INSERT INTO places (place_id, destination_id, name, latitude, longitude, entry_fee, avg_visit_time) VALUES (21, 6, 'Tea Museum', 10.0983, 77.0494, 100, 90);
INSERT INTO places (place_id, destination_id, name, latitude, longitude, entry_fee, avg_visit_time) VALUES (22, 6, 'Mattupetty Dam', 10.1065, 77.1235, 10, 90);
INSERT INTO places (place_id, destination_id, name, latitude, longitude, entry_fee, avg_visit_time) VALUES (23, 6, 'Eravikulam National Park', 10.1416, 77.0784, 120, 180);
INSERT INTO places (place_id, destination_id, name, latitude, longitude, entry_fee, avg_visit_time) VALUES (24, 6, 'Echo Point', 10.1132, 77.1643, 0, 60);
INSERT INTO places (place_id, destination_id, name, latitude, longitude, entry_fee, avg_visit_time) VALUES (25, 6, 'Top Station', 10.1238, 77.2435, 0, 120);
INSERT INTO places (place_id, destination_id, name, latitude, longitude, entry_fee, avg_visit_time) VALUES (26, 7, 'Fort Kochi', 9.9658, 76.2421, 0, 180);
INSERT INTO places (place_id, destination_id, name, latitude, longitude, entry_fee, avg_visit_time) VALUES (27, 7, 'Mattancherry Palace', 9.9583, 76.2595, 10, 60);
INSERT INTO places (place_id, destination_id, name, latitude, longitude, entry_fee, avg_visit_time) VALUES (28, 7, 'Chinese Fishing Nets', 9.9673, 76.2425, 0, 60);
INSERT INTO places (place_id, destination_id, name, latitude, longitude, entry_fee, avg_visit_time) VALUES (29, 7, 'Jewish Synagogue', 9.9576, 76.2597, 5, 45);
INSERT INTO places (place_id, destination_id, name, latitude, longitude, entry_fee, avg_visit_time) VALUES (30, 7, 'Marine Drive', 9.9806, 76.2755, 0, 90);
INSERT INTO places (place_id, destination_id, name, latitude, longitude, entry_fee, avg_visit_time) VALUES (31, 8, 'Alleppey Backwaters', 9.4981, 76.3388, NULL, 240);
INSERT INTO places (place_id, destination_id, name, latitude, longitude, entry_fee, avg_visit_time) VALUES (32, 8, 'Marari Beach', 9.5966, 76.2995, 0, 180);
INSERT INTO places (place_id, destination_id, name, latitude, longitude, entry_fee, avg_visit_time) VALUES (33, 8, 'Alappuzha Beach', 9.493, 76.318, 0, 120);
INSERT INTO places (place_id, destination_id, name, latitude, longitude, entry_fee, avg_visit_time) VALUES (34, 8, 'Vembanad Lake', 9.5833, 76.4167, NULL, 180);
INSERT INTO places (place_id, destination_id, name, latitude, longitude, entry_fee, avg_visit_time) VALUES (35, 9, 'Edakkal Caves', 11.6276, 76.2343, 40, 120);
INSERT INTO places (place_id, destination_id, name, latitude, longitude, entry_fee, avg_visit_time) VALUES (36, 9, 'Banasura Sagar Dam', 11.6669, 75.9553, 20, 120);
INSERT INTO places (place_id, destination_id, name, latitude, longitude, entry_fee, avg_visit_time) VALUES (37, 9, 'Chembra Peak', 11.5517, 76.085, 750, 240);
INSERT INTO places (place_id, destination_id, name, latitude, longitude, entry_fee, avg_visit_time) VALUES (38, 10, 'Padmanabhaswamy Temple', 8.4831, 76.9436, 0, 120);
INSERT INTO places (place_id, destination_id, name, latitude, longitude, entry_fee, avg_visit_time) VALUES (39, 10, 'Napier Museum', 8.5088, 76.955, 20, 90);
INSERT INTO places (place_id, destination_id, name, latitude, longitude, entry_fee, avg_visit_time) VALUES (40, 10, 'Kovalam Beach', 8.3988, 76.9807, 0, 180);

-- Reset sequences
SELECT setval('destinations_destination_id_seq', 11);
SELECT setval('hotels_hotel_id_seq', 401);
SELECT setval('places_place_id_seq', 41);
